Comparison stage no.,data//output//runtimePerformance//SPEA2//SolutionSetSize200//,data//output//runtimePerformance//NSGA2//SolutionSetSize200//,data//output//runtimePerformance//GDE3//SolutionSetSize200//,data//output//runtimePerformance//MOEAD_DRA//SolutionSetSize595//,data//output//runtimePerformance//DECMO//SolutionSetSize200//,data//output//runtimePerformance//DECMO2//SolutionSetSize200//,data//output//runtimePerformance//DECMO2++//SolutionSetSize200//
0,30.683638724990935,30.32081113673782,29.881800995398095,37.487695059150155,31.009670114834485,30.40776983795559,31.375640930652942
1,30.683638724990935,30.32081113673782,29.881800995398095,37.487695059150155,31.009670114834485,30.40776983795559,31.375640930652942
2,30.683638724990935,34.29018438867413,33.28336921285476,37.487695059150155,34.18477664060785,33.82876827298868,34.493196891166896
3,30.683638724990935,34.29018438867413,33.28336921285476,37.487695059150155,34.18477664060785,33.82876827298868,34.493196891166896
4,34.065605117338045,38.205812352405104,36.45876226456382,37.487695059150155,37.58844938445768,37.9013941764415,39.269699904256385
5,34.065605117338045,38.205812352405104,36.45876226456382,37.3535653210616,37.58844938445768,37.9013941764415,39.269699904256385
6,37.667848139485635,41.230175204661634,38.71890226097611,35.59920020505166,40.42993321734462,41.026857647866315,43.295460959870255
7,37.667848139485635,41.230175204661634,38.71890226097611,33.44430992772554,40.42993321734462,41.026857647866315,43.295460959870255
8,40.86501685897378,44.249782490501815,41.2038861736555,33.286188564275335,42.82954184202402,44.296058665584326,46.02802360416756
9,40.86501685897378,44.249782490501815,41.2038861736555,33.37461577573875,42.82954184202402,44.296058665584326,46.02802360416756
10,43.48027063758279,46.67983852979649,43.33088883940549,34.760541522805255,45.10000942891092,47.33602569867298,48.51673934613032
11,43.48027063758279,46.67983852979649,43.33088883940549,36.49360395956782,45.10000942891092,47.33602569867298,48.51673934613032
12,45.83359328491636,48.76183328088698,45.07480382385183,37.95746953205673,46.72302354860202,49.67599268704324,50.776446134595844
13,45.83359328491636,48.76183328088698,45.07480382385183,38.76137988667156,46.72302354860202,49.67599268704324,50.776446134595844
14,48.22385558793782,50.53398673965916,46.78123950493494,40.476383168696174,48.437940623592766,51.32437206937613,52.61126477808153
15,48.22385558793782,50.53398673965916,46.78123950493494,42.15805130943167,48.437940623592766,51.32437206937613,52.61126477808153
16,49.95652695246759,52.059975805897075,48.59162980094374,43.48800492773564,50.06094177431179,52.904758547357225,54.012819647508756
17,49.95652695246759,52.059975805897075,48.59162980094374,44.910117778810765,50.06094177431179,52.904758547357225,54.012819647508756
18,51.57719701954973,53.527647055645424,50.002794519346615,46.20643595851301,51.40600619812157,54.233953992268944,55.17356670650601
19,51.57719701954973,53.527647055645424,50.002794519346615,47.57965059051059,51.40600619812157,54.233953992268944,55.17356670650601
20,53.07335607957483,54.772099939073094,51.04574555779564,48.56913890331984,52.69152770501947,55.265642586480354,56.212060662594396
21,53.07335607957483,54.772099939073094,51.04574555779564,49.343242030299564,52.69152770501947,55.265642586480354,56.212060662594396
22,54.31013397667353,55.72051705273097,52.00777976778021,50.27364229316296,53.8382455352832,56.05116093910944,57.24135590689644
23,54.31013397667353,55.72051705273097,52.00777976778021,51.01036632644642,53.8382455352832,56.05116093910944,57.24135590689644
24,55.40629604998419,56.77654247054872,53.071601236602504,51.915204482713364,54.7284118377939,56.842055266256445,58.061393835212485
25,55.40629604998419,56.77654247054872,53.071601236602504,52.90347571257564,54.7284118377939,56.842055266256445,58.061393835212485
26,56.31488111717088,57.53564627692527,53.86988480041599,53.80827492878526,55.54014154840936,57.54553819983489,58.697921367449645
27,56.31488111717088,57.53564627692527,53.86988480041599,54.44629741215461,55.54014154840936,57.54553819983489,58.697921367449645
28,57.115276672852524,58.21933328525365,54.58828777679648,55.06998477118099,56.253801803227056,58.229032355772745,59.21854802797576
29,57.115276672852524,58.21933328525365,54.58828777679648,55.63146575645862,56.253801803227056,58.229032355772745,59.21854802797576
30,57.759148578721856,58.85703601082872,55.15818306044067,56.30505566716213,56.91425705703901,58.77872755243082,59.71886887994504
31,57.759148578721856,58.85703601082872,55.15818306044067,56.8852901970464,56.91425705703901,58.77872755243082,59.71886887994504
32,58.342770690869216,59.43937223597211,55.75655605040705,57.37317733392581,57.46349789959938,59.23419821464185,60.14513145795426
33,58.342770690869216,59.43937223597211,55.75655605040705,57.92638139465024,57.46349789959938,59.23419821464185,60.14513145795426
34,58.93392930685234,60.043860072392086,56.29327979346128,58.418040039914786,57.97665141612585,59.76405081355497,60.57057943071006
35,58.93392930685234,60.043860072392086,56.29327979346128,58.88775202832558,57.97665141612585,59.76405081355497,60.57057943071006
36,59.51586321337928,60.56284319613708,56.74072747469325,59.38409951696825,58.489559308612435,60.24438468555853,60.94667393064901
37,59.51586321337928,60.56284319613708,56.74072747469325,59.860837272151024,58.489559308612435,60.24438468555853,60.94667393064901
38,60.0576161623166,60.93903788053902,57.208110527980324,60.28131554959795,58.92435596866661,60.61433114414603,61.27708314533016
39,60.0576161623166,60.93903788053902,57.208110527980324,60.713005745412296,58.92435596866661,60.61433114414603,61.27708314533016
40,60.55360445697405,61.40732206567887,57.636178412395026,61.12813813527892,59.34551929232161,60.94008047319242,61.59672365568704
41,60.55360445697405,61.40732206567887,57.636178412395026,61.5193872149679,59.34551929232161,60.94008047319242,61.59672365568704
42,60.943337537530276,61.83501304443676,58.049448905579716,61.83243053886521,59.722470401662086,61.21747897723399,61.91089961905906
43,60.943337537530276,61.83501304443676,58.049448905579716,62.160235269859584,59.722470401662086,61.21747897723399,61.91089961905906
44,61.293427395430946,62.236007999858245,58.42732327817786,62.390299389716084,60.112306527527224,61.49399035231444,62.197455280353665
45,61.293427395430946,62.236007999858245,58.42732327817786,62.70894285832571,60.112306527527224,61.49399035231444,62.197455280353665
46,61.61652517229281,62.59136506121574,58.7534504547191,63.01211117506956,60.45806461149164,61.80115704818762,62.48352441955577
47,61.61652517229281,62.59136506121574,58.7534504547191,63.261097699552124,60.45806461149164,61.80115704818762,62.48352441955577
48,61.903596697358196,62.9550777422844,59.05254836690867,63.55842323936359,60.748117573300256,62.07675483062992,62.6983369232298
49,61.903596697358196,62.9550777422844,59.05254836690867,63.78996724173264,60.748117573300256,62.07675483062992,62.6983369232298
50,62.253105587613746,63.2808061794854,59.316470801937896,64.04594416555996,61.05523912565406,62.320626449650675,62.917916674172744
51,62.253105587613746,63.2808061794854,59.316470801937896,64.25830172784795,61.05523912565406,62.320626449650675,62.917916674172744
52,62.50725880704495,63.58336777315002,59.556176992669094,64.51605791980977,61.40643029343501,62.518201181613044,63.10784992605266
53,62.50725880704495,63.58336777315002,59.556176992669094,64.70646385149301,61.40643029343501,62.518201181613044,63.10784992605266
54,62.800280703632396,63.96998194494995,59.79305091914103,64.8676462182306,61.635197297471336,62.79251786474417,63.30500800371429
55,62.800280703632396,63.96998194494995,59.79305091914103,65.0470681807566,61.635197297471336,62.79251786474417,63.30500800371429
56,63.02309845907288,64.28799887688032,60.00141637613281,65.24208638088743,61.896851541648005,62.9602428951927,63.448139438126624
57,63.02309845907288,64.28799887688032,60.00141637613281,65.43706770113769,61.896851541648005,62.9602428951927,63.448139438126624
58,63.245842554992024,64.55191014206125,60.213950828451566,65.6510023194644,62.12260188487069,63.140920760929866,63.62945370702471
59,63.245842554992024,64.55191014206125,60.213950828451566,65.7990170382968,62.12260188487069,63.140920760929866,63.62945370702471
60,63.447789684452346,64.9050801098784,60.434274326071645,65.9586063022455,62.35470825855584,63.29536693469806,63.77497499043074
61,63.447789684452346,64.9050801098784,60.434274326071645,66.10826699614853,62.35470825855584,63.29536693469806,63.77497499043074
62,63.68006626277061,65.18463028758421,60.65081477806575,66.26705316146293,62.54603346022163,63.46822624059551,63.91500532007625
63,63.68006626277061,65.18463028758421,60.65081477806575,66.46488827583357,62.54603346022163,63.46822624059551,63.91500532007625
64,63.914393672113754,65.47701648931772,60.81534804131623,66.62900619363633,62.77882528021953,63.66011616001035,64.06522992925038
65,63.914393672113754,65.47701648931772,60.81534804131623,66.75914598166231,62.77882528021953,63.66011616001035,64.06522992925038
66,64.0942868031963,65.69410532052736,61.0025708132509,66.88489122498117,62.98361810932038,63.804156383805854,64.20198845400871
67,64.0942868031963,65.69410532052736,61.0025708132509,67.04513569275214,62.98361810932038,63.804156383805854,64.20198845400871
68,64.23581120881684,66.01197822461735,61.18429988659349,67.22404741993381,63.16032751347491,63.951948014465124,64.34180114559064
69,64.23581120881684,66.01197822461735,61.18429988659349,67.38173598717255,63.16032751347491,63.951948014465124,64.34180114559064
70,64.41144865485856,66.25747090567924,61.326249692832654,67.5254469203895,63.31342584582617,64.05773122425163,64.45184100287395
71,64.41144865485856,66.25747090567924,61.326249692832654,67.67733658275861,63.31342584582617,64.05773122425163,64.45184100287395
72,64.56881709292246,66.54936369602584,61.45194355245053,67.7842190715534,63.48866352299436,64.17052059853518,64.6007879230432
73,64.56881709292246,66.54936369602584,61.45194355245053,67.93752164139786,63.48866352299436,64.17052059853518,64.6007879230432
74,64.69746101701087,66.79507231292605,61.56836499045386,68.04089337100359,63.66177424986056,64.33249318049721,64.68724562779549
75,64.69746101701087,66.79507231292605,61.56836499045386,68.15718623282233,63.66177424986056,64.33249318049721,64.68724562779549
76,64.83070297576683,67.07046566580757,61.70543700385592,68.30511276790786,63.811663731106236,64.4532629680785,64.79244083709135
77,64.83070297576683,67.07046566580757,61.70543700385592,68.41491220763174,63.811663731106236,64.4532629680785,64.79244083709135
78,65.0612262860923,67.23218133478967,61.82757305424873,68.59592714550844,63.999520164301885,64.58038552379486,64.88224294818866
79,65.0612262860923,67.23218133478967,61.82757305424873,68.69455580448971,63.999520164301885,64.58038552379486,64.88224294818866
80,65.19669625993707,67.43331703881377,61.96429698978713,68.75613181749087,64.13300972366615,64.68769230581292,65.04351559854747
81,65.19669625993707,67.43331703881377,61.96429698978713,68.85629766384343,64.13300972366615,64.68769230581292,65.04351559854747
82,65.30782459592926,67.62236362457244,62.10941832495098,68.93851806790863,64.25211736724954,64.81455727678474,65.12626919795194
83,65.30782459592926,67.62236362457244,62.10941832495098,69.0116023394818,64.25211736724954,64.81455727678474,65.12626919795194
84,65.42178741808803,67.92523726188924,62.2666279361028,69.065656388886,64.36010885767153,64.93119530785492,65.21131295891634
85,65.42178741808803,67.92523726188924,62.2666279361028,69.13951241055834,64.36010885767153,64.93119530785492,65.21131295891634
86,65.52725450457449,68.1483426571048,62.39089729434079,69.26862123544143,64.47517415891002,65.01463791769852,65.28920776204227
87,65.52725450457449,68.1483426571048,62.39089729434079,69.5074298518107,64.47517415891002,65.01463791769852,65.28920776204227
88,65.64692430906672,68.4271403426001,62.483489682851825,69.67227303545266,64.57607281277774,65.09941555858383,65.39042156468226
89,65.64692430906672,68.4271403426001,62.483489682851825,69.77103291289129,64.57607281277774,65.09941555858383,65.39042156468226
90,65.76673788355757,68.70066528047106,62.57826192604893,69.84383607521818,64.68374325871561,65.22100938304408,65.47377927583244
91,65.76673788355757,68.70066528047106,62.57826192604893,69.92993387756556,64.68374325871561,65.22100938304408,65.47377927583244
92,65.85783806496514,68.86937542257921,62.69396702046524,70.08743488226608,64.80198348496812,65.33541070072665,65.54516329910845
93,65.85783806496514,68.86937542257921,62.69396702046524,70.23114282496215,64.80198348496812,65.33541070072665,65.54516329910845
94,65.99085413122272,69.0224456543027,62.79009339675255,70.42957768372307,64.88523656144913,65.42367231885176,65.65117070077223
95,65.99085413122272,69.0224456543027,62.79009339675255,70.54834641595085,64.88523656144913,65.42367231885176,65.65117070077223
96,66.0882875390614,69.15752766137672,62.87348660097191,70.64651607375887,64.9748396361049,65.5320372598862,65.72082856388732
97,66.0882875390614,69.15752766137672,62.87348660097191,70.78783500866751,64.9748396361049,65.5320372598862,65.72082856388732
98,66.16990559604267,69.29774842536902,62.9627185717617,70.87252875690963,65.05800009316378,65.6252855489753,65.78533960456106
99,66.16990559604267,69.29774842536902,62.9627185717617,71.06781026341066,65.05800009316378,65.6252855489753,65.78533960456106
100,66.32597222763546,69.51982251318343,63.03901202907777,71.1579534851282,65.14737922067393,65.72102946123573,65.85103877012554
101,66.32597222763546,69.51982251318343,63.03901202907777,71.25136746942702,65.14737922067393,65.72102946123573,65.85103877012554
102,66.40934090023882,69.64870962495091,63.136032692335085,71.34202913184333,65.22803542791127,65.78869903314802,65.90627595375314
103,66.40934090023882,69.64870962495091,63.136032692335085,71.45532298934891,65.22803542791127,65.78869903314802,65.90627595375314
104,66.5017401895657,69.78311685469275,63.22874631235658,71.6110950608988,65.33611807726366,65.88023421218166,65.97021991415741
105,66.5017401895657,69.78311685469275,63.22874631235658,71.71121914973551,65.33611807726366,65.88023421218166,65.97021991415741
106,66.61513319468972,69.9247973716184,63.33920998551486,71.82808004129204,65.41075414280077,65.99545421268716,66.03268212157217
107,66.61513319468972,69.9247973716184,63.33920998551486,71.90295168242986,65.41075414280077,65.99545421268716,66.03268212157217
108,66.7476163711772,70.08674030092968,63.43391566350671,71.94996350286445,65.49836032160344,66.06813121065395,66.18918837501214
109,66.7476163711772,70.08674030092968,63.43391566350671,72.04489406649144,65.49836032160344,66.06813121065395,66.18918837501214
110,66.81789501362614,70.19887468389503,63.518011105222236,72.11038998929493,65.55951324412669,66.13316276614087,66.24749089252632
111,66.81789501362614,70.19887468389503,63.518011105222236,72.21368987473991,65.55951324412669,66.13316276614087,66.24749089252632
112,66.89356101610127,70.39874025942902,63.61541697273017,72.26290506926904,65.63170731764492,66.19615104296234,66.29794474163747
113,66.89356101610127,70.39874025942902,63.61541697273017,72.32870606524557,65.63170731764492,66.19615104296234,66.29794474163747
114,66.97440257429933,70.49969355129394,63.72443245533324,72.40290592814954,65.73681258978603,66.31700316548353,66.34600346210006
115,66.97440257429933,70.49969355129394,63.72443245533324,72.44903769836827,65.73681258978603,66.31700316548353,66.34600346210006
116,67.0878150631679,70.63904103228971,63.80249444089522,72.51793166471523,65.78291084751054,66.37635497741758,66.41498235493958
117,67.0878150631679,70.63904103228971,63.80249444089522,72.62875083579904,65.78291084751054,66.37635497741758,66.41498235493958
118,67.15261438750858,70.77251173963519,63.86806334772233,72.75166942838028,65.86195755076177,66.44721196296186,66.47856955235105
119,67.15261438750858,70.77251173963519,63.86806334772233,72.85751692614946,65.86195755076177,66.44721196296186,66.47856955235105
120,67.25663709612492,70.9011762367639,63.94258895218638,72.92108904000798,65.94650126197043,66.49629450529504,66.56681024378405
121,67.25663709612492,70.9011762367639,63.94258895218638,72.98506205434815,65.94650126197043,66.49629450529504,66.56681024378405
122,67.32418706854125,71.09473907288627,64.01491220278547,73.08156794691658,66.02811807132254,66.54536753232297,66.64154813629581
123,67.32418706854125,71.09473907288627,64.01491220278547,73.1981070250997,66.02811807132254,66.54536753232297,66.64154813629581
124,67.39480845395639,71.20108298482674,64.06421311413301,73.30627101081572,66.09250471976043,66.6019682094097,66.73474309727776
125,67.39480845395639,71.20108298482674,64.06421311413301,73.34917723845162,66.09250471976043,66.6019682094097,66.73474309727776
126,67.50272006768415,71.36489615969708,64.12543091016023,73.40599081023437,66.16406143189883,66.65929111319436,66.78463694078333
127,67.50272006768415,71.36489615969708,64.12543091016023,73.47620858142983,66.16406143189883,66.65929111319436,66.78463694078333
128,67.55943148255062,71.50588310223792,64.20334042881638,73.57422020293536,66.2272234517353,66.7247307380461,66.85129595686867
129,67.55943148255062,71.50588310223792,64.20334042881638,73.61164045354748,66.2272234517353,66.7247307380461,66.85129595686867
130,67.67272270213938,71.63659522130368,64.2592834210632,73.74473199148204,66.27575651177533,66.79503356257763,66.91314739150535
131,67.67272270213938,71.63659522130368,64.2592834210632,73.85921100384338,66.27575651177533,66.79503356257763,66.91314739150535
132,67.7757652746611,71.74670159052864,64.3181774329711,73.90317726082078,66.32251421994803,66.83952382451186,66.9751868076299
133,67.7757652746611,71.74670159052864,64.3181774329711,73.94368500740696,66.32251421994803,66.83952382451186,66.9751868076299
134,67.87453017479352,71.8441812785093,64.39463608805487,73.97656389148803,66.3655023165375,66.89335059164243,67.03203621406807
135,67.87453017479352,71.8441812785093,64.39463608805487,74.04239589819872,66.3655023165375,66.89335059164243,67.03203621406807
136,67.96759118714543,71.98871922689192,64.448510354505,74.10340561090322,66.43646172618048,66.95754153765165,67.0930409690599
137,67.96759118714543,71.98871922689192,64.448510354505,74.16100260016549,66.43646172618048,66.95754153765165,67.0930409690599
138,68.0408961232158,72.05779700508091,64.50745863282839,74.19698024964028,66.49375995492635,67.03102423387367,67.18664636261234
139,68.0408961232158,72.05779700508091,64.50745863282839,74.26230481613013,66.49375995492635,67.03102423387367,67.18664636261234
140,68.12324150483354,72.13109101410816,64.55887062898321,74.29946261575581,66.53994894108541,67.08157548477693,67.24526848108997
141,68.12324150483354,72.13109101410816,64.55887062898321,74.32706003765126,66.53994894108541,67.08157548477693,67.24526848108997
142,68.20529103206296,72.19790400841431,64.61460298909533,74.37176001367207,66.58767947930147,67.17971097908585,67.28629737855658
143,68.20529103206296,72.19790400841431,64.61460298909533,74.41635219661632,66.58767947930147,67.17971097908585,67.28629737855658
144,68.26291837028285,72.29054227455809,64.68117600477004,74.491908999693,66.63066659536807,67.22248350025667,67.33162993349498
145,68.26291837028285,72.29054227455809,64.68117600477004,74.55418701714859,66.63066659536807,67.22248350025667,67.33162993349498
146,68.35384628336942,72.40772295938928,64.72459248401343,74.59127693314579,66.68133302164462,67.29192518877531,67.40515296340709
147,68.35384628336942,72.40772295938928,64.72459248401343,74.68771775178205,66.68133302164462,67.29192518877531,67.40515296340709
148,68.40424671820352,72.47385540285505,64.76757760401404,74.76119913398311,66.75328836862462,67.33891458383123,67.45201090694573
149,68.40424671820352,72.47385540285505,64.76757760401404,74.78799505254614,66.75328836862462,67.33891458383123,67.45201090694573
150,68.49498800404206,72.56046669604547,64.834142511548,74.82484799840354,66.79707504467557,67.40733929953524,67.49724851856578
151,68.49498800404206,72.56046669604547,64.834142511548,74.86993332597557,66.79707504467557,67.40733929953524,67.49724851856578
152,68.55325925339856,72.65604300993786,64.8741421396422,74.9194052504048,66.87427155698941,67.44501150250744,67.524871642764
153,68.55325925339856,72.65604300993786,64.8741421396422,74.94691974849043,66.87427155698941,67.44501150250744,67.524871642764
154,68.63762119833584,72.76110256078319,64.92496157655525,74.98473699801937,66.94421763829264,67.5158067459889,67.57356239080804
155,68.63762119833584,72.76110256078319,64.92496157655525,75.01731915475874,66.94421763829264,67.5158067459889,67.57356239080804
156,68.70352863570277,72.83402965543945,64.96913894184026,75.0564168194595,67.00736546696314,67.56154703061065,67.63958008701961
157,68.70352863570277,72.83402965543945,64.96913894184026,75.08667436103624,67.00736546696314,67.56154703061065,67.63958008701961
158,68.75115271635198,72.94640378604882,65.01823037785586,75.13938121128724,67.03707584419058,67.60233856836152,67.70428971796429
159,68.75115271635198,72.94640378604882,65.01823037785586,75.27457790792079,67.03707584419058,67.60233856836152,67.70428971796429
160,68.8152718731379,73.00802973800621,65.0441665800763,75.3208957702771,67.07575862222379,67.65845303760933,67.75320350838066
161,68.8152718731379,73.00802973800621,65.0441665800763,75.35603280406983,67.07575862222379,67.65845303760933,67.75320350838066
162,68.86809615493084,73.08535758461765,65.08964638944566,75.40438141728406,67.12309818149295,67.71079688747423,67.81018046194205
163,68.86809615493084,73.08535758461765,65.08964638944566,75.46325141520575,67.12309818149295,67.71079688747423,67.81018046194205
164,68.92635295289183,73.14788627831464,65.12158968067668,75.4862354730412,67.1755297975592,67.75336698329336,67.8717101674868
165,68.92635295289183,73.14788627831464,65.12158968067668,75.52357751406554,67.1755297975592,67.75336698329336,67.8717101674868
166,68.96355818894314,73.24281487674355,65.17409830757803,75.57825660087316,67.21499128230352,67.78429490035222,67.94076139455706
167,68.96355818894314,73.24281487674355,65.17409830757803,75.60822642197435,67.21499128230352,67.78429490035222,67.94076139455706
168,69.04356543379185,73.30727650622732,65.20955149541787,75.6466158563214,67.26453371996621,67.82648560749166,67.98707091708879
169,69.04356543379185,73.30727650622732,65.20955149541787,75.69875823594008,67.26453371996621,67.82648560749166,67.98707091708879
170,69.08101007361383,73.42970864534504,65.23964229611862,75.72206655948561,67.29928982898136,67.85081944247227,68.03277920625011
171,69.08101007361383,73.42970864534504,65.23964229611862,75.75748471620581,67.29928982898136,67.85081944247227,68.03277920625011
172,69.14031671626253,73.4832954582255,65.27978481072063,75.79083178410669,67.34605092938494,67.88532920938133,68.08681742796513
173,69.14031671626253,73.4832954582255,65.27978481072063,75.83539703340438,67.34605092938494,67.88532920938133,68.08681742796513
174,69.18809969034741,73.58896667846889,65.3122577041781,75.87456265519256,67.41428820321347,67.91779386011694,68.14791617009408
175,69.18809969034741,73.58896667846889,65.3122577041781,75.90815609321176,67.41428820321347,67.91779386011694,68.14791617009408
176,69.23489792189443,73.67725690477106,65.34933179276958,75.93289403766721,67.45815830883042,67.95387758864999,68.1947621634621
177,69.23489792189443,73.67725690477106,65.34933179276958,75.9588458150764,67.45815830883042,67.95387758864999,68.1947621634621
178,69.28317572358026,73.74777135001983,65.38335185611828,75.98045301777981,67.49326545369134,67.97626142292306,68.30217179529136
179,69.28317572358026,73.74777135001983,65.38335185611828,76.00913593925137,67.49326545369134,67.97626142292306,68.30217179529136
180,69.33631932782572,73.86015065628511,65.41045546050414,76.02664860404022,67.52473274789725,68.0210713359634,68.34989172471067
181,69.33631932782572,73.86015065628511,65.41045546050414,76.04785591238125,67.52473274789725,68.0210713359634,68.34989172471067
182,69.38439455201822,73.94037543731486,65.45013809992076,76.0770802684635,67.57071555358948,68.05107171015936,68.40000216566519
183,69.38439455201822,73.94037543731486,65.45013809992076,76.09232458136863,67.57071555358948,68.05107171015936,68.40000216566519
184,69.4124497179244,74.03976293439909,65.51378336160356,76.11343164897062,67.61095894842887,68.08593712580449,68.47909857115933
185,69.4124497179244,74.03976293439909,65.51378336160356,76.1420527564518,67.61095894842887,68.08593712580449,68.47909857115933
186,69.46408891014877,74.132102493403,65.55304199839671,76.1604588133909,67.64491160632033,68.132549774319,68.52484484660734
187,69.46408891014877,74.132102493403,65.55304199839671,76.18669568902818,67.64491160632033,68.132549774319,68.52484484660734
188,69.51969604817107,74.19680225559338,65.58447707609066,76.21109885330529,67.67877468459702,68.20381621506854,68.57030081985445
189,69.51969604817107,74.19680225559338,65.58447707609066,76.24185414271699,67.67877468459702,68.20381621506854,68.57030081985445
190,69.56907254038381,74.27019432429441,65.62286315871857,76.27448289375265,67.70887769011277,68.25179986646829,68.63523382154331
191,69.56907254038381,74.27019432429441,65.62286315871857,76.29331977705402,67.70887769011277,68.25179986646829,68.63523382154331
192,69.62319777197065,74.34535664325392,65.65153833968982,76.31162387544484,67.74088899503353,68.28910602233316,68.69100150340662
193,69.62319777197065,74.34535664325392,65.65153833968982,76.33318805500835,67.74088899503353,68.28910602233316,68.69100150340662
194,69.67677190896187,74.41003323298074,65.68579567030162,76.3527405031326,67.77938064697915,68.33326173634043,68.74913626938125
195,69.67677190896187,74.41003323298074,65.68579567030162,76.37007764176121,67.77938064697915,68.33326173634043,68.74913626938125
196,69.72120480902149,74.45892629461758,65.7221504457554,76.39154908622082,67.8221737075529,68.36337978054355,68.78820603078059
197,69.72120480902149,74.45892629461758,65.7221504457554,76.42607541186521,67.8221737075529,68.36337978054355,68.78820603078059
198,69.76026899444764,74.53478514228321,65.76642997264085,76.44391208545697,67.8605680783696,68.39735946298092,68.89295909480536
199,69.76026899444764,74.53478514228321,65.76642997264085,76.45933821119048,67.8605680783696,68.39735946298092,68.89295909480536
200,69.79565685819213,74.59801383704281,65.80609330574373,76.48170244980174,67.9167932168528,68.43543426958328,68.93765821200986
201,69.79565685819213,74.59801383704281,65.80609330574373,76.4946583883162,67.9167932168528,68.43543426958328,68.93765821200986
202,69.84494926135844,74.6606717911714,65.83667365798297,76.51357927620084,67.95642948783866,68.4807849138654,68.9982653537847
203,69.84494926135844,74.6606717911714,65.83667365798297,76.52945374947647,67.95642948783866,68.4807849138654,68.9982653537847
204,69.87653051204958,74.71770165872796,65.87026716064565,76.54347815282513,68.00382354292704,68.52662130865055,69.03343809764797
205,69.87653051204958,74.71770165872796,65.87026716064565,76.5590312189954,68.00382354292704,68.52662130865055,69.03343809764797
206,69.92685709873739,74.77376512825265,65.89696554607792,76.57036621874357,68.04186145091376,68.55344167977461,69.10402790803793
207,69.92685709873739,74.77376512825265,65.89696554607792,76.58607059439485,68.04186145091376,68.55344167977461,69.10402790803793
208,69.96696659979179,74.82588714074551,65.9375143960303,76.60521025563826,68.06559520113471,68.58996069015407,69.12844829354701
209,69.96696659979179,74.82588714074551,65.9375143960303,76.62118723314374,68.06559520113471,68.58996069015407,69.12844829354701
210,69.99379923025018,74.86975601474326,65.95838420657243,76.63359804669108,68.09454539279051,68.63981655669211,69.16717353705049
211,69.99379923025018,74.86975601474326,65.95838420657243,76.64550827936672,68.09454539279051,68.63981655669211,69.16717353705049
212,70.05383742445896,74.91127708421105,65.98966241064822,76.66448051967461,68.11992579430904,68.66535779510816,69.19276363691928
213,70.05383742445896,74.91127708421105,65.98966241064822,76.68855403464313,68.11992579430904,68.66535779510816,69.19276363691928
214,70.09074674806891,74.98131090255258,66.00606958859834,76.70058330299898,68.14682395643153,68.68958605475781,69.24899568202231
215,70.09074674806891,74.98131090255258,66.00606958859834,76.71210449519242,68.14682395643153,68.68958605475781,69.24899568202231
216,70.13335391152826,75.02293518894658,66.0328859307499,76.73018335079827,68.19899449199197,68.72280341926601,69.29516350377278
217,70.13335391152826,75.02293518894658,66.0328859307499,76.74336248139144,68.19899449199197,68.72280341926601,69.29516350377278
218,70.16542266580907,75.07462912671939,66.05362711447235,76.76349625439163,68.22614354395458,68.76268047893754,69.33071202627164
219,70.16542266580907,75.07462912671939,66.05362711447235,76.78029926247812,68.22614354395458,68.76268047893754,69.33071202627164
220,70.19358377641092,75.09988008499101,66.0889574995701,76.78990947272412,68.24814416324288,68.78512577848873,69.40612163625812
221,70.19358377641092,75.09988008499101,66.0889574995701,76.7998702991544,68.24814416324288,68.78512577848873,69.40612163625812
222,70.22671774190728,75.14679272082618,66.10875892613338,76.81299871046909,68.27382741436885,68.81589735384541,69.43328486516145
223,70.22671774190728,75.14679272082618,66.10875892613338,76.82221820791523,68.27382741436885,68.81589735384541,69.43328486516145
224,70.25500333036308,75.21988921923204,66.13605301413308,76.84127965454014,68.30444894289468,68.8526287502966,69.46540967634182
225,70.25500333036308,75.21988921923204,66.13605301413308,76.85481285110586,68.30444894289468,68.8526287502966,69.46540967634182
226,70.28391047061005,75.28048272496603,66.154684900149,76.86749165106986,68.32752189453416,68.89267920365894,69.49560006512183
227,70.28391047061005,75.28048272496603,66.154684900149,76.855393688491,68.32752189453416,68.89267920365894,69.49560006512183
228,70.32252741214495,75.35024151289424,66.17507875722639,76.83598738512836,68.36122033408671,68.92276293333197,69.52083504645825
229,70.32252741214495,75.35024151289424,66.17507875722639,76.83846028573818,68.36122033408671,68.92276293333197,69.52083504645825
230,70.38929158845244,75.41643589823535,66.19704201392138,76.8433761469324,68.38439168430254,68.9636853433362,69.54497979804717
231,70.38929158845244,75.41643589823535,66.19704201392138,76.84770198966518,68.38439168430254,68.9636853433362,69.54497979804717
232,70.4282297045127,75.47326229885783,66.21745453086204,76.86199089205358,68.41642551371417,68.97824030579478,69.59361036761415
233,70.4282297045127,75.47326229885783,66.21745453086204,76.8765159211552,68.41642551371417,68.97824030579478,69.59361036761415
234,70.45355371801662,75.5414423394964,66.24239978716382,76.89166128599562,68.45148445768768,69.00744327532556,69.61981461674365
235,70.45355371801662,75.5414423394964,66.24239978716382,76.90035226842947,68.45148445768768,69.00744327532556,69.61981461674365
236,70.47746583436584,75.63447366255139,66.26623179404027,76.91200175526,68.4884827916542,69.02864226407384,69.63795024242604
237,70.47746583436584,75.63447366255139,66.26623179404027,76.92755749690942,68.4884827916542,69.02864226407384,69.63795024242604
238,70.52486512659087,75.69899603848809,66.29773286828649,76.93799057984782,68.51337654255722,69.04827773577861,69.6949450586531
239,70.52486512659087,75.69899603848809,66.29773286828649,76.9567063178014,68.51337654255722,69.04827773577861,69.6949450586531
240,70.56570396572955,75.77548438934245,66.323986202178,76.96680962966936,68.5285778311785,69.07585482870759,69.72638296073528
241,70.56570396572955,75.77548438934245,66.323986202178,76.985879165449,68.5285778311785,69.07585482870759,69.72638296073528
242,70.59387318218333,75.80883443274816,66.33652558235555,76.99620220998338,68.5575153130718,69.10456077984269,69.75501477507662
243,70.59387318218333,75.80883443274816,66.33652558235555,77.00687786673664,68.5575153130718,69.10456077984269,69.75501477507662
244,70.61902776507493,75.87070506246499,66.36056446200755,77.01572906445865,68.59771983467813,69.12932622629711,69.7798522451346
245,70.61902776507493,75.87070506246499,66.36056446200755,77.02582629690185,68.59771983467813,69.12932622629711,69.7798522451346
246,70.66324141221915,75.9327303383683,66.38541963215432,77.01365437407941,68.64331773155871,69.16520734389921,69.82617472741143
247,70.66324141221915,75.9327303383683,66.38541963215432,76.99726834211596,68.64331773155871,69.16520734389921,69.82617472741143
248,70.68901131028679,75.96914823480002,66.4102697707773,77.0007621077189,68.66522575126127,69.18657333666152,69.85519725828735
249,70.68901131028679,75.96914823480002,66.4102697707773,77.00638587740674,68.66522575126127,69.18657333666152,69.85519725828735
250,70.72417123576665,75.99679527740412,66.42849395708114,77.0141239701026,68.69430454873327,69.21536879315674,69.88008873302594
251,70.72417123576665,75.99679527740412,66.42849395708114,77.02903818806604,68.69430454873327,69.21536879315674,69.88008873302594
252,70.74558028019193,76.03327214337976,66.4571952893281,77.04119928326745,68.72114680660903,69.24197777934847,69.90722671555008
253,70.74558028019193,76.03327214337976,66.4571952893281,77.05073997190978,68.72114680660903,69.24197777934847,69.90722671555008
254,70.77537617939242,76.06743342277844,66.47247930851242,77.06615218205236,68.75047990824733,69.29845535475607,69.93773296665239
255,70.77537617939242,76.06743342277844,66.47247930851242,77.07973017200776,68.75047990824733,69.29845535475607,69.93773296665239
256,70.79957452238645,76.1258162391868,66.50782165654387,77.08926813038023,68.7673721710961,69.33904253063587,69.96296038565346
257,70.79957452238645,76.1258162391868,66.50782165654387,77.10720214687056,68.7673721710961,69.33904253063587,69.96296038565346
258,70.82828520519203,76.18615023654075,66.52977214043408,77.11366020155239,68.79696336690184,69.35575004795365,69.99325268020998
259,70.82828520519203,76.18615023654075,66.52977214043408,77.12707575827942,68.79696336690184,69.35575004795365,69.99325268020998
260,70.85382264062679,76.2368444985217,66.54569099917815,77.1401259371887,68.82018355468244,69.3763467681648,70.01044547819907
261,70.85382264062679,76.2368444985217,66.54569099917815,77.14973214097353,68.82018355468244,69.3763467681648,70.01044547819907
262,70.87923510926547,76.27513038407074,66.56194923905768,77.16234726928225,68.83643880437018,69.45844077748188,70.05073766434329
263,70.87923510926547,76.27513038407074,66.56194923905768,77.17182461912834,68.83643880437018,69.45844077748188,70.05073766434329
264,70.92062971671027,76.30669843467824,66.57622001669067,77.18534548638138,68.85527864056797,69.47512751199048,70.08386853340848
265,70.92062971671027,76.30669843467824,66.57622001669067,77.19105851736585,68.85527864056797,69.47512751199048,70.08386853340848
266,70.94536622631836,76.35859756436058,66.65282414232306,77.20140210561759,68.87562373403276,69.50504187216559,70.1186413533277
267,70.94536622631836,76.35859756436058,66.65282414232306,77.18451181157681,68.87562373403276,69.50504187216559,70.1186413533277
268,70.97609264816742,76.41947772674455,66.67142673719822,77.15193693709828,68.91648647377055,69.52621555939747,70.14884255802103
269,70.97609264816742,76.41947772674455,66.67142673719822,77.12077131228855,68.91648647377055,69.52621555939747,70.14884255802103
270,71.0122703457319,76.45020008982203,66.69943323952178,77.13307629743879,69.03024197866824,69.54449017158089,70.18081513202269
271,71.0122703457319,76.45020008982203,66.69943323952178,77.14683957956755,69.03024197866824,69.54449017158089,70.18081513202269
272,71.03838889478867,76.48431432592318,66.71660101723234,77.16368399376853,69.05536947494728,69.59954892825303,70.1964808068704
273,71.03838889478867,76.48431432592318,66.71660101723234,77.1937768999965,69.05536947494728,69.59954892825303,70.1964808068704
274,71.05845220860499,76.53421069854934,66.73400331310302,77.21407219748252,69.1028057358739,69.6464686602117,70.22060609002503
275,71.05845220860499,76.53421069854934,66.73400331310302,77.22610283943774,69.1028057358739,69.6464686602117,70.22060609002503
276,71.08926433192923,76.56077241093773,66.74782347648859,77.23126016325567,69.12626543453814,69.66137708565881,70.24939387749136
277,71.08926433192923,76.56077241093773,66.74782347648859,77.24129530219477,69.12626543453814,69.66137708565881,70.24939387749136
278,71.1166937948873,76.59287914815582,66.7642910509409,77.25441144792798,69.16304233844627,69.67571923249113,70.28055003021586
279,71.1166937948873,76.59287914815582,66.7642910509409,77.26709728438428,69.16304233844627,69.67571923249113,70.28055003021586
280,71.13519735539573,76.6340334728858,66.7791746169722,77.27322222755836,69.2108165769265,69.71184984622654,70.31125982306476
281,71.13519735539573,76.6340334728858,66.7791746169722,77.2872378839585,69.2108165769265,69.71184984622654,70.31125982306476
282,71.19872840520044,76.66082711830714,66.81374951996703,77.29711580230126,69.2377028308582,69.74075666272617,70.33846627540048
283,71.19872840520044,76.66082711830714,66.81374951996703,77.3026164746657,69.2377028308582,69.74075666272617,70.33846627540048
284,71.23896817186787,76.69920971947697,66.82408544326617,77.3132296874861,69.25994128358607,69.75659113225475,70.37675724885482
285,71.23896817186787,76.69920971947697,66.82408544326617,77.32417279762285,69.25994128358607,69.75659113225475,70.37675724885482
286,71.26739424965459,76.72857063710879,66.83852453280234,77.33281428576252,69.32429276694745,69.78092704685868,70.39684465619321
287,71.26739424965459,76.72857063710879,66.83852453280234,77.33954079152903,69.32429276694745,69.78092704685868,70.39684465619321
288,71.28859479394349,76.83833480410293,66.85964767618144,77.35010551369747,69.34199155861991,69.79543572233773,70.41522931873264
289,71.28859479394349,76.83833480410293,66.85964767618144,77.35786080949609,69.34199155861991,69.79543572233773,70.41522931873264
290,71.3112649000677,76.8667965619953,66.87899027713387,77.36448610635158,69.37473177777615,69.81632117685217,70.43270443226757
291,71.3112649000677,76.8667965619953,66.87899027713387,77.36228685930308,69.37473177777615,69.81632117685217,70.43270443226757
292,71.33402952322128,76.89807280676867,66.89886781744072,77.36412538755589,69.39855146385582,69.84473902174315,70.44800723664733
293,71.33402952322128,76.89807280676867,66.89886781744072,77.37092626602869,69.39855146385582,69.84473902174315,70.44800723664733
294,71.35714772231388,76.91966482248122,66.91795660217163,77.3803120108673,69.41817938756068,69.86608019567525,70.4936316692376
295,71.35714772231388,76.91966482248122,66.91795660217163,77.38675690843819,69.41817938756068,69.86608019567525,70.4936316692376
296,71.37620966976502,76.95046054074285,66.93350686207891,77.39458925220985,69.45693763909681,69.89111310685642,70.51375230102227
297,71.37620966976502,76.95046054074285,66.93350686207891,77.4020534621172,69.45693763909681,69.89111310685642,70.51375230102227
298,71.39885397911176,76.9897267542459,66.943802437052,77.40865377557084,69.48123230594267,69.91113011929669,70.53671708039106
299,71.39885397911176,76.9897267542459,66.943802437052,77.41903677199633,69.48123230594267,69.91113011929669,70.53671708039106
300,71.41656069911564,77.03859184938257,66.96072931165963,77.42859770214704,69.52356097014325,69.92937566115228,70.56275202764768
301,71.41656069911564,77.03859184938257,66.96072931165963,77.43477943296216,69.52356097014325,69.92937566115228,70.56275202764768
302,71.4452523362028,77.07589646459887,66.97625125517955,77.44140493541839,69.57767037276933,69.9472508130987,70.58255357504828
303,71.4452523362028,77.07589646459887,66.97625125517955,77.44913645243852,69.57767037276933,69.9472508130987,70.58255357504828
304,71.46939757620048,77.1154982326181,66.99025978710591,77.45501868959143,69.6031255619627,69.96161195270464,70.60489065589177
305,71.46939757620048,77.1154982326181,66.99025978710591,77.46394685176294,69.6031255619627,69.96161195270464,70.60489065589177
306,71.50349333580836,77.144521501035,67.00299249275812,77.47011219181908,69.62666873701795,69.99296628926218,70.6331839456526
307,71.50349333580836,77.144521501035,67.00299249275812,77.47375680897805,69.62666873701795,69.99296628926218,70.6331839456526
308,71.55024429422552,77.17355927719196,67.01315611434698,77.47928157185704,69.65739701360175,70.02402855213838,70.65426905788625
309,71.55024429422552,77.17355927719196,67.01315611434698,77.48812420714893,69.65739701360175,70.02402855213838,70.65426905788625
310,71.58152238708072,77.20514917209232,67.02635152716623,77.49420876194517,69.70594645073054,70.03669178661158,70.69196571276642
311,71.58152238708072,77.20514917209232,67.02635152716623,77.50781837515565,69.70594645073054,70.03669178661158,70.69196571276642
312,71.59247905266355,77.24118811021718,67.05589356227232,77.51400191611027,69.7207555846217,70.05220306365189,70.73275944783015
313,71.59247905266355,77.24118811021718,67.05589356227232,77.52318887204642,69.7207555846217,70.05220306365189,70.73275944783015
314,71.61126008833823,77.29409963279497,67.07080420370077,77.5293177384284,69.7391336134342,70.0831685834743,70.75075762557992
315,71.61126008833823,77.29409963279497,67.07080420370077,77.5325947349394,69.7391336134342,70.0831685834743,70.75075762557992
316,71.62576716602415,77.31210825317827,67.0878393504974,77.54013496296061,69.76055720678461,70.10075031786805,70.78289773380551
317,71.62576716602415,77.31210825317827,67.0878393504974,77.54662070123493,69.76055720678461,70.10075031786805,70.78289773380551
318,71.6465060120147,77.38211506095544,67.11268479089145,77.5538035992865,69.78198792108705,70.12359575254798,70.80230394058991
319,71.6465060120147,77.38211506095544,67.11268479089145,77.55979322317623,69.78198792108705,70.12359575254798,70.80230394058991
320,71.6836491540761,77.42661429937178,67.12714089111483,77.56792220635941,69.80035251269263,70.14453543170558,70.84371125396251
321,71.6836491540761,77.42661429937178,67.12714089111483,77.5735794053656,69.80035251269263,70.14453543170558,70.84371125396251
322,71.71422394342923,77.46575979251304,67.14215067494243,77.57864557435558,69.8408073733049,70.1653639099903,70.89054505743502
323,71.71422394342923,77.46575979251304,67.14215067494243,77.58360218487834,69.8408073733049,70.1653639099903,70.89054505743502
324,71.73962083156444,77.50710488935678,67.16243271719016,77.5863924210356,69.86288199950647,70.17924688574867,70.9092368710891
325,71.73962083156444,77.50710488935678,67.16243271719016,77.5943153441769,69.86288199950647,70.17924688574867,70.9092368710891
326,71.76403147934907,77.54207952212516,67.17481573312237,77.59920987261438,69.92286690583765,70.20301963008819,70.9265431507258
327,71.76403147934907,77.54207952212516,67.17481573312237,77.60778388546734,69.92286690583765,70.20301963008819,70.9265431507258
328,71.78256106733018,77.5717103858637,67.18788847722946,77.61380098982954,69.9434137720056,70.2208349343564,70.94572521512282
329,71.78256106733018,77.5717103858637,67.18788847722946,77.61926538650131,69.9434137720056,70.2208349343564,70.94572521512282
330,71.8263402053238,77.59191432988585,67.19710203591873,77.62372996242416,69.96244186721582,70.23237928030846,70.9690688073055
331,71.8263402053238,77.59191432988585,67.19710203591873,77.62791583771875,69.96244186721582,70.23237928030846,70.9690688073055
332,71.85093969571132,77.61174367368152,67.21049818035995,77.63126626369291,70.0254121347912,70.24653936512975,70.98788623096199
333,71.85093969571132,77.61174367368152,67.21049818035995,77.63747827548109,70.0254121347912,70.24653936512975,70.98788623096199
334,71.86712530569872,77.63115753551243,67.22195644544922,77.64279309355427,70.0763008394444,70.26219653480098,70.99776340488249
335,71.86712530569872,77.63115753551243,67.22195644544922,77.64732693154892,70.0763008394444,70.26219653480098,70.99776340488249
336,71.88608960266359,77.6780744106016,67.23112033991332,77.65429920106553,70.10145203336269,70.28769933069312,71.0176825867999
337,71.88608960266359,77.6780744106016,67.23112033991332,77.6640053989174,70.10145203336269,70.28769933069312,71.0176825867999
338,71.90846894638072,77.70510304023895,67.2384172775824,77.66804974365814,70.13547648393109,70.33656734009706,71.03478857631764
339,71.90846894638072,77.70510304023895,67.2384172775824,77.67209937636784,70.13547648393109,70.33656734009706,71.03478857631764
340,71.93183247549092,77.74517724547601,67.25151418675632,77.67639215308357,70.16580058880811,70.36951082821243,71.06464540365582
341,71.93183247549092,77.74517724547601,67.25151418675632,77.68696921571245,70.16580058880811,70.36951082821243,71.06464540365582
342,71.97732504464666,77.78061057695813,67.27190398340348,77.69378108063462,70.19464348287595,70.40598770598885,71.09410264206082
343,71.97732504464666,77.78061057695813,67.27190398340348,77.7030190624148,70.19464348287595,70.40598770598885,71.09410264206082
344,72.00038067276509,77.8039375300635,67.27901120902132,77.7057931400586,70.20661689194995,70.42409539570562,71.11691861987303
345,72.00038067276509,77.8039375300635,67.27901120902132,77.70979613965847,70.20661689194995,70.42409539570562,71.11691861987303
346,72.02428029047995,77.83337594325911,67.30146623737035,77.71555578365148,70.22974518602415,70.44047737218709,71.14479089408354
347,72.02428029047995,77.83337594325911,67.30146623737035,77.71898718753096,70.22974518602415,70.44047737218709,71.14479089408354
348,72.05028043121713,77.86213129625882,67.31881005637702,77.7245313582796,70.2658586088643,70.45867695205564,71.1721743533826
349,72.05028043121713,77.86213129625882,67.31881005637702,77.72806116001479,70.2658586088643,70.45867695205564,71.1721743533826
350,72.06150319649086,77.89671947006399,67.33305524970959,77.7343852832038,70.28105611206311,70.48693634903458,71.18659544790144
351,72.06150319649086,77.89671947006399,67.33305524970959,77.74092702480574,70.28105611206311,70.48693634903458,71.18659544790144
352,72.09856302275573,77.95219060398776,67.34405808305952,77.74524189458121,70.29436561175592,70.5032528454856,71.2030622711368
353,72.09856302275573,77.95219060398776,67.34405808305952,77.75426136656735,70.29436561175592,70.5032528454856,71.2030622711368
354,72.11257935175517,77.98636121028945,67.36133561333529,77.76187803054214,70.3108238409372,70.52604422412244,71.26117676690103
355,72.11257935175517,77.98636121028945,67.36133561333529,77.7660666583086,70.3108238409372,70.52604422412244,71.26117676690103
356,72.12283186345617,78.02196670465888,67.37055397308112,77.77071615911545,70.33271757187477,70.55815071174499,71.28242680736336
357,72.12283186345617,78.02196670465888,67.37055397308112,77.7750828401686,70.33271757187477,70.55815071174499,71.28242680736336
358,72.14533881297758,78.06448043716978,67.38979557891273,77.7798745745536,70.3627824848071,70.5845106074385,71.30555236797366
359,72.14533881297758,78.06448043716978,67.38979557891273,77.78543486469061,70.3627824848071,70.5845106074385,71.30555236797366
360,72.1714567659799,78.13220541408734,67.39415469113658,77.78974753407526,70.37665380597625,70.6010189131134,71.31734510976065
361,72.1714567659799,78.13220541408734,67.39415469113658,77.79534723859452,70.37665380597625,70.6010189131134,71.31734510976065
362,72.18212272953642,78.16228161975616,67.41041268470727,77.8028733287815,70.39443406349642,70.62853346665918,71.33925682729858
363,72.18212272953642,78.16228161975616,67.41041268470727,77.80538636810962,70.39443406349642,70.62853346665918,71.33925682729858
364,72.19674043150806,78.1946426976968,67.42254411112629,77.80978489100293,70.40385747379398,70.64258110475177,71.37466586317657
365,72.19674043150806,78.1946426976968,67.42254411112629,77.81395220368744,70.40385747379398,70.64258110475177,71.37466586317657
366,72.23325735928725,78.21610050576325,67.43371251139857,77.81752034474061,70.43376533084577,70.67246511773112,71.39569808940433
367,72.23325735928725,78.21610050576325,67.43371251139857,77.82284248832946,70.43376533084577,70.67246511773112,71.39569808940433
368,72.24464733284123,78.24087507104619,67.44208373999668,77.83172546883262,70.45122428408264,70.6799931225237,71.4108173990933
369,72.24464733284123,78.24087507104619,67.44208373999668,77.83829011665895,70.45122428408264,70.6799931225237,71.4108173990933
370,72.26222098833709,78.28814398092695,67.45329302908718,77.84899083214526,70.4652586620661,70.70457522722151,71.44070650235489
371,72.26222098833709,78.28814398092695,67.45329302908718,77.85514131158429,70.4652586620661,70.70457522722151,71.44070650235489
372,72.27753688423772,78.36454801482506,67.4664408834505,77.86017437518692,70.48285112656842,70.7204471506158,71.46473219130762
373,72.27753688423772,78.36454801482506,67.4664408834505,77.86586381585909,70.48285112656842,70.7204471506158,71.46473219130762
374,72.3174854718702,78.40481690269999,67.48139866022663,77.87014029112255,70.49770458909475,70.73154094074467,71.48191346630027
375,72.3174854718702,78.40481690269999,67.48139866022663,77.87657341280901,70.49770458909475,70.73154094074467,71.48191346630027
376,72.32940753441093,78.44726737114607,67.49456175234296,77.88310722545577,70.53334348001903,70.73920718132604,71.50000189411593
377,72.32940753441093,78.44726737114607,67.49456175234296,77.88661334587248,70.53334348001903,70.73920718132604,71.50000189411593
378,72.36432624862358,78.46499804591011,67.51191727012917,77.8927973751307,70.55244639998163,70.75258745798017,71.51552719281594
379,72.36432624862358,78.46499804591011,67.51191727012917,77.89834021289427,70.55244639998163,70.75258745798017,71.51552719281594
380,72.38788847708783,78.4983319044281,67.52296725883477,77.90143506924052,70.56912567256919,70.76467241293375,71.53126456528821
381,72.38788847708783,78.4983319044281,67.52296725883477,77.90558788102214,70.56912567256919,70.76467241293375,71.53126456528821
382,72.44253633467186,78.54159546753499,67.53308909908043,77.9089352693909,70.57773732184798,70.77367345917192,71.54996470324446
383,72.44253633467186,78.54159546753499,67.53308909908043,77.91178079073312,70.57773732184798,70.77367345917192,71.54996470324446
384,72.45814044101627,78.5821287126719,67.54877780726083,77.91793657064154,70.59306779232176,70.7928819491185,71.56660762946093
385,72.45814044101627,78.5821287126719,67.54877780726083,77.9208463818672,70.59306779232176,70.7928819491185,71.56660762946093
386,72.47411119441601,78.62828010947102,67.558431578312,77.92869533872502,70.6116470329131,70.80876998071945,71.57621444854544
387,72.47411119441601,78.62828010947102,67.558431578312,77.93234438856341,70.6116470329131,70.80876998071945,71.57621444854544
388,72.48718369281956,78.64391845052913,67.57016523454263,77.9362941135538,70.64363237813015,70.84254477327126,71.59454561243093
389,72.48718369281956,78.64391845052913,67.57016523454263,77.94258277489493,70.64363237813015,70.84254477327126,71.59454561243093
390,72.49578529817238,78.6808690564078,67.57966072213708,77.94568172744877,70.66205051298978,70.85674040135424,71.60972947739683
391,72.49578529817238,78.6808690564078,67.57966072213708,77.95019058944203,70.66205051298978,70.85674040135424,71.60972947739683
392,72.50696551433941,78.73933737195159,67.58831072689465,77.95416651176924,70.6769631624077,70.87135546106732,71.64530756040347
393,72.50696551433941,78.73933737195159,67.58831072689465,77.96021006287272,70.6769631624077,70.87135546106732,71.64530756040347
394,72.51425165788507,78.75817450420357,67.59494667789806,77.9626977012869,70.69093037695114,70.88004724390183,71.65399576102993
395,72.51425165788507,78.75817450420357,67.59494667789806,77.96656394500647,70.69093037695114,70.88004724390183,71.65399576102993
396,72.52650788787443,78.78291225487807,67.60374834438193,77.97058932588679,70.71127744219548,70.89440849620026,71.67138817868364
397,72.52650788787443,78.78291225487807,67.60374834438193,77.97409709608567,70.71127744219548,70.89440849620026,71.67138817868364
398,72.54502334081893,78.80379914741708,67.61962900422112,77.97722592472974,70.74681336682167,70.90830832084808,71.68542379536781
399,72.54502334081893,78.80379914741708,67.61962900422112,77.98175405491183,70.74681336682167,70.90830832084808,71.68542379536781
400,72.56472892759862,78.84892646179692,67.62497305164264,77.98411986658097,70.7585297983566,70.92646160745201,71.7044180641731
401,72.56472892759862,78.84892646179692,67.62497305164264,77.9918146733154,70.7585297983566,70.92646160745201,71.7044180641731
402,72.57809744815869,78.87975145450504,67.6302044111016,77.99398348021937,70.77585945753502,70.94467243889505,71.71605184788476
403,72.57809744815869,78.87975145450504,67.6302044111016,77.99635077963717,70.77585945753502,70.94467243889505,71.71605184788476
404,72.59683450424805,78.90650843129717,67.64286521968255,77.9989460427754,70.81674277961075,70.96638823809278,71.74384497299997
405,72.59683450424805,78.90650843129717,67.64286521968255,78.00204575164558,70.81674277961075,70.96638823809278,71.74384497299997
406,72.60922647888057,78.93945563907599,67.65652743204524,78.00415364430326,70.82489119215083,70.99752462773141,71.78261244923137
407,72.60922647888057,78.93945563907599,67.65652743204524,78.01125290714239,70.82489119215083,70.99752462773141,71.78261244923137
408,72.62729115298629,78.95342633771718,67.66485591107296,78.01621156664332,70.84172206212914,71.00725375620647,71.80064638446505
409,72.62729115298629,78.95342633771718,67.66485591107296,78.01806517937602,70.84172206212914,71.00725375620647,71.80064638446505
410,72.64266537857512,78.98288824529111,67.67860656304819,78.02589509204947,70.87669196258724,71.01894412895804,71.81132517387437
411,72.64266537857512,78.98288824529111,67.67860656304819,78.03220801692373,70.87669196258724,71.01894412895804,71.81132517387437
412,72.68455771903176,79.00974443380488,67.69067075856854,78.03652081913638,70.89093906417222,71.03356319834025,71.82686991742573
413,72.68455771903176,79.00974443380488,67.69067075856854,78.0427087802973,70.89093906417222,71.03356319834025,71.82686991742573
414,72.70664137409908,79.03906360699338,67.70144198399657,78.04644291133994,70.92074447492354,71.04237388938101,71.83538704500964
415,72.70664137409908,79.03906360699338,67.70144198399657,78.04755915772704,70.92074447492354,71.04237388938101,71.83538704500964
416,72.71374962667824,79.07014088193915,67.70883982377329,78.04915381149725,70.93603916586848,71.05433051927993,71.84439776154883
417,72.71374962667824,79.07014088193915,67.70883982377329,78.05173269203914,70.93603916586848,71.05433051927993,71.84439776154883
418,72.72999747660322,79.10676959148752,67.7157255036631,78.05466342197518,70.96162637428274,71.06981975737449,71.85399853004478
419,72.72999747660322,79.10676959148752,67.7157255036631,78.05794706182314,70.96162637428274,71.06981975737449,71.85399853004478
420,72.73856974597803,79.12763802144329,67.72870651828148,78.0626356370203,70.97657404488494,71.08058311804602,71.86363841629105
421,72.73856974597803,79.12763802144329,67.72870651828148,78.07110309907732,70.97657404488494,71.08058311804602,71.86363841629105
422,72.75365908886556,79.15840958096645,67.73986295833173,78.07254268979027,70.99147262057924,71.09036118717707,71.87931543098429
423,72.75365908886556,79.15840958096645,67.73986295833173,78.07571974991443,70.99147262057924,71.09036118717707,71.87931543098429
424,72.76698868911544,79.2017710222534,67.75368394643336,78.07983626553644,71.01122407895812,71.10683467704416,71.8977395102733
425,72.76698868911544,79.2017710222534,67.75368394643336,78.08206885519516,71.01122407895812,71.10683467704416,71.8977395102733
426,72.77548782998991,79.24525982937806,67.78061729629833,78.08398994985701,71.04118926864915,71.11981436595204,71.92997557209128
427,72.77548782998991,79.24525982937806,67.78061729629833,78.08691179195543,71.04118926864915,71.11981436595204,71.92997557209128
428,72.791558586535,79.27195284485309,67.80865169089097,78.08869397874977,71.06841556536764,71.12990342825022,71.96389249643047
429,72.791558586535,79.27195284485309,67.80865169089097,78.09264597139267,71.06841556536764,71.12990342825022,71.96389249643047
430,72.81886095834595,79.30191217378602,67.81563376678297,78.09551052069554,71.08307498227063,71.15404254268016,71.97719226371676
431,72.81886095834595,79.30191217378602,67.81563376678297,78.10100630515402,71.08307498227063,71.15404254268016,71.97719226371676
432,72.83519599705598,79.34399446961226,67.82693238324516,78.1036916348896,71.10466563532434,71.16271341403932,71.9834525483583
433,72.83519599705598,79.34399446961226,67.82693238324516,78.1872433120043,71.10466563532434,71.16271341403932,71.9834525483583
434,72.84652329451718,79.36298200483387,67.83323316005138,78.19648436027336,71.13892219301205,71.1778248930117,71.99754488872668
435,72.84652329451718,79.36298200483387,67.83323316005138,78.20007769510421,71.13892219301205,71.1778248930117,71.99754488872668
436,72.86655700435064,79.40028500048713,67.85057393294278,78.20566983909768,71.16246630006303,71.19311276566333,72.00689408540585
437,72.86655700435064,79.40028500048713,67.85057393294278,78.21384515033004,71.16246630006303,71.19311276566333,72.00689408540585
438,72.91545475907492,79.481663725633,67.85855113830006,78.2182311387418,71.17688794352429,71.20675485249706,72.0190684519839
439,72.91545475907492,79.481663725633,67.85855113830006,78.22840750566446,71.17688794352429,71.20675485249706,72.0190684519839
440,72.93485904207537,79.50639128204327,67.867325020636,78.2363647278594,71.18820361028682,71.22969678742217,72.04933419493439
441,72.93485904207537,79.50639128204327,67.867325020636,78.24134688673934,71.18820361028682,71.22969678742217,72.04933419493439
442,72.94428305327675,79.52218197120222,67.8810018429905,78.24646023562258,71.19789133412063,71.23880662685373,72.07336822862679
443,72.94428305327675,79.52218197120222,67.8810018429905,78.26890543493757,71.19789133412063,71.23880662685373,72.07336822862679
444,72.97264777841536,79.5428334716695,67.88920124423305,78.27334362609392,71.2237349754498,71.24741657696045,72.10087397138614
445,72.97264777841536,79.5428334716695,67.88920124423305,78.2883641856254,71.2237349754498,71.24741657696045,72.10087397138614
446,73.02379931368996,79.55306526884291,67.89997614825582,78.29450390213633,71.24813592513924,71.26645601047474,72.1095344028147
447,73.02379931368996,79.55306526884291,67.89997614825582,78.2969900355058,71.24813592513924,71.26645601047474,72.1095344028147
448,73.0596830829481,79.56411297716491,67.90688733943827,78.3019079917411,71.26617940344362,71.29679362437886,72.1319465387004
449,73.0596830829481,79.56411297716491,67.90688733943827,78.30461083285284,71.26617940344362,71.29679362437886,72.1319465387004
450,73.07261185959965,79.58917374045932,67.91608597033652,78.31198251808665,71.29235647032908,71.31959242151648,72.14414632464432
451,73.07261185959965,79.58917374045932,67.91608597033652,78.31708381509821,71.29235647032908,71.31959242151648,72.14414632464432
452,73.11052498255061,79.61251134773872,67.92357047916481,78.33172561028445,71.30336460252,71.34130525902712,72.16765407049515
453,73.11052498255061,79.61251134773872,67.92357047916481,78.33563940739823,71.30336460252,71.34130525902712,72.16765407049515
454,73.12851958995574,79.63100512004084,67.93522776644674,78.33872206208075,71.320921515678,71.36051387552648,72.20102331093169
455,73.12851958995574,79.63100512004084,67.93522776644674,78.34687568763684,71.320921515678,71.36051387552648,72.20102331093169
456,73.13939490985999,79.64542147263668,67.98483344792675,78.37120333963011,71.34027727494255,71.36767610492925,72.250647069954
457,73.13939490985999,79.64542147263668,67.98483344792675,78.39092562784873,71.34027727494255,71.36767610492925,72.250647069954
458,73.14698243779124,79.67642513947902,67.99324158870866,78.39308901126658,71.3516584583163,71.38318416522345,72.28522677593493
459,73.14698243779124,79.67642513947902,67.99324158870866,78.42200996698917,71.3516584583163,71.38318416522345,72.28522677593493
460,73.22437416839571,79.72944322770947,67.99886565040097,78.44042522680887,71.35673287247748,71.39416135983869,72.30758655839634
461,73.22437416839571,79.72944322770947,67.99886565040097,78.44469039033837,71.35673287247748,71.39416135983869,72.30758655839634
462,73.2360969398031,79.75269372398833,68.00614278411439,78.46088401767149,71.37049203167821,71.40332814215769,72.31573509170703
463,73.2360969398031,79.75269372398833,68.00614278411439,78.48348072065995,71.37049203167821,71.40332814215769,72.31573509170703
464,73.2630365140175,79.76796377125703,68.0249931403812,78.48766948891284,71.39003036891586,71.41381852785243,72.3282781156833
465,73.2630365140175,79.76796377125703,68.0249931403812,78.49287135984133,71.39003036891586,71.41381852785243,72.3282781156833
466,73.2880069137826,79.78357315816697,68.04218885039042,78.49457803910974,71.40513913110068,71.42914454259233,72.35480559055361
467,73.2880069137826,79.78357315816697,68.04218885039042,78.51242767291102,71.40513913110068,71.42914454259233,72.35480559055361
468,73.30803310439399,79.7946738782219,68.04993737669503,78.51590075646448,71.41754395172774,71.43700204243606,72.36822588227002
469,73.30803310439399,79.7946738782219,68.04993737669503,78.51439296184762,71.41754395172774,71.43700204243606,72.36822588227002
470,73.31724065288937,79.83491035584859,68.05549166359985,78.51545188822762,71.43510672697597,71.44405653632457,72.38400873582358
471,73.31724065288937,79.83491035584859,68.05549166359985,78.58677939679973,71.43510672697597,71.44405653632457,72.38400873582358
472,73.32647299978872,79.85698249180189,68.0662468733355,78.5896503987643,71.44236283712303,71.45671386027351,72.39995988609402
473,73.32647299978872,79.85698249180189,68.0662468733355,78.5951512925303,71.44236283712303,71.45671386027351,72.39995988609402
474,73.37110588532184,79.86996483732025,68.08036473992283,78.59817710295286,71.45675226224199,71.46545687365067,72.41021161900173
475,73.37110588532184,79.86996483732025,68.08036473992283,78.61644947140812,71.45675226224199,71.46545687365067,72.41021161900173
476,73.39642957577695,79.88915364934206,68.08802139145683,78.61935928111782,71.46660021938521,71.47817929141245,72.42338193142561
477,73.39642957577695,79.88915364934206,68.08802139145683,78.62308997859103,71.46660021938521,71.47817929141245,72.42338193142561
478,73.40995901987276,79.91842159454586,68.10187740714439,78.62931680429095,71.48397959010903,71.4857392851423,72.44384541447637
479,73.40995901987276,79.91842159454586,68.10187740714439,78.63953138396302,71.48397959010903,71.4857392851423,72.44384541447637
480,73.42177744900289,79.93272679754683,68.12225488425102,78.65305230650254,71.48871349896069,71.49650198991601,72.45522868145378
481,73.42177744900289,79.93272679754683,68.12225488425102,78.65729033524093,71.48871349896069,71.49650198991601,72.45522868145378
482,73.43463298354798,79.94637237812242,68.12703479131616,78.66402240020332,71.50212243910161,71.50270835813602,72.46050222675498
483,73.43463298354798,79.94637237812242,68.12703479131616,78.66640154169164,71.50212243910161,71.50270835813602,72.46050222675498
484,73.4506861607047,79.96478601999908,68.13220399076243,78.66990094711286,71.51480052155796,71.51323463963558,72.46735709141976
485,73.4506861607047,79.96478601999908,68.13220399076243,78.67329588282986,71.51480052155796,71.51323463963558,72.46735709141976
486,73.51082597919846,79.98184505444955,68.16850837157149,78.67336829555083,71.52497824451949,71.5223114305839,72.48194109315442
487,73.51082597919846,79.98184505444955,68.16850837157149,78.67047169639841,71.52497824451949,71.5223114305839,72.48194109315442
488,73.52559859516141,79.99767982287747,68.17312275786767,78.67466163214972,71.53074582026036,71.54017594124849,72.51752819563688
489,73.52559859516141,79.99767982287747,68.17312275786767,78.68091409328106,71.53074582026036,71.54017594124849,72.51752819563688
490,73.54424031914297,80.03197890007488,68.18211270231852,78.68541071788054,71.53800504050874,71.54581502178678,72.5265082148675
491,73.54424031914297,80.03197890007488,68.18211270231852,78.70236591632568,71.53800504050874,71.54581502178678,72.5265082148675
492,73.55220611695152,80.05404477130125,68.19282864466071,78.70486979419927,71.56979561312941,71.57680513272993,72.5425843865407
493,73.55220611695152,80.05404477130125,68.19282864466071,78.70821635074819,71.56979561312941,71.57680513272993,72.5425843865407
494,73.57003003971002,80.07960400501294,68.20174020759052,78.70983429615848,71.5759267152036,71.58698907432623,72.56127791992152
495,73.57003003971002,80.07960400501294,68.20174020759052,78.71907076287847,71.5759267152036,71.58698907432623,72.56127791992152
496,73.58680351251917,80.09290110365157,68.21161715114604,78.72647289494788,71.58960069989413,71.59903965020156,72.56860951984778
497,73.58680351251917,80.09290110365157,68.21161715114604,78.73540618966717,71.58960069989413,71.59903965020156,72.56860951984778
498,73.60443607601403,80.10771450262891,68.22355059155001,78.74657740161408,71.60588791445855,71.60810331348543,72.57921165328516
499,73.60443607601403,80.10771450262891,68.22355059155001,78.75853301931373,71.60588791445855,71.60810331348543,72.57921165328516
