Comparison stage no.,data//output//runtimePerformance//DECMO//SolutionSetSize50//,data//output//runtimePerformance//DECMO//SolutionSetSize100//,data//output//runtimePerformance//DECMO//SolutionSetSize200//,data//output//runtimePerformance//DECMO//SolutionSetSize300//,data//output//runtimePerformance//DECMO//SolutionSetSize400//,data//output//runtimePerformance//DECMO//SolutionSetSize500//
0,58.44907493239592,58.94513477770991,62.618579506654434,64.46950325125266,65.91179631380315,66.64048117731808
1,64.52215640949443,62.32170383558072,62.618579506654434,64.46950325125266,65.91179631380315,66.64048117731808
2,69.16624270216309,65.40405307819431,65.52280145252595,64.46950325125266,65.91179631380315,66.64048117731808
3,73.07530370300412,67.84106142259313,65.52280145252595,67.23721849245274,65.91179631380315,66.64048117731808
4,75.75090898344511,69.98450349929091,68.30281074240176,67.23721849245274,68.41532105054037,66.64048117731808
5,77.94096651776073,71.86611487181108,68.30281074240176,67.23721849245274,68.41532105054037,69.00114075208353
6,79.60601268156708,73.86748136454374,70.87812005563124,69.70173568687423,68.41532105054037,69.00114075208353
7,80.93050825427726,75.73463567883631,70.87812005563124,69.70173568687423,68.41532105054037,69.00114075208353
8,81.94679110639194,77.17361389474239,73.16144641136756,69.70173568687423,71.01646412961506,69.00114075208353
9,82.76928396421157,78.47974513783001,73.16144641136756,72.18711230130492,71.01646412961506,69.00114075208353
10,83.36016461222768,79.52682179901343,74.9793243995514,72.18711230130492,71.01646412961506,71.7771888145567
11,83.88521757398594,80.60809788069305,74.9793243995514,72.18711230130492,71.01646412961506,71.7771888145567
12,84.32853627379038,81.5202576560796,76.53642872362536,74.29494352179672,73.31105427429175,71.7771888145567
13,84.67504376835633,82.21256669947724,76.53642872362536,74.29494352179672,73.31105427429175,71.7771888145567
14,84.97903094914481,82.85088384404173,77.96694829457265,74.29494352179672,73.31105427429175,71.7771888145567
15,85.26205612055965,83.36993846628822,77.96694829457265,76.28690188933557,73.31105427429175,73.94112363875807
16,85.51054090482671,83.86049713361872,79.21462720435174,76.28690188933557,75.41096079242507,73.94112363875807
17,85.70450674593674,84.32729629797065,79.21462720435174,76.28690188933557,75.41096079242507,73.94112363875807
18,85.88790108416967,84.71571305929116,80.2871610729882,77.87914802827589,75.41096079242507,73.94112363875807
19,86.05271657901665,85.03579239547335,80.2871610729882,77.87914802827589,75.41096079242507,73.94112363875807
20,86.19061318495443,85.28424737317862,81.21093944138849,77.87914802827589,77.20750347216097,75.99792595725927
21,86.31276826456579,85.52522302712295,81.21093944138849,79.23843375641464,77.20750347216097,75.99792595725927
22,86.39576219685476,85.74957847162456,82.1854839605838,79.23843375641464,77.20750347216097,75.99792595725927
23,86.50467924871755,85.9376661464751,82.1854839605838,79.23843375641464,77.20750347216097,75.99792595725927
24,86.59381811563748,86.10139270662329,82.92893968683515,80.41400156958885,78.71358617061775,75.99792595725927
25,86.67097547458167,86.24070022488795,82.92893968683515,80.41400156958885,78.71358617061775,77.66345310717796
26,86.73042768746546,86.38881405151133,83.59935449739844,80.41400156958885,78.71358617061775,77.66345310717796
27,86.79437749059578,86.52878564788334,83.59935449739844,81.43090508894504,78.71358617061775,77.66345310717796
28,86.837386156711,86.64565388372671,84.16217325588782,81.43090508894504,79.93609577415253,77.66345310717796
29,86.8978816195466,86.75888005961221,84.16217325588782,81.43090508894504,79.93609577415253,77.66345310717796
30,86.94917656807449,86.84525308409309,84.62030310681598,82.32148246934389,79.93609577415253,79.0634387498524
31,87.00044302277416,86.9296107586904,84.62030310681598,82.32148246934389,79.93609577415253,79.0634387498524
32,87.03988256120024,87.01202210383492,85.0262606777852,82.32148246934389,81.07718877723227,79.0634387498524
33,87.08115912003616,87.09369797103919,85.0262606777852,83.04370039545576,81.07718877723227,79.0634387498524
34,87.11679580043882,87.16672163791004,85.40163706201587,83.04370039545576,81.07718877723227,79.0634387498524
35,87.15918348697362,87.23776915764964,85.40163706201587,83.04370039545576,81.07718877723227,80.37345768896746
36,87.17909883467534,87.30618757136908,85.78095511232063,83.72747409349547,82.02568634640828,80.37345768896746
37,87.21856046126626,87.3616584843126,85.78095511232063,83.72747409349547,82.02568634640828,80.37345768896746
38,87.24552842571936,87.41146197872708,86.07138220880455,83.72747409349547,82.02568634640828,80.37345768896746
39,87.27227558498652,87.46773650074806,86.07138220880455,84.25424897489728,82.02568634640828,80.37345768896746
40,87.28560846439589,87.50555267211638,86.33590116895564,84.25424897489728,82.82075303302184,81.40589305255591
41,87.30793342076265,87.55419231905617,86.33590116895564,84.25424897489728,82.82075303302184,81.40589305255591
42,87.33488806389568,87.59910782557606,86.57857955359621,84.75188174604025,82.82075303302184,81.40589305255591
43,87.35298363475874,87.63528047771938,86.57857955359621,84.75188174604025,82.82075303302184,81.40589305255591
44,87.37301041129136,87.66963430176197,86.79315238011112,84.75188174604025,83.55267631216816,81.40589305255591
45,87.39647355949239,87.7011223081335,86.79315238011112,85.19344216555713,83.55267631216816,82.38694084978503
46,87.40137637011584,87.73352452134245,86.97098603825836,85.19344216555713,83.55267631216816,82.38694084978503
47,87.41386547355242,87.76348789531242,86.97098603825836,85.19344216555713,83.55267631216816,82.38694084978503
48,87.42445533282006,87.7882617669614,87.12581919172415,85.58811418508937,84.19715184774942,82.38694084978503
49,87.44898305267036,87.81769723420341,87.12581919172415,85.58811418508937,84.19715184774942,82.38694084978503
50,87.4648477095243,87.83608956891513,87.26684708269684,85.58811418508937,84.19715184774942,83.17327323980649
51,87.4718266094326,87.86191300759288,87.26684708269684,85.96238143260976,84.19715184774942,83.17327323980649
52,87.48697089800976,87.8874415646027,87.39107177052416,85.96238143260976,84.70914445644817,83.17327323980649
53,87.49417596594522,87.90731825989573,87.39107177052416,85.96238143260976,84.70914445644817,83.17327323980649
54,87.50066784801858,87.93340364829724,87.50310107045281,86.27659104310615,84.70914445644817,83.17327323980649
55,87.51473634135712,87.9458458455466,87.50310107045281,86.27659104310615,84.70914445644817,83.87052533488543
56,87.52372996836624,87.96500598294297,87.60239610353275,86.27659104310615,85.1511739409953,83.87052533488543
57,87.5281404514825,87.98381536533465,87.60239610353275,86.54105609988495,85.1511739409953,83.87052533488543
58,87.54607280493408,87.99959569918575,87.69442384812733,86.54105609988495,85.1511739409953,83.87052533488543
59,87.55501735929664,88.01439880272306,87.69442384812733,86.54105609988495,85.1511739409953,83.87052533488543
60,87.55190594930056,88.02500001645835,87.76542346985089,86.77972553857455,85.57311426235796,84.44060612014619
61,87.5665035202307,88.0418090000586,87.76542346985089,86.77972553857455,85.57311426235796,84.44060612014619
62,87.5820441675141,88.05519623460856,87.84160223265391,86.77972553857455,85.57311426235796,84.44060612014619
63,87.57596667053173,88.0703264569721,87.84160223265391,86.98179633870531,85.57311426235796,84.44060612014619
64,87.5914600215896,88.08381696395752,87.91400152384281,86.98179633870531,85.90533215004933,84.44060612014619
65,87.60655613488801,88.09087297576433,87.91400152384281,86.98179633870531,85.90533215004933,84.9493280507383
66,87.61500044929227,88.10623374114161,87.97295548349345,87.16853626658742,85.90533215004933,84.9493280507383
67,87.61990829671348,88.11930674561036,87.97295548349345,87.16853626658742,85.90533215004933,84.9493280507383
68,87.61609727598372,88.1306343770381,88.0269157609355,87.16853626658742,86.19590331145902,84.9493280507383
69,87.61867110212448,88.14338941019605,88.0269157609355,87.32608717764926,86.19590331145902,84.9493280507383
70,87.61729988595525,88.1452808243486,88.07607294461184,87.32608717764926,86.19590331145902,85.37705811249488
71,87.6250324909777,88.15734154904408,88.07607294461184,87.32608717764926,86.19590331145902,85.37705811249488
72,87.62330910588896,88.16800243111047,88.1184420954211,87.47036863783416,86.46828406288991,85.37705811249488
73,87.63212240912813,88.17661363838862,88.1184420954211,87.47036863783416,86.46828406288991,85.37705811249488
74,87.63902759945715,88.18809741107187,88.1552160634141,87.47036863783416,86.46828406288991,85.37705811249488
75,87.65053033389776,88.18826853937915,88.1552160634141,87.60575220791151,86.46828406288991,85.75582963518023
76,87.65158634358542,88.19551805904837,88.19126962788295,87.60575220791151,86.70439869457606,85.75582963518023
77,87.64833564429338,88.2063843489895,88.19126962788295,87.60575220791151,86.70439869457606,85.75582963518023
78,87.65862957072858,88.21552286450226,88.2197940929998,87.71711510585793,86.70439869457606,85.75582963518023
79,87.66791569673757,88.2257992092985,88.2197940929998,87.71711510585793,86.70439869457606,85.75582963518023
80,87.67156931815683,88.22864103619371,88.2488880507281,87.71711510585793,86.92069670919027,86.12118855298684
81,87.676957442014,88.23739608705634,88.2488880507281,87.82552239470492,86.92069670919027,86.12118855298684
82,87.68151770661333,88.24390770573655,88.28146433504546,87.82552239470492,86.92069670919027,86.12118855298684
83,87.68150381499476,88.25209771162176,88.28146433504546,87.82552239470492,86.92069670919027,86.12118855298684
84,87.698483682342,88.26171353623401,88.3109583368,87.91255103159678,87.13725602699311,86.12118855298684
85,87.69933082450014,88.26124909543452,88.3109583368,87.91255103159678,87.13725602699311,86.41274819851957
86,87.69783460559627,88.26882644715211,88.33587497768966,87.91255103159678,87.13725602699311,86.41274819851957
87,87.69611827802655,88.27664505705157,88.33587497768966,87.98837415676529,87.13725602699311,86.41274819851957
88,87.69699198610634,88.28227016008778,88.35828746724651,87.98837415676529,87.31820759265494,86.41274819851957
89,87.70109644543689,88.28496918280739,88.35828746724651,87.98837415676529,87.31820759265494,86.41274819851957
90,87.70915902516629,88.28608122774261,88.38100673467294,88.0580753763546,87.31820759265494,86.66561880241088
91,87.70425331462482,88.29042376533654,88.38100673467294,88.0580753763546,87.31820759265494,86.66561880241088
92,87.69914291155418,88.29652862793249,88.40194070154362,88.0580753763546,87.48383646903761,86.66561880241088
93,87.7021623288303,88.30235020326347,88.40194070154362,88.12689306684597,87.48383646903761,86.66561880241088
94,87.7161984904773,88.3090883265221,88.42212013175997,88.12689306684597,87.48383646903761,86.66561880241088
95,87.70980822596741,88.30668058995175,88.42212013175997,88.12689306684597,87.48383646903761,86.90594088147516
96,87.70942299589024,88.31475056597695,88.44037367963553,88.18334703546064,87.61608642313627,86.90594088147516
97,87.71584546215854,88.32141612545708,88.44037367963553,88.18334703546064,87.61608642313627,86.90594088147516
98,87.70798398176174,88.32684715414524,88.45577344221653,88.18334703546064,87.61608642313627,86.90594088147516
99,87.71352568217647,88.32907955668372,88.45577344221653,88.23855274799536,87.61608642313627,86.90594088147516
100,87.70880667142646,88.32752355146918,88.46650572078697,88.23855274799536,87.74038152903465,87.10083742823363
101,87.71283451863295,88.33349769244909,88.46650572078697,88.23855274799536,87.74038152903465,87.10083742823363
102,87.71118757974274,88.34145001681738,88.48185539197485,88.28866968833057,87.74038152903465,87.10083742823363
103,87.71389417216209,88.3442950790683,88.48185539197485,88.28866968833057,87.74038152903465,87.10083742823363
104,87.71508614773461,88.34640950595912,88.49613952941208,88.28866968833057,87.85967893321472,87.10083742823363
105,87.71165242438279,88.34618158231815,88.49613952941208,88.3311948467451,87.85967893321472,87.28114304453112
106,87.71661322202664,88.35136358967046,88.50897204338264,88.3311948467451,87.85967893321472,87.28114304453112
107,87.71893315491798,88.35656389088024,88.50897204338264,88.3311948467451,87.85967893321472,87.28114304453112
108,87.7251684339382,88.36101712448456,88.52116924501273,88.3700884945862,87.96065100960315,87.28114304453112
109,87.72087030161265,88.36382485457676,88.52116924501273,88.3700884945862,87.96065100960315,87.28114304453112
110,87.72762996724451,88.36312503833861,88.53381598759836,88.3700884945862,87.96065100960315,87.4435674212877
111,87.73255878336634,88.36949751843632,88.53381598759836,88.40623405879825,87.96065100960315,87.4435674212877
112,87.72917945386871,88.37655980827441,88.54444464704972,88.40623405879825,88.0498420381718,87.4435674212877
113,87.74191851189146,88.38003963637416,88.54444464704972,88.40623405879825,88.0498420381718,87.4435674212877
114,87.74010034289537,88.38173457561582,88.55485785221137,88.4385148644591,88.0498420381718,87.4435674212877
115,87.74315862437237,88.38056784843423,88.55485785221137,88.4385148644591,88.0498420381718,87.58640721652952
116,87.74416028657514,88.38485420227076,88.56466610061379,88.4385148644591,88.13361773396848,87.58640721652952
117,87.7429037001439,88.39127010616127,88.56466610061379,88.46655656214057,88.13361773396848,87.58640721652952
118,87.74696074735928,88.39395406813806,88.57351791232338,88.46655656214057,88.13361773396848,87.58640721652952
119,87.75165386492706,88.39426963196426,88.57351791232338,88.46655656214057,88.13361773396848,87.58640721652952
120,87.74088650230516,88.38880151267642,88.5800531023189,88.49147580292707,88.20628917555774,87.71441248323251
121,87.73563342982719,88.39404617032258,88.5800531023189,88.49147580292707,88.20628917555774,87.71441248323251
122,87.74302277920347,88.39859384852532,88.58879050249102,88.49147580292707,88.20628917555774,87.71441248323251
123,87.7331134796544,88.40171446418692,88.58879050249102,88.51516302377172,88.20628917555774,87.71441248323251
124,87.73222582809878,88.40636378887059,88.59722395392184,88.51516302377172,88.26851462945784,87.71441248323251
125,87.72663052499144,88.40413598159438,88.59722395392184,88.51516302377172,88.26851462945784,87.82983869290804
126,87.7323236586199,88.40711442332618,88.60559050652631,88.53778254496955,88.26851462945784,87.82983869290804
127,87.73522663046867,88.40827859823146,88.60559050652631,88.53778254496955,88.26851462945784,87.82983869290804
128,87.7403401206079,88.40988586557476,88.61382605835871,88.53778254496955,88.32554181745023,87.82983869290804
129,87.7394921239536,88.41215426644357,88.61382605835871,88.55873176011819,88.32554181745023,87.82983869290804
130,87.74040722309506,88.41235448349032,88.62272576186152,88.55873176011819,88.32554181745023,87.9434154975566
131,87.73744314540828,88.41682843753135,88.62272576186152,88.55873176011819,88.32554181745023,87.9434154975566
132,87.74109438522646,88.42024137138736,88.62998187585664,88.57849508213725,88.375391657114,87.9434154975566
133,87.74596814733967,88.42243997542431,88.62998187585664,88.57849508213725,88.375391657114,87.9434154975566
134,87.74718925437816,88.422878155285,88.63677738806871,88.57849508213725,88.375391657114,87.9434154975566
135,87.74135433951474,88.42260325545193,88.63677738806871,88.59487693977162,88.375391657114,88.04605953888277
136,87.74759954489056,88.42697904243954,88.64394332752066,88.59487693977162,88.42058570035731,88.04605953888277
137,87.746089133533,88.4292532117042,88.64394332752066,88.59487693977162,88.42058570035731,88.04605953888277
138,87.74508961905417,88.43349419987759,88.650712663494,88.61435089183568,88.42058570035731,88.04605953888277
139,87.75166427701944,88.43667036022302,88.650712663494,88.61435089183568,88.42058570035731,88.04605953888277
140,87.75239062903594,88.43467398355784,88.65443746226101,88.61435089183568,88.46003412389742,88.13317051954958
141,87.74953982538214,88.43594853728767,88.65443746226101,88.63072015921945,88.46003412389742,88.13317051954958
142,87.74617291035167,88.43527742275151,88.65981701009109,88.63072015921945,88.46003412389742,88.13317051954958
143,87.75178517774543,88.43599753487372,88.65981701009109,88.63072015921945,88.46003412389742,88.13317051954958
144,87.74257310751861,88.43632238912774,88.6652648043929,88.64595342057979,88.4969470854565,88.13317051954958
145,87.74584641132299,88.43711153765624,88.6652648043929,88.64595342057979,88.4969470854565,88.2162210182635
146,87.7461064588891,88.43943239951767,88.67161806848615,88.64595342057979,88.4969470854565,88.2162210182635
147,87.74701492915834,88.43941223042988,88.67161806848615,88.66099345790363,88.4969470854565,88.2162210182635
148,87.74453033790518,88.44018525965373,88.6768486535246,88.66099345790363,88.53123888123055,88.2162210182635
149,87.74582107753375,88.44363356989497,88.6768486535246,88.66099345790363,88.53123888123055,88.2162210182635
150,87.74823265155226,88.4422575447273,88.68199815209091,88.67501745434105,88.53123888123055,88.29156576286252
151,87.75524556300776,88.44189740753782,88.68199815209091,88.67501745434105,88.53123888123055,88.29156576286252
152,87.7521057484803,88.44261293191967,88.68601866430032,88.67501745434105,88.56227979611218,88.29156576286252
153,87.7558615171046,88.44535187746632,88.68601866430032,88.68618966610066,88.56227979611218,88.29156576286252
154,87.75872104362259,88.44914602205886,88.69029983201399,88.68618966610066,88.56227979611218,88.29156576286252
155,87.76348296755862,88.4455882042212,88.69029983201399,88.68618966610066,88.56227979611218,88.35533990110494
156,87.75116320754962,88.44638265593267,88.69472307215956,88.69837457193601,88.58848698031196,88.35533990110494
157,87.75976941059231,88.44814799762896,88.69472307215956,88.69837457193601,88.58848698031196,88.35533990110494
158,87.76555300252917,88.45127811070734,88.69790973075087,88.69837457193601,88.58848698031196,88.35533990110494
159,87.76670913456464,88.45386125402084,88.69790973075087,88.70805196858568,88.58848698031196,88.35533990110494
160,87.76072707011159,88.45388923719086,88.70079154067616,88.70805196858568,88.61119878134042,88.41245774606885
161,87.75903934224252,88.45492936835274,88.70079154067616,88.70805196858568,88.61119878134042,88.41245774606885
162,87.76443712550979,88.45898075448844,88.70511098154054,88.71720974165503,88.61119878134042,88.41245774606885
163,87.76663982124538,88.46236032547478,88.70511098154054,88.71720974165503,88.61119878134042,88.41245774606885
164,87.76011865236663,88.46216813982218,88.70882135199003,88.71720974165503,88.63649957031232,88.41245774606885
165,87.76719993548474,88.4605520516845,88.70882135199003,88.72677753065814,88.63649957031232,88.46190617891521
166,87.75864589416207,88.46402407369152,88.71354359696257,88.72677753065814,88.63649957031232,88.46190617891521
167,87.7558198827627,88.4671919027645,88.71354359696257,88.72677753065814,88.63649957031232,88.46190617891521
168,87.7518400847882,88.4691791313072,88.71750692545636,88.73472777088965,88.65875458751678,88.46190617891521
169,87.75932833926288,88.47088351099079,88.71750692545636,88.73472777088965,88.65875458751678,88.46190617891521
170,87.75411012875976,88.46575265914508,88.72116997311176,88.73472777088965,88.65875458751678,88.50396467854772
171,87.75955014308458,88.46682824165762,88.72116997311176,88.7427994780946,88.65875458751678,88.50396467854772
172,87.76485676060032,88.47148891445786,88.72453221296614,88.7427994780946,88.67905257979015,88.50396467854772
173,87.76043258250061,88.47436355284803,88.72453221296614,88.7427994780946,88.67905257979015,88.50396467854772
174,87.76241710576244,88.4754241908835,88.72746224753324,88.75025182550411,88.67905257979015,88.50396467854772
175,87.76121336744256,88.47330444578672,88.72746224753324,88.75025182550411,88.67905257979015,88.54376153835227
176,87.7621418600544,88.47686515874699,88.73032278571222,88.75025182550411,88.69641347299608,88.54376153835227
177,87.76580099690989,88.47680705460566,88.73032278571222,88.7583187489189,88.69641347299608,88.54376153835227
178,87.76493311098555,88.47694207239236,88.73261369006906,88.7583187489189,88.69641347299608,88.54376153835227
179,87.76646649695635,88.47618430009612,88.73261369006906,88.7583187489189,88.69641347299608,88.54376153835227
180,87.77281941697963,88.47074812137677,88.73262991064422,88.7632329183358,88.71481848812874,88.57943068520524
181,87.77654188564493,88.47292168421667,88.73262991064422,88.7632329183358,88.71481848812874,88.57943068520524
182,87.76627201234336,88.47523419751667,88.73576141181935,88.7632329183358,88.71481848812874,88.57943068520524
183,87.76362621690407,88.4806502930935,88.73576141181935,88.77091256429384,88.71481848812874,88.57943068520524
184,87.77174956938269,88.48071034338433,88.73885318834871,88.77091256429384,88.72997392569044,88.57943068520524
185,87.7722868014657,88.47575249706907,88.73885318834871,88.77091256429384,88.72997392569044,88.61106973775622
186,87.76799121892195,88.47873986532858,88.74167735637846,88.77796943024576,88.72997392569044,88.61106973775622
187,87.75619601032611,88.48084257286145,88.74167735637846,88.77796943024576,88.72997392569044,88.61106973775622
188,87.75836868932141,88.48454276619992,88.74594932166148,88.77796943024576,88.74279952391979,88.61106973775622
189,87.75507052832553,88.48496718763566,88.74594932166148,88.78422848781344,88.74279952391979,88.61106973775622
190,87.75505062287118,88.48070759730318,88.74761392343815,88.78422848781344,88.74279952391979,88.64116261225529
191,87.74438116295688,88.48316397231025,88.74761392343815,88.78422848781344,88.74279952391979,88.64116261225529
192,87.74176604894237,88.48360080043423,88.75039560758327,88.79005191315544,88.75672297814813,88.64116261225529
193,87.7574768617095,88.48478680458742,88.75039560758327,88.79005191315544,88.75672297814813,88.64116261225529
194,87.75868851370484,88.48497507944586,88.75274634726205,88.79005191315544,88.75672297814813,88.64116261225529
195,87.7484822041943,88.48080358321937,88.75274634726205,88.79599248771461,88.75672297814813,88.66721523028752
196,87.75891036292798,88.4838523886607,88.75509197474257,88.79599248771461,88.76873643804475,88.66721523028752
197,87.76443264027088,88.48642078053406,88.75509197474257,88.79599248771461,88.76873643804475,88.66721523028752
198,87.76924331982548,88.48741480219603,88.75764282464874,88.80163207494485,88.76873643804475,88.66721523028752
199,87.76079535253302,88.4898508096103,88.75764282464874,88.80163207494485,88.76873643804475,88.66721523028752
200,87.75885365875926,88.48664872423791,88.75638569939731,88.80163207494485,88.7799101733733,88.69019315408288
201,87.76248499800808,88.48958854852401,88.75638569939731,88.80726210249776,88.7799101733733,88.69019315408288
202,87.75099610347117,88.49101454184137,88.76078170846618,88.80726210249776,88.7799101733733,88.69019315408288
203,87.74534298001954,88.4887732595283,88.76078170846618,88.80726210249776,88.7799101733733,88.69019315408288
204,87.7390537066412,88.49079209521462,88.7629984594064,88.81141090097356,88.78987412993418,88.69019315408288
205,87.74921124309333,88.48873468000377,88.7629984594064,88.81141090097356,88.78987412993418,88.71132685207755
206,87.75995693053747,88.49129828444038,88.76495601734331,88.81141090097356,88.78987412993418,88.71132685207755
207,87.7681410052192,88.49331103642064,88.76495601734331,88.815960828728,88.78987412993418,88.71132685207755
208,87.77251190376288,88.49541206004747,88.7677346797885,88.815960828728,88.79873380386542,88.71132685207755
209,87.77701865528275,88.49493438510467,88.7677346797885,88.815960828728,88.79873380386542,88.71132685207755
210,87.76420795200845,88.48970894431085,88.77053689697118,88.82051928819078,88.79873380386542,88.73064375556419
211,87.75732897766218,88.492654859108,88.77053689697118,88.82051928819078,88.79873380386542,88.73064375556419
212,87.75667179763506,88.4928236546945,88.77298736551327,88.82051928819078,88.80856010679449,88.73064375556419
213,87.75722228550899,88.49393763760514,88.77298736551327,88.82473776689795,88.80856010679449,88.73064375556419
214,87.75544752152807,88.49546913632926,88.77427210065024,88.82473776689795,88.80856010679449,88.73064375556419
215,87.76302125509993,88.49439854499322,88.77427210065024,88.82473776689795,88.80856010679449,88.74964901255161
216,87.75901628196576,88.49542488876975,88.7765746159005,88.8287906493205,88.81649818234007,88.74964901255161
217,87.76244039954825,88.49912762560301,88.7765746159005,88.8287906493205,88.81649818234007,88.74964901255161
218,87.77185107838984,88.50236375247735,88.77735872749476,88.8287906493205,88.81649818234007,88.74964901255161
219,87.76618641457812,88.50323964882855,88.77735872749476,88.83290791575222,88.81649818234007,88.74964901255161
220,87.77235259082308,88.49908620581982,88.77622013578566,88.83290791575222,88.82426767657397,88.7661986605424
221,87.77119114877597,88.49967149001397,88.77622013578566,88.83290791575222,88.82426767657397,88.7661986605424
222,87.7686755221702,88.50257749211943,88.77818063139591,88.83632923530209,88.82426767657397,88.7661986605424
223,87.76840174131438,88.50284030044938,88.77818063139591,88.83632923530209,88.82426767657397,88.7661986605424
224,87.77477490770075,88.50271240689328,88.77992001754966,88.83632923530209,88.83175718578407,88.7661986605424
225,87.76429073440114,88.50087615488093,88.77992001754966,88.83741012122688,88.83175718578407,88.78120815554462
226,87.76635167432866,88.50065810341228,88.7822695437633,88.83741012122688,88.83175718578407,88.78120815554462
227,87.76244978995938,88.5039739708007,88.7822695437633,88.83741012122688,88.83175718578407,88.78120815554462
228,87.76285530960372,88.50524643061613,88.78403988908109,88.84216014111604,88.83842592196162,88.78120815554462
229,87.7616044482364,88.50833213812986,88.78403988908109,88.84216014111604,88.83842592196162,88.78120815554462
230,87.76289495770085,88.50450915854374,88.7858740166095,88.84216014111604,88.83842592196162,88.79531882144829
231,87.75979632704141,88.50466384201526,88.7858740166095,88.84563136049135,88.83842592196162,88.79531882144829
232,87.76328816021197,88.50460757233257,88.78827880790607,88.84563136049135,88.84494673414781,88.79531882144829
233,87.76377538068432,88.50568884962871,88.78827880790607,88.84563136049135,88.84494673414781,88.79531882144829
234,87.76127945290611,88.50488460784531,88.78990601852914,88.84900867381006,88.84494673414781,88.79531882144829
235,87.75834092782203,88.50074311340866,88.78990601852914,88.84900867381006,88.84494673414781,88.80805550676271
236,87.75046860856219,88.50347552701533,88.79159144158028,88.84900867381006,88.85080784981068,88.80805550676271
237,87.75131621841312,88.50367961147526,88.79159144158028,88.85217598072353,88.85080784981068,88.80805550676271
238,87.75777924856385,88.50520656463414,88.79347479210702,88.85217598072353,88.85080784981068,88.80805550676271
239,87.75900252137448,88.50701361866524,88.79347479210702,88.85217598072353,88.85080784981068,88.80805550676271
240,87.76070851729891,88.50413015829635,88.79229387437645,88.85526945362321,88.85489914275534,88.81902857902304
241,87.7583183867352,88.50633940673235,88.79229387437645,88.85526945362321,88.85489914275534,88.81902857902304
242,87.75768947830137,88.50626773481007,88.79517145559421,88.85526945362321,88.85489914275534,88.81902857902304
243,87.7560898009687,88.50711070340098,88.79517145559421,88.85880336568883,88.85489914275534,88.81902857902304
244,87.75874456761196,88.50946924726668,88.7966962625781,88.85880336568883,88.86110034715331,88.81902857902304
245,87.77401965087142,88.50411925690763,88.7966962625781,88.85880336568883,88.86110034715331,88.83026559959922
246,87.77485484546428,88.50501061800504,88.79767643367498,88.86139639396056,88.86110034715331,88.83026559959922
247,87.7679333999775,88.50547055663934,88.79767643367498,88.86139639396056,88.86110034715331,88.83026559959922
248,87.77052544147655,88.50659781614276,88.79941339895645,88.86139639396056,88.86726641755791,88.83026559959922
249,87.76609181911564,88.50735779126514,88.79941339895645,88.86404517663819,88.86726641755791,88.83026559959922
250,87.76103389280297,88.50296760607033,88.80119075774314,88.86404517663819,88.86726641755791,88.83873200777049
251,87.75828324760566,88.50674930580895,88.80119075774314,88.86404517663819,88.86726641755791,88.83873200777049
252,87.7618157008209,88.50871509038107,88.80145576319548,88.86678680321984,88.87294215809683,88.83873200777049
253,87.76395932942077,88.50878645691404,88.80145576319548,88.86678680321984,88.87294215809683,88.83873200777049
254,87.75750788067383,88.50900596128305,88.8028853611001,88.86678680321984,88.87294215809683,88.83873200777049
255,87.75482237171563,88.50474711058767,88.8028853611001,88.86966433027871,88.87294215809683,88.84879948507121
256,87.76668494522943,88.50709323113657,88.80463398458517,88.86966433027871,88.87834282204888,88.84879948507121
257,87.75843047952577,88.50782492135808,88.80463398458517,88.86966433027871,88.87834282204888,88.84879948507121
258,87.76242836942072,88.51015988488753,88.8058254465997,88.87188932047866,88.87834282204888,88.84879948507121
259,87.76107373479533,88.51154782980626,88.8058254465997,88.87188932047866,88.87834282204888,88.84879948507121
260,87.76149480128284,88.50598079781527,88.80387582610174,88.87188932047866,88.88267603138077,88.85773152671095
261,87.75993749633825,88.50619150030164,88.80387582610174,88.87425020850092,88.88267603138077,88.85773152671095
262,87.75349243004361,88.5072645776952,88.80553765828459,88.87425020850092,88.88267603138077,88.85773152671095
263,87.76005974138477,88.5075841356919,88.80553765828459,88.87425020850092,88.88267603138077,88.85773152671095
264,87.76213313087143,88.51095543834127,88.80616407669116,88.87633375347875,88.88734825475579,88.85773152671095
265,87.76107863986971,88.5089688739963,88.80616407669116,88.87633375347875,88.88734825475579,88.86604435390021
266,87.75992941977422,88.51275900022254,88.80833854272335,88.87633375347875,88.88734825475579,88.86604435390021
267,87.77263881829158,88.51314218005837,88.80833854272335,88.8786644674493,88.88734825475579,88.86604435390021
268,87.75825536640427,88.51309227267535,88.80994836190331,88.8786644674493,88.89156049008747,88.86604435390021
269,87.7637041242884,88.51420296617442,88.80994836190331,88.8786644674493,88.89156049008747,88.86604435390021
270,87.75328814519271,88.51261274823813,88.81205546580291,88.8785548881949,88.89156049008747,88.87461404095254
271,87.75469042105023,88.51334243915262,88.81205546580291,88.8785548881949,88.89156049008747,88.87461404095254
272,87.76841546798518,88.51397118358432,88.81359088595066,88.8785548881949,88.89602916020308,88.87461404095254
273,87.76362513591482,88.51478528556785,88.81359088595066,88.88144555520708,88.89602916020308,88.87461404095254
274,87.75083577946323,88.51642851225824,88.8138716880132,88.88144555520708,88.89602916020308,88.87461404095254
275,87.73883213664521,88.51275543537587,88.8138716880132,88.88144555520708,88.89602916020308,88.8820924988448
276,87.73787815759158,88.51443739033772,88.81433929014243,88.88328650575278,88.89960445860889,88.8820924988448
277,87.75275165223854,88.51624399325055,88.81433929014243,88.88328650575278,88.89960445860889,88.8820924988448
278,87.76281075287544,88.51663485214188,88.81528140515853,88.88328650575278,88.89960445860889,88.8820924988448
279,87.7570769136933,88.51890965348385,88.81528140515853,88.88559500091061,88.89960445860889,88.8820924988448
280,87.76814420766449,88.51453629689941,88.81337257810819,88.88559500091061,88.90316286659989,88.8891455495959
281,87.77075990112188,88.51308746831175,88.81337257810819,88.88559500091061,88.90316286659989,88.8891455495959
282,87.7771100169374,88.51498214200932,88.81525643424004,88.88759452463461,88.90316286659989,88.8891455495959
283,87.78008905381924,88.5126992614967,88.81525643424004,88.88759452463461,88.90316286659989,88.8891455495959
284,87.77779603041378,88.51346936975801,88.8151643001664,88.88759452463461,88.90663099617535,88.8891455495959
285,87.77219201922478,88.50919508493205,88.8151643001664,88.88940147533594,88.90663099617535,88.89576999349603
286,87.76629482372962,88.51054654042444,88.8165574700957,88.88940147533594,88.90663099617535,88.89576999349603
287,87.7680254828469,88.51318836813846,88.8165574700957,88.88940147533594,88.90663099617535,88.89576999349603
288,87.75931220433017,88.51551137718162,88.81729519693441,88.89128632587865,88.91014518095679,88.89576999349603
289,87.76483354209638,88.51881959293793,88.81729519693441,88.89128632587865,88.91014518095679,88.89576999349603
290,87.76928488467235,88.51312296036569,88.81891944219448,88.89128632587865,88.91014518095679,88.90175972242793
291,87.76328658583107,88.51428333854454,88.81891944219448,88.893176489515,88.91014518095679,88.90175972242793
292,87.7658263311174,88.51770549500274,88.81941891874807,88.893176489515,88.9133412686065,88.90175972242793
293,87.77124364681916,88.51994527345197,88.81941891874807,88.893176489515,88.9133412686065,88.90175972242793
294,87.77608934704517,88.52129395957807,88.81992535331358,88.89484290007792,88.9133412686065,88.90175972242793
295,87.77385915285205,88.51615756202311,88.81992535331358,88.89484290007792,88.9133412686065,88.90755163056703
296,87.78074102985177,88.51743946412061,88.8213961766569,88.89484290007792,88.91648741146906,88.90755163056703
297,87.7779437343397,88.51751589619417,88.8213961766569,88.89676675266334,88.91648741146906,88.90755163056703
298,87.77334685061956,88.51833025974254,88.82249728782155,88.89676675266334,88.91648741146906,88.90755163056703
299,87.76968298830978,88.51929640561889,88.82249728782155,88.89676675266334,88.91648741146906,88.90755163056703
300,87.77737578943508,88.51850117162029,88.8194873626062,88.89863791669315,88.91927460179238,88.91299672269902
301,87.7754169288423,88.51875354244677,88.8194873626062,88.89863791669315,88.91927460179238,88.91299672269902
302,87.77226920015157,88.51859857641898,88.82020031044335,88.89863791669315,88.91927460179238,88.91299672269902
303,87.77247360683145,88.51660845608414,88.82020031044335,88.89992074994024,88.91927460179238,88.91299672269902
304,87.779091183775,88.51990434882016,88.82217455155055,88.89992074994024,88.92211675344998,88.91299672269902
305,87.78055216013333,88.51430551763639,88.82217455155055,88.89992074994024,88.92211675344998,88.91763153451014
306,87.7777139880083,88.51418098487174,88.82262721559063,88.9013694864914,88.92211675344998,88.91763153451014
307,87.76298692716108,88.51616819065097,88.82262721559063,88.9013694864914,88.92211675344998,88.91763153451014
308,87.7715683732034,88.52001477642938,88.82348673822636,88.9013694864914,88.92453682224142,88.91763153451014
309,87.7640141347305,88.52050397858443,88.82348673822636,88.90286966140934,88.92453682224142,88.91763153451014
310,87.76189116055994,88.51627605247572,88.82511154594435,88.90286966140934,88.92453682224142,88.92264616006277
311,87.75776067378145,88.51837438642919,88.82511154594435,88.90286966140934,88.92453682224142,88.92264616006277
312,87.771185661354,88.51938506531305,88.82667756472699,88.90460034408554,88.92722941808339,88.92264616006277
313,87.77491413562068,88.5211303277156,88.82667756472699,88.90460034408554,88.92722941808339,88.92264616006277
314,87.77231981541755,88.520963490798,88.82658406594507,88.90460034408554,88.92722941808339,88.92264616006277
315,87.76020607250473,88.51775225994366,88.82658406594507,88.90375013794007,88.92722941808339,88.92762209369732
316,87.75835254799543,88.51881904362669,88.82671964446467,88.90375013794007,88.92993740535209,88.92762209369732
317,87.75981268600967,88.5176848846315,88.82671964446467,88.90375013794007,88.92993740535209,88.92762209369732
318,87.77084993613599,88.51740330147561,88.82660895430469,88.90527712548642,88.92993740535209,88.92762209369732
319,87.76757103700858,88.51917397219614,88.82660895430469,88.90527712548642,88.92993740535209,88.92762209369732
320,87.76875430726378,88.51677926639044,88.82489478021223,88.90527712548642,88.93047129646183,88.93166437799385
321,87.76628633032274,88.51727820591094,88.82489478021223,88.90660030595987,88.93047129646183,88.93166437799385
322,87.76933943285502,88.51986931287509,88.8265222999662,88.90660030595987,88.93047129646183,88.93166437799385
323,87.76950348509821,88.5230522774929,88.8265222999662,88.90660030595987,88.93047129646183,88.93166437799385
324,87.77165758207406,88.52202258151695,88.82834371831781,88.9088844384162,88.93361605824322,88.93166437799385
325,87.77945890595092,88.51477752404833,88.82834371831781,88.9088844384162,88.93361605824322,88.93559018925039
326,87.7748621277076,88.51613696124525,88.8303938143116,88.9088844384162,88.93361605824322,88.93559018925039
327,87.7785395073975,88.51941257341983,88.8303938143116,88.91054603513996,88.93361605824322,88.93559018925039
328,87.77688988153365,88.51900358510095,88.83068931142822,88.91054603513996,88.9361721680058,88.93559018925039
329,87.77523088661344,88.51804587148786,88.83068931142822,88.91054603513996,88.9361721680058,88.93559018925039
330,87.77612643998326,88.51706358171451,88.83124869264793,88.91166016366503,88.9361721680058,88.93953882889407
331,87.76855651501424,88.51894101561247,88.83124869264793,88.91166016366503,88.9361721680058,88.93953882889407
332,87.76130132470585,88.51977903372108,88.83154062766167,88.91166016366503,88.93853995173852,88.93953882889407
333,87.76582205899773,88.5204062706285,88.83154062766167,88.91290454516472,88.93853995173852,88.93953882889407
334,87.75535417155214,88.51940426302752,88.83315711176293,88.91290454516472,88.93853995173852,88.93953882889407
335,87.7740182228928,88.51590796922225,88.83315711176293,88.91290454516472,88.93853995173852,88.94326784954586
336,87.76884591956916,88.51923854051296,88.83306201768352,88.91414774204075,88.94082616153268,88.94326784954586
337,87.76968586531464,88.52085851350851,88.83306201768352,88.91414774204075,88.94082616153268,88.94326784954586
338,87.76517691008574,88.52212705720231,88.83345231110579,88.91414774204075,88.94082616153268,88.94326784954586
339,87.77176376651396,88.52133584724564,88.83345231110579,88.91569319984539,88.94082616153268,88.94326784954586
340,87.77343492013564,88.51886213654029,88.83172851389907,88.91569319984539,88.94324610657695,88.94684043646703
341,87.76657433742832,88.52150357523777,88.83172851389907,88.91569319984539,88.94324610657695,88.94684043646703
342,87.76447324487562,88.51958554834363,88.83250839717702,88.91643477255931,88.94324610657695,88.94684043646703
343,87.75638315956608,88.52360121417048,88.83250839717702,88.91643477255931,88.94324610657695,88.94684043646703
344,87.76328440435455,88.52332658559777,88.8341864027889,88.91643477255931,88.9452899747762,88.94684043646703
345,87.76885480210439,88.5177170087712,88.8341864027889,88.91748714209693,88.9452899747762,88.95026629624263
346,87.76931490330556,88.51951460885311,88.83463371670301,88.91748714209693,88.9452899747762,88.95026629624263
347,87.75675955932314,88.51762637006425,88.83463371670301,88.91748714209693,88.9452899747762,88.95026629624263
348,87.76054149667928,88.51873134241241,88.83549486761797,88.91811522287136,88.94739792246324,88.95026629624263
349,87.75247461591391,88.51859616648753,88.83549486761797,88.91811522287136,88.94739792246324,88.95026629624263
350,87.76047026492336,88.51430065015217,88.83585792000639,88.91811522287136,88.94739792246324,88.95363707522871
351,87.76017475161242,88.51726384299283,88.83585792000639,88.91972701487701,88.94739792246324,88.95363707522871
352,87.74247696155315,88.52167567126791,88.8371083362125,88.91972701487701,88.94932321608522,88.95363707522871
353,87.75773712864368,88.52432364681174,88.8371083362125,88.91972701487701,88.94932321608522,88.95363707522871
354,87.75578716934132,88.52368208550561,88.8375805363145,88.92049497078465,88.94932321608522,88.95363707522871
355,87.76008196125058,88.51982650753096,88.8375805363145,88.92049497078465,88.94932321608522,88.95640334586862
356,87.75489232814887,88.51999288919723,88.8381016069268,88.92049497078465,88.95097257779906,88.95640334586862
357,87.76396438659647,88.5202163218097,88.8381016069268,88.92148077849812,88.95097257779906,88.95640334586862
358,87.76636547689566,88.52373064416363,88.83967728023428,88.92148077849812,88.95097257779906,88.95640334586862
359,87.76640301838096,88.52388921298507,88.83967728023428,88.92148077849812,88.95097257779906,88.95640334586862
360,87.77016246149779,88.52086409339658,88.83741862259262,88.92071704693127,88.95270484272851,88.95902152139922
361,87.77490472695773,88.52127904454956,88.83741862259262,88.92071704693127,88.95270484272851,88.95902152139922
362,87.7758164763102,88.5237551622647,88.83737917213824,88.92071704693127,88.95270484272851,88.95902152139922
363,87.76843236981333,88.52420000207184,88.83737917213824,88.92203051214128,88.95270484272851,88.95902152139922
364,87.76907707104702,88.52319976472127,88.83846215372341,88.92203051214128,88.95444922798774,88.95902152139922
365,87.76021865298759,88.51773489822969,88.83846215372341,88.92203051214128,88.95444922798774,88.96169782415174
366,87.76186645124746,88.52133403881508,88.83925646884211,88.92337733901202,88.95444922798774,88.96169782415174
367,87.76637191362865,88.52185125714618,88.83925646884211,88.92337733901202,88.95444922798774,88.96169782415174
368,87.77208221942544,88.5225389464507,88.8409372418481,88.92337733901202,88.95624408653488,88.96169782415174
369,87.7703460144377,88.5240650016518,88.8409372418481,88.92465455463697,88.95624408653488,88.96169782415174
370,87.76287757452188,88.5194463645631,88.84090030406638,88.92465455463697,88.95624408653488,88.96429112240526
371,87.76799919771405,88.51913817693844,88.84090030406638,88.92465455463697,88.95624408653488,88.96429112240526
372,87.77344378922977,88.52017344529692,88.84202312363095,88.92566859879271,88.95739883612208,88.96429112240526
373,87.78247110097657,88.52115126667171,88.84202312363095,88.92566859879271,88.95739883612208,88.96429112240526
374,87.78037667164122,88.52141761859261,88.84209696510894,88.92566859879271,88.95739883612208,88.96429112240526
375,87.78591296366616,88.51912718911669,88.84209696510894,88.92660654694201,88.95739883612208,88.96549091779725
376,87.78497437738842,88.51924370364718,88.84262111385203,88.92660654694201,88.9589554412165,88.96549091779725
377,87.78531025677025,88.52028168793076,88.84262111385203,88.92660654694201,88.9589554412165,88.96549091779725
378,87.78980815112428,88.52137197326697,88.84393093132576,88.92745218648321,88.9589554412165,88.96549091779725
379,87.77803232810041,88.5224271976459,88.84393093132576,88.92745218648321,88.9589554412165,88.96549091779725
380,87.76802645273715,88.51916086050102,88.84191175132841,88.92745218648321,88.96030879359132,88.96861549469843
381,87.76537434255061,88.51841130850052,88.84191175132841,88.92803570250973,88.96030879359132,88.96861549469843
382,87.76676461931196,88.51979309104995,88.84200633061913,88.92803570250973,88.96030879359132,88.96861549469843
383,87.7704663414352,88.5223748970041,88.84200633061913,88.92803570250973,88.96030879359132,88.96861549469843
384,87.76926768530262,88.52512691533968,88.84357050916768,88.92935243561494,88.96183010406007,88.96861549469843
385,87.7576245681907,88.51596734004603,88.84357050916768,88.92935243561494,88.96183010406007,88.97156267028033
386,87.77441483890162,88.51731903713097,88.84395613658086,88.92935243561494,88.96183010406007,88.97156267028033
387,87.77934660784888,88.51834630111294,88.84395613658086,88.93002935659966,88.96183010406007,88.97156267028033
388,87.78363137243187,88.51910643663967,88.84466095813254,88.93002935659966,88.96321151366902,88.97156267028033
389,87.77142152282536,88.52135038011193,88.84466095813254,88.93002935659966,88.96321151366902,88.97156267028033
390,87.76927654451089,88.51805452742418,88.84541064909845,88.93055615862541,88.96321151366902,88.97405567503759
391,87.77082675965683,88.5187548837491,88.84541064909845,88.93055615862541,88.96321151366902,88.97405567503759
392,87.78467505938347,88.51802426658236,88.84600092590607,88.93055615862541,88.96461342786338,88.97405567503759
393,87.77369160853553,88.51762690962101,88.84600092590607,88.93121422639398,88.96461342786338,88.97405567503759
394,87.77523801797719,88.5182274930983,88.8463459465432,88.93121422639398,88.96461342786338,88.97405567503759
395,87.77878830651409,88.51648413909497,88.8463459465432,88.93121422639398,88.96461342786338,88.976145888157
396,87.78211380249876,88.51805460748598,88.84650692638527,88.9318013290481,88.96590849941627,88.976145888157
397,87.78418880147717,88.51923858384983,88.84650692638527,88.9318013290481,88.96590849941627,88.976145888157
398,87.78009162942097,88.51956391589641,88.84662854954125,88.9318013290481,88.96590849941627,88.976145888157
399,87.76688636736934,88.52037665034824,88.84662854954125,88.93292164755694,88.96590849941627,88.976145888157
400,87.75405177873039,88.51593782428262,88.84426493789681,88.93292164755694,88.96576338792185,88.97838903552956
401,87.74996001326866,88.51702461325006,88.84426493789681,88.93292164755694,88.96576338792185,88.97838903552956
402,87.75829727907183,88.51754770935209,88.84539640442594,88.933588484077,88.96576338792185,88.97838903552956
403,87.75824896201506,88.51804386956834,88.84539640442594,88.933588484077,88.96576338792185,88.97838903552956
404,87.74526229446468,88.5189802329559,88.84656621142247,88.933588484077,88.967329058566,88.97838903552956
405,87.7522675345782,88.51602026057843,88.84656621142247,88.93252843714232,88.967329058566,88.98042314523808
406,87.7570841428858,88.51708626240467,88.84684194094223,88.93252843714232,88.967329058566,88.98042314523808
407,87.75573377706844,88.518895435645,88.84684194094223,88.93252843714232,88.967329058566,88.98042314523808
408,87.75375887346065,88.52096824878063,88.84750610393493,88.93394999535211,88.96873996564563,88.98042314523808
409,87.75713483385884,88.52059403413445,88.84750610393493,88.93394999535211,88.96873996564563,88.98042314523808
410,87.75860603415892,88.51720667207898,88.8481321144401,88.93394999535211,88.96873996564563,88.98220401548045
411,87.75632633839824,88.5162890096447,88.8481321144401,88.93506380646076,88.96873996564563,88.98220401548045
412,87.75595564152795,88.51841762058353,88.84822503611319,88.93506380646076,88.97016079017065,88.98220401548045
413,87.76112439944137,88.52171709184668,88.84822503611319,88.93506380646076,88.97016079017065,88.98220401548045
414,87.75450692311159,88.52209623413816,88.84850577075805,88.93596608671231,88.97016079017065,88.98220401548045
415,87.76271995898512,88.5185322338878,88.84850577075805,88.93596608671231,88.97016079017065,88.98426031229411
416,87.75689226904987,88.52114123166292,88.84939464201321,88.93596608671231,88.97153172427186,88.98426031229411
417,87.75751813902646,88.52243915655708,88.84939464201321,88.93672287023253,88.97153172427186,88.98426031229411
418,87.75714884829034,88.52237766976174,88.84944682489349,88.93672287023253,88.97153172427186,88.98426031229411
419,87.75609409808922,88.52235265562734,88.84944682489349,88.93672287023253,88.97153172427186,88.98426031229411
420,87.7579223086493,88.51621270417178,88.84650217426989,88.9375575568442,88.97282187424211,88.98593187117211
421,87.76816750911861,88.51833444821546,88.84650217426989,88.9375575568442,88.97282187424211,88.98593187117211
422,87.76337123933023,88.5209118681824,88.84792194383482,88.9375575568442,88.97282187424211,88.98593187117211
423,87.76262000311354,88.52139403542851,88.84792194383482,88.9383262928599,88.97282187424211,88.98593187117211
424,87.75649126297783,88.52387992975908,88.84822937369194,88.9383262928599,88.97386449410146,88.98593187117211
425,87.75473982333021,88.51943446051015,88.84822937369194,88.9383262928599,88.97386449410146,88.98777591227116
426,87.76453073855387,88.51908253207243,88.84888876538167,88.93879179041623,88.97386449410146,88.98777591227116
427,87.76079629732484,88.52139405056154,88.84888876538167,88.93879179041623,88.97386449410146,88.98777591227116
428,87.76121773532863,88.52104211663243,88.8487698899341,88.93879179041623,88.97477851781655,88.98777591227116
429,87.77347884109906,88.52165419004821,88.8487698899341,88.9394581924588,88.97477851781655,88.98777591227116
430,87.7640103208608,88.51631353577501,88.84914612681743,88.9394581924588,88.97477851781655,88.98929508182282
431,87.76341953043487,88.51704125784565,88.84914612681743,88.9394581924588,88.97477851781655,88.98929508182282
432,87.77446476690967,88.52080334075883,88.84911794424949,88.9401365281968,88.97592895468577,88.98929508182282
433,87.77297235268192,88.52419451213774,88.84911794424949,88.9401365281968,88.97592895468577,88.98929508182282
434,87.76453504769692,88.52585754622399,88.84934338264077,88.9401365281968,88.97592895468577,88.98929508182282
435,87.7685972542607,88.5212918689606,88.84934338264077,88.94064305759915,88.97592895468577,88.99087386081905
436,87.7763534173433,88.52367016504418,88.8497248671226,88.94064305759915,88.9771985857533,88.99087386081905
437,87.76500932327501,88.52695345651274,88.8497248671226,88.94064305759915,88.9771985857533,88.99087386081905
438,87.7656679401656,88.5257710490859,88.8504976344476,88.94128069425801,88.9771985857533,88.99087386081905
439,87.76863150081428,88.5265404009349,88.8504976344476,88.94128069425801,88.9771985857533,88.99087386081905
440,87.76755125216704,88.52188455210381,88.84811422002826,88.94128069425801,88.97802591141198,88.99241031084408
441,87.7748476507731,88.52336317673372,88.84811422002826,88.94167809024454,88.97802591141198,88.99241031084408
442,87.7651049113832,88.5235420898744,88.8492327305058,88.94167809024454,88.97802591141198,88.99241031084408
443,87.77447348295925,88.5236349707965,88.8492327305058,88.94167809024454,88.97802591141198,88.99241031084408
444,87.7691158922083,88.5258439270963,88.8497338500607,88.94250581034196,88.97917965807335,88.99241031084408
445,87.76363491716168,88.52048267006748,88.8497338500607,88.94250581034196,88.97917965807335,88.99398621286831
446,87.76852173691442,88.52054236278866,88.85097309563191,88.94250581034196,88.97917965807335,88.99398621286831
447,87.76481505475553,88.5197775256814,88.85097309563191,88.9430990854418,88.97917965807335,88.99398621286831
448,87.773318717419,88.52132952133631,88.85186288592219,88.9430990854418,88.98016676460716,88.99398621286831
449,87.77843645173036,88.52117296506319,88.85186288592219,88.9430990854418,88.98016676460716,88.99398621286831
450,87.77502677529445,88.51864353914847,88.85197773231658,88.94175368813576,88.98016676460716,88.99528743740585
451,87.76740288551814,88.5187242232297,88.85197773231658,88.94175368813576,88.98016676460716,88.99528743740585
452,87.76803841302936,88.51713667888625,88.85196390060662,88.94175368813576,88.98145915006486,88.99528743740585
453,87.76609261678642,88.51840765836914,88.85196390060662,88.94243980442428,88.98145915006486,88.99528743740585
454,87.75365878761006,88.52108139160863,88.85364647988555,88.94243980442428,88.98145915006486,88.99528743740585
455,87.75597888923791,88.51673775589438,88.85364647988555,88.94243980442428,88.98145915006486,88.9968324737259
456,87.7602638391832,88.52027788787191,88.8535217118539,88.94308303855054,88.98223177729835,88.9968324737259
457,87.7546143686269,88.52186664343537,88.8535217118539,88.94308303855054,88.98223177729835,88.9968324737259
458,87.76009160334965,88.52361059668797,88.85312981237314,88.94308303855054,88.98223177729835,88.9968324737259
459,87.75576191501048,88.52403546155126,88.85312981237314,88.94410591357187,88.98223177729835,88.9968324737259
460,87.7663997286188,88.5186421075885,88.85060934848099,88.94410591357187,88.98309851654516,88.9983837368011
461,87.76563487177896,88.51993096375503,88.85060934848099,88.94410591357187,88.98309851654516,88.9983837368011
462,87.76512024788049,88.52140464538385,88.85223143535885,88.94512960861915,88.98309851654516,88.9983837368011
463,87.7666799850657,88.52212428414649,88.85223143535885,88.94512960861915,88.98309851654516,88.9983837368011
464,87.77134968411225,88.52150520248297,88.853043730636,88.94512960861915,88.98369104623691,88.9983837368011
465,87.77651320357,88.5199715779414,88.853043730636,88.94544577530822,88.98369104623691,88.99974372230135
466,87.77912061224936,88.5230214219609,88.85374008023456,88.94544577530822,88.98369104623691,88.99974372230135
467,87.77241093872817,88.52361500325249,88.85374008023456,88.94544577530822,88.98369104623691,88.99974372230135
468,87.77957758656461,88.52388455482854,88.85413117571616,88.94613670801401,88.98425888644562,88.99974372230135
469,87.78163920615086,88.52082270070267,88.85413117571616,88.94613670801401,88.98425888644562,88.99974372230135
470,87.78899599751091,88.51705650932105,88.85486013472396,88.94613670801401,88.98425888644562,89.00100423909683
471,87.78358948822428,88.51709523390811,88.85486013472396,88.94682360024053,88.98425888644562,89.00100423909683
472,87.77983320898579,88.51929188847855,88.8555525506002,88.94682360024053,88.98514104113995,89.00100423909683
473,87.78461747963692,88.5197869162255,88.8555525506002,88.94682360024053,88.98514104113995,89.00100423909683
474,87.76095637141033,88.52416909090684,88.85592518999981,88.94736622685055,88.98514104113995,89.00100423909683
475,87.76680093016667,88.52042809506814,88.85592518999981,88.94736622685055,88.98514104113995,89.0022959475612
476,87.77089052909433,88.5218873752837,88.85665966478159,88.94736622685055,88.98584696444554,89.0022959475612
477,87.76594928695141,88.52453263376505,88.85665966478159,88.9479612248315,88.98584696444554,89.0022959475612
478,87.77412198614863,88.52275737778783,88.85715406560823,88.9479612248315,88.98584696444554,89.0022959475612
479,87.77153852447996,88.52146084814319,88.85715406560823,88.9479612248315,88.98584696444554,89.0022959475612
480,87.77145484827203,88.51602132338823,88.85378699492853,88.94845759527468,88.98454072990215,89.0033485864543
481,87.77381155474713,88.51631069829683,88.85378699492853,88.94845759527468,88.98454072990215,89.0033485864543
482,87.78151506553966,88.51589180207797,88.85509702405125,88.94845759527468,88.98454072990215,89.0033485864543
483,87.79034888755619,88.51412658402067,88.85509702405125,88.94890447149511,88.98454072990215,89.0033485864543
484,87.78727025591321,88.51567560073865,88.85538424125326,88.94890447149511,88.98582779395308,89.0033485864543
485,87.78418206419079,88.51332430687685,88.85538424125326,88.94890447149511,88.98582779395308,89.00458817653039
486,87.78461064395607,88.51583358638148,88.85569556907149,88.94899467452873,88.98582779395308,89.00458817653039
487,87.7809013106052,88.51502464067917,88.85569556907149,88.94899467452873,88.98582779395308,89.00458817653039
488,87.77896207229031,88.51524979233433,88.8560565799173,88.94899467452873,88.98687914207318,89.00458817653039
489,87.77480291491106,88.51613038063566,88.8560565799173,88.94946416478184,88.98687914207318,89.00458817653039
490,87.78255365088015,88.51182666384543,88.8560831454657,88.94946416478184,88.98687914207318,89.00564238045372
491,87.7773445035919,88.51512830310672,88.8560831454657,88.94946416478184,88.98687914207318,89.00564238045372
492,87.78225287919273,88.51617539266714,88.85629229657141,88.94983541854704,88.98785210537669,89.00564238045372
493,87.78391759370795,88.52025810820817,88.85629229657141,88.94983541854704,88.98785210537669,89.00564238045372
494,87.77216775157054,88.52042276345574,88.85680260651456,88.94983541854704,88.98785210537669,89.00564238045372
495,87.76274855303467,88.51583825636429,88.85680260651456,88.9484092121104,88.98785210537669,89.00656781905404
496,87.76326073529853,88.51943686018431,88.85723127022672,88.9484092121104,88.98866309924361,89.00656781905404
497,87.76292516252293,88.52193832803714,88.85723127022672,88.9484092121104,88.98866309924361,89.00656781905404
498,87.75768129146101,88.51970473096077,88.8579522735878,88.94916573147653,88.98866309924361,89.00656781905404
499,87.75923830040686,88.52123445439767,88.8579522735878,88.94916573147653,88.98866309924361,89.00656781905404
