Comparison stage no.,data//output//runtimePerformance//SPEA2//SolutionSetSize200//,data//output//runtimePerformance//NSGA2//SolutionSetSize200//,data//output//runtimePerformance//GDE3//SolutionSetSize200//,data//output//runtimePerformance//MOEAD_DRA//SolutionSetSizeLitRecom//,data//output//runtimePerformance//DECMO//SolutionSetSize200//,data//output//runtimePerformance//DECMO2//SolutionSetSize200//,data//output//runtimePerformance//DECMO2++//SolutionSetSize200//
0,0.0,0.0,0.0,0.0,0.0,0.0,0.0
1,0.0,0.0,0.0,0.0,0.0,0.0,0.0
2,0.0,0.0,0.0,0.0,0.0,0.0,0.0
3,0.0,0.0,0.0,0.0,0.0,0.0,0.0
4,0.0,0.0,0.0,0.0,0.0,0.0,0.0
5,0.0,0.0,0.0,0.0,0.0,0.0,0.0
6,0.0,0.0,0.0,0.0,0.0,0.0,0.0
7,0.0,0.0,0.0,0.0,0.0,0.0,0.0
8,0.0,0.0,0.0,0.0,0.0,0.0,0.0
9,0.0,0.0,0.0,0.0,0.0,0.0,0.0
10,0.0,0.0,0.0,0.0,0.0,0.0,0.0
11,0.0,0.0,0.0,0.0,0.0,0.0,0.0
12,0.0,0.0,0.0,0.0026080522411504083,0.0,0.0,0.0
13,0.0,0.0,0.0,0.0026080522411504083,0.0,0.0,0.0
14,0.0,0.0,0.0,0.0026080522411504083,0.0,0.0,0.0
15,0.0,0.0,0.0,0.015956316984992697,0.0,0.0,0.0
16,0.0,0.0,0.0,0.015956316984992697,0.0,0.0,0.0
17,0.0,0.0,0.0,0.02423822931150615,0.0,0.0,0.0
18,0.0,0.0,0.0,0.10442111299955889,0.0,0.0,0.0
19,0.0,0.0,0.0,0.18219837765854555,0.0,0.0,0.0
20,0.0,0.0,0.0,0.20455437430877624,0.0,0.0,0.09520082721019384
21,0.0,0.0,0.0,0.2941018408131608,0.0,0.0,0.09520082721019384
22,0.0,0.0,0.0,0.39746775000730933,0.0,0.0,0.1404036247510609
23,0.0,0.0,0.0,0.6601070399147317,0.0,0.0,0.1404036247510609
24,0.0,0.0,0.0,0.8800142661826662,2.301669048184968E-4,0.0,0.31664592808481157
25,0.0,0.0,0.0,1.2628027720938766,2.301669048184968E-4,0.0,0.31664592808481157
26,0.0,0.0,0.0,1.5104487234929103,2.301669048184968E-4,0.02713690450017414,0.7634670587424208
27,0.0,0.0,0.0,1.8796560561643714,2.301669048184968E-4,0.02713690450017414,0.7634670587424208
28,0.0,0.0,0.0,2.232842834718043,0.004056527467734582,0.14022987871610143,1.6507892318283455
29,0.0,0.0,0.0,2.8318102393801063,0.004056527467734582,0.14022987871610143,1.6507892318283455
30,0.0,0.00676688809013778,0.0,3.540102189312017,0.004056527467734582,0.45386800405073774,3.321810265691908
31,0.0,0.00676688809013778,0.0,4.213077369728141,0.004056527467734582,0.45386800405073774,3.321810265691908
32,0.0,0.017101258552086378,0.0,4.989414682746057,0.01735943353143378,0.9196436778519784,6.247795190517077
33,0.0,0.017101258552086378,0.0,5.758072220493812,0.01735943353143378,0.9196436778519784,6.247795190517077
34,0.0,0.12932347804286515,0.0,6.53900936356375,0.03573140825693714,1.7354996380231538,9.694039047231493
35,0.0,0.12932347804286515,0.0,7.265702043975408,0.03573140825693714,1.7354996380231538,9.694039047231493
36,0.0,0.2320260838374362,0.0,7.79140889215567,0.0837272644155665,3.308574300556924,13.503694570814718
37,0.0,0.2320260838374362,0.0,8.451199357525665,0.0837272644155665,3.308574300556924,13.503694570814718
38,0.010718954232636578,0.7033057804119901,0.0,9.280886151402823,0.13372495887728494,5.627313241968603,17.269821802349224
39,0.010718954232636578,0.7033057804119901,0.0,10.054858781082542,0.13372495887728494,5.627313241968603,17.269821802349224
40,0.1773338742741219,1.1489081570683675,0.0,10.69943115505936,0.38334891087083256,7.738414797425058,21.767149183433993
41,0.1773338742741219,1.1489081570683675,0.0,11.563153221914375,0.38334891087083256,7.738414797425058,21.767149183433993
42,0.6364317697042305,2.373212363620554,0.0,12.199979817313345,0.6273898325107456,10.753951569159055,25.679639955574775
43,0.6364317697042305,2.373212363620554,0.0,13.007554819538147,0.6273898325107456,10.753951569159055,25.679639955574775
44,1.0779759515051528,3.436707829184793,0.0,13.800589366864092,1.0559689058049753,14.056512563471077,29.46721451963118
45,1.0779759515051528,3.436707829184793,0.0,14.552107804490793,1.0559689058049753,14.056512563471077,29.46721451963118
46,1.8395174412396007,4.720360630908568,0.0,15.46139764437294,1.56314805767025,17.646168205944537,33.29090543054552
47,1.8395174412396007,4.720360630908568,0.0,16.200903801628556,1.56314805767025,17.646168205944537,33.29090543054552
48,3.114316108646652,6.4855734920034935,0.0,16.983817643899357,2.4606022057780215,21.118393673887862,36.65168502723095
49,3.114316108646652,6.4855734920034935,0.0,17.611576087356912,2.4606022057780215,21.118393673887862,36.65168502723095
50,4.59118489029571,8.258021425584442,0.0,18.4388869269395,3.373148373624889,24.675816748003104,39.37630002664815
51,4.59118489029571,8.258021425584442,0.0,19.13404513489356,3.373148373624889,24.675816748003104,39.37630002664815
52,6.599507899329268,10.493601017236141,0.005846297339662853,19.83226333339392,4.534716721751382,27.796391896158678,41.99136387119294
53,6.599507899329268,10.493601017236141,0.005846297339662853,20.566451636323006,4.534716721751382,27.796391896158678,41.99136387119294
54,8.748768426096944,12.688140666578205,0.005846297339662853,21.29097045458427,5.851064317999398,30.65915997860537,44.16774170826031
55,8.748768426096944,12.688140666578205,0.005846297339662853,21.875506162398885,5.851064317999398,30.65915997860537,44.16774170826031
56,11.038400929257516,14.497336250471369,0.005846297339662854,22.645398346512714,7.754127405091866,33.53228425700335,46.15621690372151
57,11.038400929257516,14.497336250471369,0.005846297339662854,23.262596445915868,7.754127405091866,33.53228425700335,46.15621690372151
58,13.404709883515215,16.60411718117825,0.018053401639994273,23.846469889850503,9.894107757065854,36.162390347528884,47.865660987241725
59,13.404709883515215,16.60411718117825,0.018053401639994273,24.430773585118366,9.894107757065854,36.162390347528884,47.865660987241725
60,16.070432389839347,18.748639691418713,0.018053401639994273,25.09458545035354,11.98106971805391,38.55828900008441,49.335928411005234
61,16.070432389839347,18.748639691418713,0.018053401639994273,25.74848451560007,11.98106971805391,38.55828900008441,49.335928411005234
62,18.506726136540863,21.048513726424734,0.018053401639994276,26.44781749224189,14.655666387478144,40.564492864788356,50.70493475709779
63,18.506726136540863,21.048513726424734,0.018053401639994276,27.045179500502513,14.655666387478144,40.564492864788356,50.70493475709779
64,20.82370602037625,23.087722782812374,0.09625390934821107,27.539674750784222,17.417284394296605,42.47282021485961,51.93367398332677
65,20.82370602037625,23.087722782812374,0.09625390934821107,28.084210960644185,17.417284394296605,42.47282021485961,51.93367398332677
66,23.144696145889988,24.686638991528582,0.09625390934821107,28.600707058412112,19.93894532267024,44.30182829310985,52.98129729695016
67,23.144696145889988,24.686638991528582,0.09625390934821107,29.184927287530023,19.93894532267024,44.30182829310985,52.98129729695016
68,25.349829989826965,26.296894956808053,0.0989433256681519,29.661923263114737,22.13130370240133,45.84094771384798,54.01630875184594
69,25.349829989826965,26.296894956808053,0.0989433256681519,30.203754852292487,22.13130370240133,45.84094771384798,54.01630875184594
70,27.14790423514267,27.92012192593974,0.1339928002040756,30.83102513419938,24.775399555349335,47.29627078802579,54.96942101783093
71,27.14790423514267,27.92012192593974,0.1339928002040756,31.282017918077322,24.775399555349335,47.29627078802579,54.96942101783093
72,28.895325013941907,29.60709459613647,0.19809136085907025,31.84717174203304,27.175117741237813,48.457465037467834,55.831859985226316
73,28.895325013941907,29.60709459613647,0.19809136085907025,32.39067273846343,27.175117741237813,48.457465037467834,55.831859985226316
74,30.571815956992086,31.026809137171025,0.24104425991250406,32.99827981623283,29.28962103938939,49.69763703039296,56.55525738530965
75,30.571815956992086,31.026809137171025,0.24104425991250406,33.5264465012052,29.28962103938939,49.69763703039296,56.55525738530965
76,31.97509000185386,32.33318871003202,0.3394323536248513,33.966300265131856,31.43053550188839,50.79403155015999,57.29002917036623
77,31.97509000185386,32.33318871003202,0.3394323536248513,34.50344175386288,31.43053550188839,50.79403155015999,57.29002917036623
78,33.57937418267198,33.610808936062746,0.7676797849293401,35.013299388111896,33.516939513045514,51.868098552562046,57.986270617544264
79,33.57937418267198,33.610808936062746,0.7676797849293401,35.5679484652776,33.516939513045514,51.868098552562046,57.986270617544264
80,34.8698167692406,34.674548161829385,1.0205464800204236,36.01476872184976,35.4920215013566,52.8733700079013,58.50488461550049
81,34.8698167692406,34.674548161829385,1.0205464800204236,36.5130041651164,35.4920215013566,52.8733700079013,58.50488461550049
82,36.200585488531516,35.77856030922656,1.4598735917209218,36.98646703258049,37.64253459380877,53.74914228184816,58.98142365216681
83,36.200585488531516,35.77856030922656,1.4598735917209218,37.54169104395621,37.64253459380877,53.74914228184816,58.98142365216681
84,37.511684152447835,36.78316225167385,1.9688433016898699,38.06467091666685,39.362869447133136,54.5675699701386,59.46846105049822
85,37.511684152447835,36.78316225167385,1.9688433016898699,38.49037446871049,39.362869447133136,54.5675699701386,59.46846105049822
86,38.67381373509124,37.67473390496143,2.6701606183001703,38.901305385218656,40.678345206774864,55.3853893218423,59.82242478638455
87,38.67381373509124,37.67473390496143,2.6701606183001703,39.29144469625173,40.678345206774864,55.3853893218423,59.82242478638455
88,39.705494781253236,38.67744938434144,3.4728002449702062,39.700229293836,42.01261932657123,56.01099658258747,60.22020750493067
89,39.705494781253236,38.67744938434144,3.4728002449702062,40.11487417031526,42.01261932657123,56.01099658258747,60.22020750493067
90,40.64186066367245,39.52933737739236,4.479036657569612,40.58676283970621,43.102530366530786,56.63243263961127,60.57628067742108
91,40.64186066367245,39.52933737739236,4.479036657569612,41.03921359627897,43.102530366530786,56.63243263961127,60.57628067742108
92,41.572929096373805,40.26637674122881,6.055080989817733,41.40796756790671,44.42369211317978,57.19624616883103,60.888956037687805
93,41.572929096373805,40.26637674122881,6.055080989817733,41.83845375734364,44.42369211317978,57.19624616883103,60.888956037687805
94,42.404631814321846,40.977887987771794,7.3264901342731665,42.24415405737895,45.47179532058916,57.664111864272336,61.184732947835464
95,42.404631814321846,40.977887987771794,7.3264901342731665,42.72509310456741,45.47179532058916,57.664111864272336,61.184732947835464
96,43.3766133886694,41.672077865512215,8.786317613446217,43.095863169937616,46.576264572286604,58.15051722312259,61.434383179172734
97,43.3766133886694,41.672077865512215,8.786317613446217,43.48947538693989,46.576264572286604,58.15051722312259,61.434383179172734
98,44.278334711791096,42.25374848362549,10.29156787226739,43.83146452422923,47.60645385039539,58.58489902409557,61.691672409968135
99,44.278334711791096,42.25374848362549,10.29156787226739,44.25203019524598,47.60645385039539,58.58489902409557,61.691672409968135
100,44.95811198112788,42.82756359332102,11.869935387950465,44.59912576986035,48.554169551249046,58.932365769119286,61.87924930069616
101,44.95811198112788,42.82756359332102,11.869935387950465,44.9057924586964,48.554169551249046,58.932365769119286,61.87924930069616
102,45.660046903818184,43.396201183112886,13.954193441638491,45.220737186672544,49.551070140399275,59.28633371839438,62.058432222796775
103,45.660046903818184,43.396201183112886,13.954193441638491,45.55889302573142,49.551070140399275,59.28633371839438,62.058432222796775
104,46.23325372065325,44.01032438635576,15.86136129161775,45.9302657041078,50.50605581470242,59.61396802892357,62.24713724605363
105,46.23325372065325,44.01032438635576,15.86136129161775,46.29410428606114,50.50605581470242,59.61396802892357,62.24713724605363
106,46.90925135165034,44.50166785827388,17.489052386055516,46.635402909221575,51.33516154792635,59.95825603057412,62.407619442544934
107,46.90925135165034,44.50166785827388,17.489052386055516,46.948525991131845,51.33516154792635,59.95825603057412,62.407619442544934
108,47.43888450746035,44.98540252082187,19.169474378253792,47.28200107073137,52.06284844315909,60.20176446608435,62.548537625232406
109,47.43888450746035,44.98540252082187,19.169474378253792,47.60629488220369,52.06284844315909,60.20176446608435,62.548537625232406
110,47.98004669527431,45.42412244825784,20.777955537467857,47.86179272067099,52.74715578997197,60.49018181279885,62.6966264957863
111,47.98004669527431,45.42412244825784,20.777955537467857,48.14775022240297,52.74715578997197,60.49018181279885,62.6966264957863
112,48.49488889242854,45.811435315901626,22.431415187109355,48.42360643621112,53.41212847868838,60.74586391146363,62.83539020033393
113,48.49488889242854,45.811435315901626,22.431415187109355,48.7137197523054,53.41212847868838,60.74586391146363,62.83539020033393
114,48.957098586745005,46.181759546137364,24.11345580876011,49.0243092132053,54.01811809668913,60.99516427963644,62.95083611655045
115,48.957098586745005,46.181759546137364,24.11345580876011,49.36885415033522,54.01811809668913,60.99516427963644,62.95083611655045
116,49.40794485316515,46.52528841649133,25.681340690074308,49.65711928027715,54.61943958816163,61.22495532058997,63.06549479905426
117,49.40794485316515,46.52528841649133,25.681340690074308,49.88884777916151,54.61943958816163,61.22495532058997,63.06549479905426
118,49.840581807515115,46.860748041842896,27.151875031354034,50.140845978406034,55.1318453374124,61.40945088221032,63.1786053622868
119,49.840581807515115,46.860748041842896,27.151875031354034,50.38355839955276,55.1318453374124,61.40945088221032,63.1786053622868
120,50.4036494162129,47.150395652355236,28.56450850605976,50.56583823536261,55.62106544553285,61.61701797909548,63.30689147114236
121,50.4036494162129,47.150395652355236,28.56450850605976,50.77841364588846,55.62106544553285,61.61701797909548,63.30689147114236
122,50.92328987927143,47.428163495107334,30.2205987775718,51.015072278513564,56.18040549249608,61.793889567375345,63.39247368984903
123,50.92328987927143,47.428163495107334,30.2205987775718,51.24034507594427,56.18040549249608,61.793889567375345,63.39247368984903
124,51.25272663615533,47.73636114207836,31.715065767065724,51.434813501461186,56.69259610210071,61.957478564592684,63.48379995964394
125,51.25272663615533,47.73636114207836,31.715065767065724,51.63754172304322,56.69259610210071,61.957478564592684,63.48379995964394
126,51.58930572987468,48.0305945897802,33.17570692768271,51.82352276297919,57.16370111960364,62.12793076107079,63.57943952119012
127,51.58930572987468,48.0305945897802,33.17570692768271,52.015386932020924,57.16370111960364,62.12793076107079,63.57943952119012
128,51.92913886577914,48.29290470717908,34.446119490368005,52.18235425146559,57.55846713225441,62.28505064049625,63.657992114819386
129,51.92913886577914,48.29290470717908,34.446119490368005,52.35324843345898,57.55846713225441,62.28505064049625,63.657992114819386
130,52.200853334493566,48.540682371963776,35.729311171677345,52.525045870869924,57.92318555628113,62.419737860737946,63.72045052072394
131,52.200853334493566,48.540682371963776,35.729311171677345,52.69927245070408,57.92318555628113,62.419737860737946,63.72045052072394
132,52.43043623492799,48.75954538573313,36.809163039438886,52.841972564010085,58.25922606242672,62.570591487531104,63.77931600846794
133,52.43043623492799,48.75954538573313,36.809163039438886,53.0159224152813,58.25922606242672,62.570591487531104,63.77931600846794
134,52.69322513404761,48.96187540227002,37.968830751888326,53.160031059853594,58.576856905606924,62.6814367026938,63.85619132573561
135,52.69322513404761,48.96187540227002,37.968830751888326,53.30077851205905,58.576856905606924,62.6814367026938,63.85619132573561
136,52.940612616718994,49.14635959239766,39.23201462091289,53.44501830273652,58.89980361312297,62.8083300826065,63.90732072733001
137,52.940612616718994,49.14635959239766,39.23201462091289,53.58986141604179,58.89980361312297,62.8083300826065,63.90732072733001
138,53.183588925111955,49.349256612991006,40.29134440745018,53.73403884777317,59.17232535304969,62.922445067885576,63.96368926178474
139,53.183588925111955,49.349256612991006,40.29134440745018,53.843700239861256,59.17232535304969,62.922445067885576,63.96368926178474
140,53.38063530464455,49.554107482412256,41.37826377962767,53.98510718077848,59.446982411799596,63.015703343594886,64.00646294981661
141,53.38063530464455,49.554107482412256,41.37826377962767,54.14645853946835,59.446982411799596,63.015703343594886,64.00646294981661
142,53.66615112538252,49.74541329299278,42.38009666829691,54.25248187997075,59.71853309311814,63.10460710567574,64.05590777897798
143,53.66615112538252,49.74541329299278,42.38009666829691,54.34979370630303,59.71853309311814,63.10460710567574,64.05590777897798
144,53.86014330451631,49.91575003971517,43.41266012335763,54.457608995115514,59.99108370420686,63.21172915275635,64.10492940214228
145,53.86014330451631,49.91575003971517,43.41266012335763,54.542828205818076,59.99108370420686,63.21172915275635,64.10492940214228
146,54.062274466525714,50.08419796918368,44.19274284937221,54.73326056961071,60.263265161495774,63.28821499856163,64.15432395467076
147,54.062274466525714,50.08419796918368,44.19274284937221,54.806001479747735,60.263265161495774,63.28821499856163,64.15432395467076
148,54.32462809979183,50.22310252823865,45.03454141442094,54.89102022586,60.466284898317525,63.389641672931596,64.20503680866683
149,54.32462809979183,50.22310252823865,45.03454141442094,54.98241675290059,60.466284898317525,63.389641672931596,64.20503680866683
150,54.4590032339482,50.39351135369884,45.80864280605476,55.08328003439825,60.68477445546212,63.46401657659394,64.25404788264554
151,54.4590032339482,50.39351135369884,45.80864280605476,55.163239579535386,60.68477445546212,63.46401657659394,64.25404788264554
152,54.63615844175816,50.521330699127596,46.58230927464465,55.24649701662887,60.84999436948607,63.53188953038532,64.30672602600208
153,54.63615844175816,50.521330699127596,46.58230927464465,55.33403977597573,60.84999436948607,63.53188953038532,64.30672602600208
154,54.7918328857813,50.651068705447,47.26245270548854,55.41661601375685,61.03575562919208,63.59263852811019,64.34983437539985
155,54.7918328857813,50.651068705447,47.26245270548854,55.505902732839104,61.03575562919208,63.59263852811019,64.34983437539985
156,54.910649728330995,50.77422302453202,47.914888883307064,55.58012570948389,61.19135006257164,63.66637511964608,64.38697467783535
157,54.910649728330995,50.77422302453202,47.914888883307064,55.67259843341286,61.19135006257164,63.66637511964608,64.38697467783535
158,55.04240362500832,50.892281307792345,48.61666510949655,55.74398401010075,61.361156062190524,63.73147196813835,64.42651431559233
159,55.04240362500832,50.892281307792345,48.61666510949655,55.830333778810505,61.361156062190524,63.73147196813835,64.42651431559233
160,55.17194674415262,51.0205251574168,49.196387791689624,55.927140667201805,61.505360467366565,63.788528207309845,64.46783297371036
161,55.17194674415262,51.0205251574168,49.196387791689624,55.98794809367812,61.505360467366565,63.788528207309845,64.46783297371036
162,55.29656963734146,51.11762608437992,49.901813564776226,56.05810363618337,61.67219543126542,63.84330273296488,64.5076388658832
163,55.29656963734146,51.11762608437992,49.901813564776226,56.125260795221585,61.67219543126542,63.84330273296488,64.5076388658832
164,55.4168741457582,51.21822180104305,50.535581430652755,56.184386422794105,61.84173931444255,63.90717200614232,64.54516293804494
165,55.4168741457582,51.21822180104305,50.535581430652755,56.24833637809045,61.84173931444255,63.90717200614232,64.54516293804494
166,55.52164153711103,51.321063683702064,51.07057773617271,56.322742189859746,61.97112149473513,63.96681029641454,64.57942482647296
167,55.52164153711103,51.321063683702064,51.07057773617271,56.385906321680324,61.97112149473513,63.96681029641454,64.57942482647296
168,55.62055685328823,51.42753433788519,51.67484736170322,56.43776739576904,62.09218335825584,64.01855806945849,64.6155867301203
169,55.62055685328823,51.42753433788519,51.67484736170322,56.49022917040543,62.09218335825584,64.01855806945849,64.6155867301203
170,55.704563552320884,51.54282021134991,52.25898734739434,56.54292790453398,62.221516938465285,64.06418959255102,64.6545999562553
171,55.704563552320884,51.54282021134991,52.25898734739434,56.59178773070423,62.221516938465285,64.06418959255102,64.6545999562553
172,55.78805867837539,51.64136819503188,52.69051138071479,56.64475374618044,62.34341740257862,64.11619756151904,64.68696325952266
173,55.78805867837539,51.64136819503188,52.69051138071479,56.6881932663967,62.34341740257862,64.11619756151904,64.68696325952266
174,55.868791731710886,51.77331425376607,53.15148897253711,56.72831526532413,62.44902643440787,64.16175290346756,64.71794507256195
175,55.868791731710886,51.77331425376607,53.15148897253711,56.77286215256924,62.44902643440787,64.16175290346756,64.71794507256195
176,55.96777703997993,51.857902219815266,53.61734959252175,56.81196997320185,62.55783602745822,64.21653665644628,64.7479628826391
177,55.96777703997993,51.857902219815266,53.61734959252175,56.863460890182,62.55783602745822,64.21653665644628,64.7479628826391
178,56.04535867029144,51.947301541519344,54.055437139414906,56.91226162227841,62.66667661441359,64.26012153648907,64.77630564624454
179,56.04535867029144,51.947301541519344,54.055437139414906,56.948771926463095,62.66667661441359,64.26012153648907,64.77630564624454
180,56.11296341585802,52.053661643519234,54.46694983079981,56.99299670657516,62.74740623790074,64.30021401088145,64.80178821198699
181,56.11296341585802,52.053661643519234,54.46694983079981,57.02555490821047,62.74740623790074,64.30021401088145,64.80178821198699
182,56.18475890036163,52.13033912987572,54.87676083626831,57.069823024125334,62.85541943380388,64.35134215735145,64.82731382335868
183,56.18475890036163,52.13033912987572,54.87676083626831,57.116863784595836,62.85541943380388,64.35134215735145,64.82731382335868
184,56.27325557095696,52.22443005588311,55.25005190778406,57.14806889921671,62.95339152578644,64.39362528434776,64.84531335244732
185,56.27325557095696,52.22443005588311,55.25005190778406,57.17875163941055,62.95339152578644,64.39362528434776,64.84531335244732
186,56.32991847920369,52.29374613329073,55.6256930440283,57.220750445995314,63.03029418502904,64.4345587334451,64.86916872847837
187,56.32991847920369,52.29374613329073,55.6256930440283,57.254013005027325,63.03029418502904,64.4345587334451,64.86916872847837
188,56.38301505547352,52.3787854490957,55.98332511698676,57.2859848497034,63.10810641308283,64.47295705981051,64.8951615366362
189,56.38301505547352,52.3787854490957,55.98332511698676,57.3233207313361,63.10810641308283,64.47295705981051,64.8951615366362
190,56.44750477229614,52.456455827404234,56.33967920705787,57.35402303300916,63.19128693104628,64.50812955547339,64.91589574667182
191,56.44750477229614,52.456455827404234,56.33967920705787,57.38513937834126,63.19128693104628,64.50812955547339,64.91589574667182
192,56.512855336600076,52.51214675172859,56.67905504651728,57.41345666395679,63.26428872382795,64.54415464181896,64.93485301486898
193,56.512855336600076,52.51214675172859,56.67905504651728,57.44393877747995,63.26428872382795,64.54415464181896,64.93485301486898
194,56.56138978359066,52.58006632292811,56.98197782545815,57.471738067177505,63.334476195705825,64.57474609207789,64.9612272315608
195,56.56138978359066,52.58006632292811,56.98197782545815,57.499434220607036,63.334476195705825,64.57474609207789,64.9612272315608
196,56.6173616160754,52.65590720801605,57.299033815997205,57.52500044419202,63.41290572181696,64.60828683283212,64.97903102969934
197,56.6173616160754,52.65590720801605,57.299033815997205,57.5494285537423,63.41290572181696,64.60828683283212,64.97903102969934
198,56.677483440673235,52.71248915760835,57.5709566946078,57.583089874394524,63.47789109688114,64.64301835848397,64.99857305959138
199,56.677483440673235,52.71248915760835,57.5709566946078,57.60843417666383,63.47789109688114,64.64301835848397,64.99857305959138
200,56.7299233003949,52.792187166322776,57.874289387023616,57.63852931302596,63.54547867361142,64.67372031844059,65.0175369885718
201,56.7299233003949,52.792187166322776,57.874289387023616,57.663823100433184,63.54547867361142,64.67372031844059,65.0175369885718
202,56.773714789464,52.85828147310294,58.12953561896082,57.70054892767509,63.61652934782938,64.71713680653012,65.0408559485211
203,56.773714789464,52.85828147310294,58.12953561896082,57.726853700793114,63.61652934782938,64.71713680653012,65.0408559485211
204,56.81858636571392,52.90683811653185,58.39399426277113,57.76040805865977,63.668690476638105,64.74042941347392,65.06198707451733
205,56.81858636571392,52.90683811653185,58.39399426277113,57.79073426453108,63.668690476638105,64.74042941347392,65.06198707451733
206,56.86819268029764,52.966628633290526,58.60552464537731,57.81513545398364,63.729185761243045,64.77055327456046,65.08277046759348
207,56.86819268029764,52.966628633290526,58.60552464537731,57.84272479836679,63.729185761243045,64.77055327456046,65.08277046759348
208,56.90288847942646,53.0327127829638,58.81563602805006,57.87077786927417,63.781952087858905,64.80483634741753,65.10575994180962
209,56.90288847942646,53.0327127829638,58.81563602805006,57.89859614144783,63.781952087858905,64.80483634741753,65.10575994180962
210,56.945684589037036,53.08171592655777,59.02158890906454,57.9310484478469,63.84285943141279,64.84613638731089,65.12732730292583
211,56.945684589037036,53.08171592655777,59.02158890906454,57.95579488879683,63.84285943141279,64.84613638731089,65.12732730292583
212,56.983992998390455,53.12848572801931,59.24651176728554,58.111758607032385,63.90230393828325,64.87441026035012,65.14961073077347
213,56.983992998390455,53.12848572801931,59.24651176728554,58.135166173571015,63.90230393828325,64.87441026035012,65.14961073077347
214,57.019052698880515,53.17754039200449,59.4498153088384,58.15623987631765,63.94985782074397,64.9145407226728,65.17577395511725
215,57.019052698880515,53.17754039200449,59.4498153088384,58.19142240098512,63.94985782074397,64.9145407226728,65.17577395511725
216,57.055941617502995,53.22919083168232,59.61087176951363,58.229160182469016,64.00122347956264,64.9393138061512,65.19375679524263
217,57.055941617502995,53.22919083168232,59.61087176951363,58.267960838633336,64.00122347956264,64.9393138061512,65.19375679524263
218,57.08976236919673,53.28506063149504,59.791465331243245,58.29476906684247,64.04601222839327,64.97115395963537,65.21103704323217
219,57.08976236919673,53.28506063149504,59.791465331243245,58.32649015242294,64.04601222839327,64.97115395963537,65.21103704323217
220,57.1274647031659,53.326199061084225,59.96122284424199,58.35661050837928,64.08820112847712,65.0000646608905,65.22888007724988
221,57.1274647031659,53.326199061084225,59.96122284424199,58.40262196499588,64.08820112847712,65.0000646608905,65.22888007724988
222,57.16736321593183,53.375501054580674,60.138473629790745,58.426177428366735,64.14538216291405,65.02898009192002,65.24682570744545
223,57.16736321593183,53.375501054580674,60.138473629790745,58.44936346445579,64.14538216291405,65.02898009192002,65.24682570744545
224,57.19713572663906,53.41745449325017,60.297008549797695,58.48197262791721,64.19528602079995,65.0534190368511,65.2654521162916
225,57.19713572663906,53.41745449325017,60.297008549797695,58.53452765974731,64.19528602079995,65.0534190368511,65.2654521162916
226,57.38511058417435,53.57840685455064,60.458713149348306,58.5679827272779,64.23768847706548,65.08348689451226,65.28729265882777
227,57.38511058417435,53.57840685455064,60.458713149348306,58.5940973277218,64.23768847706548,65.08348689451226,65.28729265882777
228,57.4174431818267,53.62357704843088,60.600129166576664,58.62186076345608,64.27289765245382,65.10861540018487,65.30428147036382
229,57.4174431818267,53.62357704843088,60.600129166576664,58.656304477309405,64.27289765245382,65.10861540018487,65.30428147036382
230,57.45334489177865,53.70968357427618,60.74583768012194,58.68707993979431,64.3107034103798,65.13715763171567,65.32432542890197
231,57.45334489177865,53.70968357427618,60.74583768012194,58.72381445700974,64.3107034103798,65.13715763171567,65.32432542890197
232,57.50180701621029,53.79038048618483,60.88897537229453,58.75742127432863,64.35281709980437,65.16520993439427,65.34571207744594
233,57.50180701621029,53.79038048618483,60.88897537229453,58.784656001818945,64.35281709980437,65.16520993439427,65.34571207744594
234,57.53232293950584,53.83386232425031,61.006052910458976,58.81359916546194,64.38618572247975,65.18806017525381,65.36545180361757
235,57.53232293950584,53.83386232425031,61.006052910458976,58.847624434201826,64.38618572247975,65.18806017525381,65.36545180361757
236,57.56258064560158,53.869677046972996,61.125459380214956,58.88435513886018,64.41563932942564,65.21099594991774,65.38256589655083
237,57.56258064560158,53.869677046972996,61.125459380214956,58.91439522972032,64.41563932942564,65.21099594991774,65.38256589655083
238,57.59132603616251,53.907536850546435,61.23910279360669,58.93476647135367,64.44277690412126,65.24291174576845,65.40644142318015
239,57.59132603616251,53.907536850546435,61.23910279360669,58.96108789668948,64.44277690412126,65.24291174576845,65.40644142318015
240,57.61838517221807,53.94797084113458,61.356119857623156,58.9840163410273,64.47324895815652,65.26809070926991,65.42520833733792
241,57.61838517221807,53.94797084113458,61.356119857623156,59.01546714060706,64.47324895815652,65.26809070926991,65.42520833733792
242,57.64506939943179,54.236345367717846,61.46235792922647,59.03881559661108,64.51304695648172,65.29786551971061,65.44995223469718
243,57.64506939943179,54.236345367717846,61.46235792922647,59.058253032800515,64.51304695648172,65.29786551971061,65.44995223469718
244,57.67656645318952,54.27588770147518,61.57093767238945,59.08032296102535,64.55136741467932,65.32888288056256,65.47272742543761
245,57.67656645318952,54.27588770147518,61.57093767238945,59.109361161203076,64.55136741467932,65.32888288056256,65.47272742543761
246,57.70667958937694,54.31755779631533,61.69064833978294,59.13105177614032,64.58459588224876,65.36299651603247,65.49410393067001
247,57.70667958937694,54.31755779631533,61.69064833978294,59.16116253450908,64.58459588224876,65.36299651603247,65.49410393067001
248,57.732326615268505,54.48230370734631,61.8071485016601,59.19614861685552,64.61403145065783,65.38226381148921,65.51061092433098
249,57.732326615268505,54.48230370734631,61.8071485016601,59.22193437863513,64.61403145065783,65.38226381148921,65.51061092433098
250,57.75414251127899,54.51371280902857,61.922860479083276,59.24451231690349,64.64807135723764,65.4177755617337,65.5317015959024
251,57.75414251127899,54.51371280902857,61.922860479083276,59.271550503681866,64.64807135723764,65.4177755617337,65.5317015959024
252,57.779269323359536,54.55527762713439,62.0062538077602,59.29870103769076,64.67890248674668,65.43914762888186,65.55373105916985
253,57.779269323359536,54.55527762713439,62.0062538077602,59.324691759591566,64.67890248674668,65.43914762888186,65.55373105916985
254,57.797854933187374,54.589700099885306,62.09074008123917,59.34949392526037,64.70241352771502,65.47208915356391,65.57581975753732
255,57.797854933187374,54.589700099885306,62.09074008123917,59.37164790339893,64.70241352771502,65.47208915356391,65.57581975753732
256,57.81729363033491,54.64026955825149,62.175754894981914,59.396058988771436,64.73495657933903,65.48800927640815,65.5984409780489
257,57.81729363033491,54.64026955825149,62.175754894981914,59.41804267632721,64.73495657933903,65.48800927640815,65.5984409780489
258,57.83935604546594,54.67181090961124,62.265561918578236,59.44315744779913,64.76179827520208,65.5269938341233,65.62718171823695
259,57.83935604546594,54.67181090961124,62.265561918578236,59.4632368359656,64.76179827520208,65.5269938341233,65.62718171823695
260,57.86259988731914,54.713810820588606,62.33910342847738,59.485834185570695,64.78603248927445,65.55327906480369,65.6470631087655
261,57.86259988731914,54.713810820588606,62.33910342847738,59.507312171504815,64.78603248927445,65.55327906480369,65.6470631087655
262,57.88327250498073,54.74674972152431,62.41676761849181,59.52093563072041,64.80939567117136,65.57735824857609,65.67658124350528
263,57.88327250498073,54.74674972152431,62.41676761849181,59.543215231012866,64.80939567117136,65.57735824857609,65.67658124350528
264,57.90275282398768,54.803311692144774,62.50606214172485,59.56786601744813,64.83537225524225,65.59337905556994,65.71149647689434
265,57.90275282398768,54.803311692144774,62.50606214172485,59.59493568038815,64.83537225524225,65.59337905556994,65.71149647689434
266,57.920244025787795,54.912569809213466,62.578444819290524,59.618020102470645,64.85978608230512,65.63183490521591,65.7502605284069
267,57.920244025787795,54.912569809213466,62.578444819290524,59.64292814588964,64.85978608230512,65.63183490521591,65.7502605284069
268,57.94348100670613,54.940522191644995,62.65646926275119,59.66734972492303,64.88220599025304,65.64916144369441,65.78088367954459
269,57.94348100670613,54.940522191644995,62.65646926275119,59.69193770038199,64.88220599025304,65.64916144369441,65.78088367954459
270,57.96180078256222,54.98479354264285,62.72031482703336,59.71971191697809,64.91096470214262,65.68915565120263,65.82558375794743
271,57.96180078256222,54.98479354264285,62.72031482703336,59.7476605561528,64.91096470214262,65.68915565120263,65.82558375794743
272,57.98143614577184,55.0937477303753,62.78831918403045,59.768341881271844,64.93439475723619,65.71724518871318,65.86393883320106
273,57.98143614577184,55.0937477303753,62.78831918403045,59.7913749919959,64.93439475723619,65.71724518871318,65.86393883320106
274,58.00037832606152,55.12851531962085,62.85572795569656,59.812991967915444,64.96042180211106,65.76783855020803,65.90939944431418
275,58.00037832606152,55.12851531962085,62.85572795569656,59.841789659054946,64.96042180211106,65.76783855020803,65.90939944431418
276,58.015494147170266,55.16603493993132,62.90843083617163,59.86915699301165,64.9790368184295,65.7982588777734,65.94009298782419
277,58.015494147170266,55.16603493993132,62.90843083617163,59.891513962824014,64.9790368184295,65.7982588777734,65.94009298782419
278,58.035938138659596,55.18965562281167,62.97645954504627,59.92923400219078,64.99921491509419,65.83460728931198,65.98158606156201
279,58.035938138659596,55.18965562281167,62.97645954504627,59.953771601011354,64.99921491509419,65.83460728931198,65.98158606156201
280,58.052679032222755,55.21606566439511,63.04158059670391,59.982423843002394,65.02304810254539,65.85918384824586,66.00464610479311
281,58.052679032222755,55.21606566439511,63.04158059670391,60.009608788988736,65.02304810254539,65.85918384824586,66.00464610479311
282,58.07345842644311,55.24075739253587,63.11078199235931,60.0336277919128,65.04654737750435,65.90825624065653,66.04144647193449
283,58.07345842644311,55.24075739253587,63.11078199235931,60.055166608448786,65.04654737750435,65.90825624065653,66.04144647193449
284,58.085683623651654,55.269058768963134,63.17510577235477,60.078219175948036,65.0683739189862,65.93700715024818,66.07587482482076
285,58.085683623651654,55.269058768963134,63.17510577235477,60.103897537043814,65.0683739189862,65.93700715024818,66.07587482482076
286,58.102079018983986,55.29414840613317,63.239252097080865,60.12514318096534,65.09390801565395,65.97869592429146,66.11225137307555
287,58.102079018983986,55.29414840613317,63.239252097080865,60.147844319659484,65.09390801565395,65.97869592429146,66.11225137307555
288,58.11865000839293,55.32196935400183,63.28796659992635,60.173160773020115,65.11336103840982,66.00828344948073,66.14614617214356
289,58.11865000839293,55.32196935400183,63.28796659992635,60.207864635285155,65.11336103840982,66.00828344948073,66.14614617214356
290,58.134874355723944,55.34520526759231,63.33921070917814,60.23375504103555,65.13754512717347,66.0530117639258,66.20164600504074
291,58.134874355723944,55.34520526759231,63.33921070917814,60.26704861381235,65.13754512717347,66.0530117639258,66.20164600504074
292,58.15095343585735,55.374582445611296,63.39556485405128,60.291660084414424,65.16106657329757,66.08225516726935,66.23489956820917
293,58.15095343585735,55.374582445611296,63.39556485405128,60.31899622950634,65.16106657329757,66.08225516726935,66.23489956820917
294,58.165409415210725,55.39609157269146,63.44991352410253,60.343403974791634,65.18561191508566,66.11250795449341,66.2880696748622
295,58.165409415210725,55.39609157269146,63.44991352410253,60.36669489120236,65.18561191508566,66.11250795449341,66.2880696748622
296,58.179682515786645,55.41993303523143,63.50721338703937,60.39233939900005,65.20077633919462,66.13212289095081,66.33201360469678
297,58.179682515786645,55.41993303523143,63.50721338703937,60.41752742160682,65.20077633919462,66.13212289095081,66.33201360469678
298,58.19318240183486,55.4404974567984,63.55136830241766,60.444679813269,65.21457670971441,66.15928586219887,66.37402304467838
299,58.19318240183486,55.4404974567984,63.55136830241766,60.473682332963605,65.21457670971441,66.15928586219887,66.37402304467838
300,58.227061880692546,55.46178601356537,63.599784070089214,60.50241427838065,65.23399072271933,66.17711852442477,66.39425152685743
301,58.227061880692546,55.46178601356537,63.599784070089214,60.529061222481076,65.23399072271933,66.17711852442477,66.39425152685743
302,58.27835180942967,55.48265574158807,63.64738963076074,60.556349176539385,65.25403156341385,66.20622484972706,66.42685890970701
303,58.27835180942967,55.48265574158807,63.64738963076074,60.582552102874885,65.25403156341385,66.20622484972706,66.42685890970701
304,58.420925318006,55.50576207281457,63.6995208443691,60.61408600225404,65.27367295798959,66.23792776137236,66.45205795732241
305,58.420925318006,55.50576207281457,63.6995208443691,60.63800064240097,65.27367295798959,66.23792776137236,66.45205795732241
306,58.43534019098284,55.52343026872772,63.74051467495263,60.681555216280714,65.29906408772376,66.27538454712736,66.48166719239121
307,58.43534019098284,55.52343026872772,63.74051467495263,60.71344218519189,65.29906408772376,66.27538454712736,66.48166719239121
308,58.506105025726505,55.54063714049079,63.784570680995635,60.74543203813483,65.31921176949793,66.30019763172535,66.51238863159864
309,58.506105025726505,55.54063714049079,63.784570680995635,60.7756737432081,65.31921176949793,66.30019763172535,66.51238863159864
310,58.648610963753846,55.56130911880754,63.819181790628996,60.812887400468405,65.334257648593,66.33511707787018,66.54731351257023
311,58.648610963753846,55.56130911880754,63.819181790628996,60.841457976862486,65.334257648593,66.33511707787018,66.54731351257023
312,58.660413940803366,55.582192392662634,63.86683613606265,60.873629304217445,65.35217893565311,66.3621244295564,66.58560071701328
313,58.660413940803366,55.582192392662634,63.86683613606265,60.905512994978416,65.35217893565311,66.3621244295564,66.58560071701328
314,58.69105634745985,55.604275291768914,63.90456797364419,60.937798098778416,65.37015236917146,66.40138062465851,66.62746053508647
315,58.69105634745985,55.604275291768914,63.90456797364419,60.96703361966455,65.37015236917146,66.40138062465851,66.62746053508647
316,58.70530148863439,55.62071527511356,63.951101560487785,60.99167408052243,65.38552702265902,66.43098843487769,66.65701408567874
317,58.70530148863439,55.62071527511356,63.951101560487785,61.02255686958763,65.38552702265902,66.43098843487769,66.65701408567874
318,58.72716365126445,55.64161768648977,64.0017846651151,61.050583332843644,65.4050407751885,66.47906573108783,66.70339856315034
319,58.72716365126445,55.64161768648977,64.0017846651151,61.07317032226865,65.4050407751885,66.47906573108783,66.70339856315034
320,58.74619124849707,55.660193215555424,64.04217036773538,61.10874255312354,65.41762484635252,66.51392616286773,66.73593631907428
321,58.74619124849707,55.660193215555424,64.04217036773538,61.14294040031017,65.41762484635252,66.51392616286773,66.73593631907428
322,58.75445116953849,55.68201479544107,64.08413967900769,61.17989621826616,65.4337777410418,66.54473011796429,66.76895071605429
323,58.75445116953849,55.68201479544107,64.08413967900769,61.21669937334189,65.4337777410418,66.54473011796429,66.76895071605429
324,58.77540163255349,55.70108915465441,64.11784073899622,61.24873337326564,65.44821523798947,66.56406461646463,66.79698974452619
325,58.77540163255349,55.70108915465441,64.11784073899622,61.28084082066773,65.44821523798947,66.56406461646463,66.79698974452619
326,58.78766660789974,55.714949144012806,64.15226542326789,61.31568937911223,65.46454180910388,66.5981257425312,66.83337087398567
327,58.78766660789974,55.714949144012806,64.15226542326789,61.35387522152445,65.46454180910388,66.5981257425312,66.83337087398567
328,58.8012762160601,55.73162719958253,64.18479077398317,61.38734398450708,65.48001911617094,66.62334325543799,66.85939536579194
329,58.8012762160601,55.73162719958253,64.18479077398317,61.4285223978805,65.48001911617094,66.62334325543799,66.85939536579194
330,58.81345856092385,55.74954410011086,64.22903097225915,61.46938311500351,65.49363034206354,66.65590487447874,66.90167486544168
331,58.81345856092385,55.74954410011086,64.22903097225915,61.50076696641156,65.49363034206354,66.65590487447874,66.90167486544168
332,58.82895445540813,55.76826852690508,64.26868885006274,61.536333518499895,65.51462933430496,66.68208818327928,66.93892553833113
333,58.82895445540813,55.76826852690508,64.26868885006274,61.57465735428299,65.51462933430496,66.68208818327928,66.93892553833113
334,58.84633124056289,55.78066900168005,64.30885358177213,61.61814061359059,65.53541915925233,66.71179780681132,66.96262601917819
335,58.84633124056289,55.78066900168005,64.30885358177213,61.659021473886064,65.53541915925233,66.71179780681132,66.96262601917819
336,58.85362562518627,55.795347104384376,64.34611603837166,61.68793576726878,65.5487729722333,66.73453293924915,66.99260385913841
337,58.85362562518627,55.795347104384376,64.34611603837166,61.72370703323738,65.5487729722333,66.73453293924915,66.99260385913841
338,58.86666817429025,55.8121998070758,64.38259739509232,61.76506796538459,65.56471202832584,66.76640666706001,67.01292408819502
339,58.86666817429025,55.8121998070758,64.38259739509232,61.803083954117696,65.56471202832584,66.76640666706001,67.01292408819502
340,58.88131415624361,55.82747723293045,64.43353847711127,61.84371662782115,65.58515465308352,66.78232190798408,67.03701833254087
341,58.88131415624361,55.82747723293045,64.43353847711127,61.883552376603056,65.58515465308352,66.78232190798408,67.03701833254087
342,58.89162343671056,55.84269053443535,64.46649661093382,61.921579428408535,65.60288620438047,66.82033109560723,67.06510622619734
343,58.89162343671056,55.84269053443535,64.46649661093382,61.96407295420548,65.60288620438047,66.82033109560723,67.06510622619734
344,58.90510873126801,55.8573995067308,64.50553017354764,61.999279732775115,65.61673926781022,66.84577974972419,67.09577609906077
345,58.90510873126801,55.8573995067308,64.50553017354764,62.03012215232451,65.61673926781022,66.84577974972419,67.09577609906077
346,59.113800571178146,55.871201425995906,64.54429044101818,62.0704654094823,65.63523310897668,66.88441227189871,67.13386190335832
347,59.113800571178146,55.871201425995906,64.54429044101818,62.10911414333082,65.63523310897668,66.88441227189871,67.13386190335832
348,59.12711899206813,55.992765656720486,64.57671606556792,62.1450771362179,65.65351887669044,66.91732717195588,67.16142705337465
349,59.12711899206813,55.992765656720486,64.57671606556792,62.18472967762526,65.65351887669044,66.91732717195588,67.16142705337465
350,59.13463409558095,56.01194846773908,64.60736186491894,62.219918095484026,65.664660543079,66.94030651836694,67.18422403256456
351,59.13463409558095,56.01194846773908,64.60736186491894,62.25354321442283,65.664660543079,66.94030651836694,67.18422403256456
352,59.14634578164601,56.06848447225795,64.64275086970588,62.28627364194775,65.67721124415553,66.96241590107061,67.22250738616107
353,59.14634578164601,56.06848447225795,64.64275086970588,62.333473161826205,65.67721124415553,66.96241590107061,67.22250738616107
354,59.158118068729756,56.083759336960306,64.67319459154423,62.37409079269739,65.69443804407663,66.98620367993259,67.24469421379138
355,59.158118068729756,56.083759336960306,64.67319459154423,62.419917751393136,65.69443804407663,66.98620367993259,67.24469421379138
356,59.171759319312876,56.10859251387218,64.70969274538012,62.47616483158145,65.7099419807833,67.01751740435519,67.27351570178573
357,59.171759319312876,56.10859251387218,64.70969274538012,62.51489192849123,65.7099419807833,67.01751740435519,67.27351570178573
358,59.18697690271442,56.12783305849731,64.73091060328869,62.55298098480313,65.72724173348179,67.04953283591661,67.30545936301618
359,59.18697690271442,56.12783305849731,64.73091060328869,62.5884574837358,65.72724173348179,67.04953283591661,67.30545936301618
360,59.1975402419604,56.16735881209096,64.75993916131976,62.64005163004141,65.74122124777784,67.0827867269433,67.3262407453218
361,59.1975402419604,56.16735881209096,64.75993916131976,62.68551137957507,65.74122124777784,67.0827867269433,67.3262407453218
362,59.20804472705278,56.18270597680603,64.79250293550737,62.72700730722459,65.75578108023184,67.11175549530026,67.35743887094932
363,59.20804472705278,56.18270597680603,64.79250293550737,62.76716830651947,65.75578108023184,67.11175549530026,67.35743887094932
364,59.3885141777165,56.195454881612726,64.81954746604349,62.80343937967062,65.76861582463535,67.13667436431838,67.38804524125543
365,59.3885141777165,56.195454881612726,64.81954746604349,62.85306106808215,65.76861582463535,67.13667436431838,67.38804524125543
366,59.404531698741955,56.21014826507063,64.8511987954887,62.89234915890467,65.78175636228188,67.16043249388038,67.40637653593527
367,59.404531698741955,56.21014826507063,64.8511987954887,62.93383608867751,65.78175636228188,67.16043249388038,67.40637653593527
368,59.41469127207748,56.24923870688608,64.88331465958355,62.96508747158591,65.79648502370918,67.19080036106847,67.43578705799172
369,59.41469127207748,56.24923870688608,64.88331465958355,63.006634195587054,65.79648502370918,67.19080036106847,67.43578705799172
370,59.443024416015646,56.30138580812313,64.91752764905006,63.05417161473817,65.80807936017497,67.23353019780113,67.46157237317233
371,59.443024416015646,56.30138580812313,64.91752764905006,63.09606690379941,65.80807936017497,67.23353019780113,67.46157237317233
372,59.464394185037875,56.31355555707086,64.94588412008646,63.1437302479004,65.82105272475742,67.26177584951049,67.4841210320734
373,59.464394185037875,56.31355555707086,64.94588412008646,63.1926599208643,65.82105272475742,67.26177584951049,67.4841210320734
374,59.4726277751021,56.36423324422209,64.97089613348747,63.242357967861665,65.83155830759102,67.2864814756991,67.50263801739844
375,59.4726277751021,56.36423324422209,64.97089613348747,63.274828142468074,65.83155830759102,67.2864814756991,67.50263801739844
376,59.48769970740836,56.40517482052081,64.99960922256275,63.31572471027898,65.84417189910415,67.31997959636358,67.5254404992645
377,59.48769970740836,56.40517482052081,64.99960922256275,63.364057450227996,65.84417189910415,67.31997959636358,67.5254404992645
378,59.50161781229013,56.43055724505335,65.02182519891839,63.40261028426013,65.8528880546921,67.3437757403146,67.55073619893506
379,59.50161781229013,56.43055724505335,65.02182519891839,63.45291751534978,65.8528880546921,67.3437757403146,67.55073619893506
380,59.64810112916257,56.451412452805,65.0544109036981,63.50199349752913,65.86234527407805,67.36828759131042,67.57166236865622
381,59.64810112916257,56.451412452805,65.0544109036981,63.54885044279229,65.86234527407805,67.36828759131042,67.57166236865622
382,59.656434360660946,56.477556703847235,65.08244613750178,63.593748909293105,65.87431289800358,67.40649861928712,67.6035949149352
383,59.656434360660946,56.477556703847235,65.08244613750178,63.64106098017211,65.87431289800358,67.40649861928712,67.6035949149352
384,59.70426356098248,56.520035740266486,65.10947501762922,63.69549379344265,65.88779606038435,67.43269989522179,67.63234072768417
385,59.70426356098248,56.520035740266486,65.10947501762922,63.7438894595708,65.88779606038435,67.43269989522179,67.63234072768417
386,59.73855058253147,56.61055459831283,65.14737314723072,63.79062138625176,65.89774731669428,67.45570095104918,67.6620478658758
387,59.73855058253147,56.61055459831283,65.14737314723072,63.86055975575682,65.89774731669428,67.45570095104918,67.6620478658758
388,59.832019970425286,56.8367282379199,65.17151941952984,63.90633579873277,65.91255183457696,67.48144084185861,67.69296585581148
389,59.832019970425286,56.8367282379199,65.17151941952984,63.95446955302464,65.91255183457696,67.48144084185861,67.69296585581148
390,59.932371248825376,56.85146197686252,65.19931059323719,64.00384113103665,65.92764011907558,67.5194027681724,67.71602677079082
391,59.932371248825376,56.85146197686252,65.19931059323719,64.04886258104358,65.92764011907558,67.5194027681724,67.71602677079082
392,59.9413600698385,56.89966768069623,65.23470996860762,64.09936041104436,65.93837281291049,67.54806462055923,67.7469302571323
393,59.9413600698385,56.89966768069623,65.23470996860762,64.14432207764472,65.93837281291049,67.54806462055923,67.7469302571323
394,59.974311159490526,57.152713669639695,65.26079646917805,64.19313577450963,65.95024787257277,67.57698772533973,67.7589251537781
395,59.974311159490526,57.152713669639695,65.26079646917805,64.23587067483952,65.95024787257277,67.57698772533973,67.7589251537781
396,59.985212330701145,57.173833145335074,65.28448342923313,64.29161503203956,65.96054789050297,67.59674292554509,67.78148877011239
397,59.985212330701145,57.173833145335074,65.28448342923313,64.3432343953552,65.96054789050297,67.59674292554509,67.78148877011239
398,59.99424460578309,57.191232296518194,65.30559142914012,64.38462773502594,65.97182136158668,67.62444899936997,67.7972419511568
399,59.99424460578309,57.191232296518194,65.30559142914012,64.5147548010788,65.97182136158668,67.62444899936997,67.7972419511568
400,60.00526573020129,57.207259793619826,65.33441649200661,64.56912756004161,65.98199720203857,67.64167762715981,67.82277391959059
401,60.00526573020129,57.207259793619826,65.33441649200661,64.61994861810778,65.98199720203857,67.64167762715981,67.82277391959059
402,60.0125610931243,57.225090352928895,65.36067213222431,64.69129716069193,65.99065328653207,67.67436076366992,67.83557832913102
403,60.0125610931243,57.225090352928895,65.36067213222431,64.73413362032584,65.99065328653207,67.67436076366992,67.83557832913102
404,60.0187574903183,57.23734309381994,65.3825704813506,64.77846016827532,66.00066294756077,67.69719213703664,67.85565414637391
405,60.0187574903183,57.23734309381994,65.3825704813506,64.83177223294398,66.00066294756077,67.69719213703664,67.85565414637391
406,60.02741174488565,57.25105933677269,65.39975691794851,64.91511870030205,66.0089493082269,67.73301450178727,67.88217675163754
407,60.02741174488565,57.25105933677269,65.39975691794851,64.97694786492022,66.0089493082269,67.73301450178727,67.88217675163754
408,60.0410705553466,57.27016843462675,65.43495095927047,65.03289135605152,66.02150076810304,67.76316866651496,67.9055865584572
409,60.0410705553466,57.27016843462675,65.43495095927047,65.08036452235869,66.02150076810304,67.76316866651496,67.9055865584572
410,60.05291682282028,57.28092989924938,65.45419950397347,65.13295123263752,66.03342450303487,67.78460836609037,67.93739940686838
411,60.05291682282028,57.28092989924938,65.45419950397347,65.20306020076028,66.03342450303487,67.78460836609037,67.93739940686838
412,60.19909398160097,57.294464797857415,65.47844857195489,65.246808775845,66.04490635572691,67.80791772619577,67.95853125301817
413,60.19909398160097,57.294464797857415,65.47844857195489,65.29715347801871,66.04490635572691,67.80791772619577,67.95853125301817
414,60.23187214020012,57.30546585215048,65.50064105820805,65.33974339227478,66.05594362582912,67.83234908784772,67.97854618565759
415,60.23187214020012,57.30546585215048,65.50064105820805,65.39357054932552,66.05594362582912,67.83234908784772,67.97854618565759
416,60.23826114949657,57.31749633943248,65.51980176160825,65.43414484695587,66.0640088959032,67.85536474849573,68.00403466487977
417,60.23826114949657,57.31749633943248,65.51980176160825,65.47950484069315,66.0640088959032,67.85536474849573,68.00403466487977
418,60.24478773318667,57.33261809319183,65.55137792961008,65.52299308068689,66.07584652541503,67.88862132970968,68.02013290470815
419,60.24478773318667,57.33261809319183,65.55137792961008,65.56594868247763,66.07584652541503,67.88862132970968,68.02013290470815
420,60.254687501868595,57.34341610171339,65.57617090503769,65.62207118969106,66.08677008890021,67.92265195856561,68.04261455339605
421,60.254687501868595,57.34341610171339,65.57617090503769,65.6713923123956,66.08677008890021,67.92265195856561,68.04261455339605
422,60.262020640990386,57.351873059324824,65.59829413737535,65.72842586489836,66.09837695627593,67.95719481052235,68.07184038516044
423,60.262020640990386,57.351873059324824,65.59829413737535,65.78740411027195,66.09837695627593,67.95719481052235,68.07184038516044
424,60.28640829621204,57.36605819279556,65.61752974085043,65.83670929172949,66.10991180755225,67.97563189781226,68.09258254940428
425,60.28640829621204,57.36605819279556,65.61752974085043,65.87916569033004,66.10991180755225,67.97563189781226,68.09258254940428
426,60.29460797554984,57.377303845332136,65.64244905818902,65.91301067315767,66.12169539209943,68.00242478552741,68.10911999254805
427,60.29460797554984,57.377303845332136,65.64244905818902,65.95986556128713,66.12169539209943,68.00242478552741,68.10911999254805
428,60.30589250911322,57.389088832378235,65.66451304243326,66.00307759029786,66.13257546318023,68.01719086045986,68.1374578949935
429,60.30589250911322,57.389088832378235,65.66451304243326,66.04999699161567,66.13257546318023,68.01719086045986,68.1374578949935
430,60.315031772109464,57.397741617646666,65.68877870126529,66.09626895300684,66.14207374130972,68.03994315075629,68.15937042403033
431,60.315031772109464,57.397741617646666,65.68877870126529,66.14740670008722,66.14207374130972,68.03994315075629,68.15937042403033
432,60.33492978198785,57.407105163467165,65.70902279701164,66.19373193380257,66.15389080536409,68.06105999080643,68.17575303518737
433,60.33492978198785,57.407105163467165,65.70902279701164,66.2394043885262,66.15389080536409,68.06105999080643,68.17575303518737
434,60.34668565098382,57.41871845473791,65.72947572669813,66.29250428969843,66.1706295386453,68.08613080162226,68.19681170507337
435,60.34668565098382,57.41871845473791,65.72947572669813,66.32919428669496,66.1706295386453,68.08613080162226,68.19681170507337
436,60.35702949795383,57.4296261218858,65.74922035017372,66.3798306439695,66.17962013896957,68.11448716834269,68.22518060347815
437,60.35702949795383,57.4296261218858,65.74922035017372,66.4307643370563,66.17962013896957,68.11448716834269,68.22518060347815
438,60.36513805633683,57.445098080186504,65.77356267614978,66.47945045760181,66.18766716321933,68.13568872836798,68.24100830505202
439,60.36513805633683,57.445098080186504,65.77356267614978,66.52103167574116,66.18766716321933,68.13568872836798,68.24100830505202
440,60.375666027519124,57.45458988751481,65.79471254919909,66.56636589987929,66.20362843203186,68.16403107064826,68.26124931210059
441,60.375666027519124,57.45458988751481,65.79471254919909,66.61301648637591,66.20362843203186,68.16403107064826,68.26124931210059
442,60.38122847352948,57.4657628595027,65.82177282498074,66.65862055426453,66.21664311080994,68.19086684452499,68.28834510063457
443,60.38122847352948,57.4657628595027,65.82177282498074,66.70659488026836,66.21664311080994,68.19086684452499,68.28834510063457
444,60.389585688740155,57.474420175134966,65.8427264280018,66.74683260335476,66.2265362339263,68.22341052306462,68.30837576727154
445,60.389585688740155,57.474420175134966,65.8427264280018,66.7912088397165,66.2265362339263,68.22341052306462,68.30837576727154
446,60.397621736618,57.48514797145414,65.86574189620865,66.8361808371072,66.2377911150081,68.24560764094187,68.3289069471615
447,60.397621736618,57.48514797145414,65.86574189620865,66.88898534704158,66.2377911150081,68.24560764094187,68.3289069471615
448,60.40967771373862,57.49248460527077,65.88366450884337,66.93144270023203,66.2488468482667,68.27044042825644,68.35298138812026
449,60.40967771373862,57.49248460527077,65.88366450884337,66.98032135051454,66.2488468482667,68.27044042825644,68.35298138812026
450,60.41985364236348,57.500373352768754,65.90971812054669,67.02260092101025,66.25647394834228,68.300652982187,68.3804342957235
451,60.41985364236348,57.500373352768754,65.90971812054669,67.06857297152091,66.25647394834228,68.300652982187,68.3804342957235
452,60.42634045148327,57.62955311042979,65.9310907613141,67.11983165040311,66.27099700711427,68.32455416617083,68.40205571124775
453,60.42634045148327,57.62955311042979,65.9310907613141,67.17020495013483,66.27099700711427,68.32455416617083,68.40205571124775
454,60.43115636482551,57.63977953867164,65.94901030560517,67.22516690033399,66.28514343231667,68.35009613245658,68.42400143305755
455,60.43115636482551,57.63977953867164,65.94901030560517,67.27561262134985,66.28514343231667,68.35009613245658,68.42400143305755
456,60.43921955521356,57.702740839210165,65.97556807468163,67.34546894978057,66.2981201574736,68.3792192372917,68.44725984501106
457,60.43921955521356,57.702740839210165,65.97556807468163,67.3912410542087,66.2981201574736,68.3792192372917,68.44725984501106
458,60.447754932449584,57.7346387840702,65.9984056327687,67.44163071246936,66.3053140222134,68.40734030471056,68.4676300588378
459,60.447754932449584,57.7346387840702,65.9984056327687,67.49433266593182,66.3053140222134,68.40734030471056,68.4676300588378
460,60.456199873652785,57.74218634055836,66.0163682174035,67.56220093702157,66.31551879485664,68.43145984476861,68.48265655656208
461,60.456199873652785,57.74218634055836,66.0163682174035,67.6626667366622,66.31551879485664,68.43145984476861,68.48265655656208
462,60.46210262938685,57.74966386744459,66.03236204395927,67.7195644877299,66.32991139611671,68.44485192344862,68.5036532568182
463,60.46210262938685,57.74966386744459,66.03236204395927,67.78064277803307,66.32991139611671,68.44485192344862,68.5036532568182
464,60.468243901029,57.75743627889571,66.05572503507202,67.83163291673793,66.33777708614384,68.46319605783496,68.52026945805792
465,60.468243901029,57.75743627889571,66.05572503507202,67.88581433134227,66.33777708614384,68.46319605783496,68.52026945805792
466,60.47892828868533,57.7667228603474,66.07126761024298,67.93677810931385,66.34706498766036,68.49144504666656,68.54243417810466
467,60.47892828868533,57.7667228603474,66.07126761024298,67.98595850372602,66.34706498766036,68.49144504666656,68.54243417810466
468,60.484128204345346,57.774662037060295,66.08691855444289,68.04178466117149,66.35630590101951,68.50957231139145,68.56996557073415
469,60.484128204345346,57.774662037060295,66.08691855444289,68.09107287273505,66.35630590101951,68.50957231139145,68.56996557073415
470,60.49100306778292,57.78255391649939,66.10600081246541,68.13804240409804,66.36922883268957,68.52260007903921,68.59481754299412
471,60.49100306778292,57.78255391649939,66.10600081246541,68.19944128177991,66.36922883268957,68.52260007903921,68.59481754299412
472,60.495495278126995,57.790859230673995,66.12168013981055,68.25425078488433,66.37865781997856,68.55045814811616,68.60983575142555
473,60.495495278126995,57.790859230673995,66.12168013981055,68.31265714346465,66.37865781997856,68.55045814811616,68.60983575142555
474,60.50101797120766,57.89365398600421,66.14450077098407,68.36019300079344,66.38889368760121,68.5756479437497,68.62483469478386
475,60.50101797120766,57.89365398600421,66.14450077098407,68.41066343679402,66.38889368760121,68.5756479437497,68.62483469478386
476,60.5119205279221,57.90101678064269,66.16814047608182,68.45662292658308,66.3971044737754,68.5945276592708,68.64625664615514
477,60.5119205279221,57.90101678064269,66.16814047608182,68.51658608057853,66.3971044737754,68.5945276592708,68.64625664615514
478,60.519238907481935,57.96349454166656,66.18227323898031,68.56701163825183,66.40296516713191,68.61740262792895,68.66294676491592
479,60.519238907481935,57.96349454166656,66.18227323898031,68.62112484467704,66.40296516713191,68.61740262792895,68.66294676491592
480,60.52625523305155,57.99168321016356,66.19759014057252,68.6762144762634,66.41095532277268,68.6356382677188,68.6877409514983
481,60.52625523305155,57.99168321016356,66.19759014057252,68.72832518578056,66.41095532277268,68.6356382677188,68.6877409514983
482,60.5322398069969,58.01730713221103,66.21523472203535,68.77820448104488,66.41842396655733,68.65328253231804,68.7022017860768
483,60.5322398069969,58.01730713221103,66.21523472203535,68.83502929298938,66.41842396655733,68.65328253231804,68.7022017860768
484,60.53691995165704,58.0395809342087,66.2322611343133,68.89177970832407,66.42764387419386,68.68007308748795,68.72575624069708
485,60.53691995165704,58.0395809342087,66.2322611343133,68.94353403279969,66.42764387419386,68.68007308748795,68.72575624069708
486,60.540871987345525,58.044593012104926,66.25719921443498,69.00004319377385,66.43598792020504,68.70382393892429,68.75001480289448
487,60.540871987345525,58.044593012104926,66.25719921443498,69.0490245406412,66.43598792020504,68.70382393892429,68.75001480289448
488,60.54606821436486,58.05665240313449,66.27798990752328,69.10080105249483,66.44483566583244,68.71724956846433,68.7705858658781
489,60.54606821436486,58.05665240313449,66.27798990752328,69.14715897455406,66.44483566583244,68.71724956846433,68.7705858658781
490,60.552940174885364,58.0661232332315,66.29118974256635,69.20081196692803,66.45205250997034,68.74014632649018,68.78716091220197
491,60.552940174885364,58.0661232332315,66.29118974256635,69.24144116452732,66.45205250997034,68.74014632649018,68.78716091220197
492,60.564747925342225,58.07911357569734,66.3084111215373,69.29456155180792,66.46284586781948,68.76359132082682,68.81109749028217
493,60.564747925342225,58.07911357569734,66.3084111215373,69.34222476709824,66.46284586781948,68.76359132082682,68.81109749028217
494,60.57264984065872,58.09143452722421,66.3247752176753,69.39926735079618,66.47315348620938,68.78453005152952,68.83673308108929
495,60.57264984065872,58.09143452722421,66.3247752176753,69.4451577146521,66.47315348620938,68.78453005152952,68.83673308108929
496,60.57763088422825,58.100517993051945,66.33856096689564,69.48678111815808,66.48116180991931,68.80181866398637,68.86739011998054
497,60.57763088422825,58.100517993051945,66.33856096689564,69.53972977320282,66.48116180991931,68.80181866398637,68.86739011998054
498,60.582417668146014,58.10714188279417,66.35847652851663,69.5800143242441,66.49362516670135,68.8233271139965,68.88023300672464
499,60.582417668146014,58.10714188279417,66.35847652851663,69.62965021609706,66.49362516670135,68.8233271139965,68.88023300672464
