Comparison stage no.,data//output//runtimePerformance//DECMO2//SolutionSetSize50//,data//output//runtimePerformance//DECMO2//SolutionSetSize100//,data//output//runtimePerformance//DECMO2//SolutionSetSize200//,data//output//runtimePerformance//DECMO2//SolutionSetSize300//,data//output//runtimePerformance//DECMO2//SolutionSetSize400//,data//output//runtimePerformance//DECMO2//SolutionSetSize500//
0,0.0,0.012851472730078983,0.005332164857552361,0.05182814080528138,0.0717548953640986,0.11870803317136976
1,0.013407631934317672,0.020732488349961983,0.005332164857552361,0.05182814080528138,0.0717548953640986,0.11870803317136976
2,0.5973627437842158,0.053242332868282304,0.005332164857552361,0.05182814080528138,0.0717548953640986,0.11870803317136976
3,2.825553607990942,0.2668158993914677,0.005332164857552361,0.11454833112417094,0.0717548953640986,0.11870803317136976
4,6.310710313599871,0.6657099999883683,0.05301061070218641,0.11454833112417094,0.08313716298892002,0.11870803317136976
5,13.694404287122428,1.6929756688994897,0.05301061070218641,0.11454833112417094,0.08313716298892002,0.15106047544688392
6,21.904135920582206,3.4483913168632476,0.3792472893611638,0.1610866622230448,0.08313716298892002,0.15106047544688392
7,30.54584078374747,6.060962238247219,0.3792472893611638,0.1610866622230448,0.08313716298892002,0.15106047544688392
8,39.54143369847137,9.725776383906679,1.4038984410054,0.1610866622230448,0.27400792984658573,0.15106047544688392
9,46.934765077352424,15.899223104698148,1.4038984410054,0.5462754274737338,0.27400792984658573,0.15106047544688392
10,52.57941122930701,22.273040445845258,4.135891133678433,0.5462754274737338,0.27400792984658573,0.28338256009089796
11,57.40843326459324,28.632114402093677,4.135891133678433,0.5462754274737338,0.27400792984658573,0.28338256009089796
12,61.10541598236436,35.13756819885696,7.852091258353484,2.402318854138639,1.2362459721782455,0.28338256009089796
13,64.1293697503072,42.07710520796685,7.852091258353484,2.402318854138639,1.2362459721782455,0.28338256009089796
14,66.64311487540111,48.03903483443137,14.43092012577505,2.402318854138639,1.2362459721782455,0.28338256009089796
15,69.0321331779377,52.96266412448095,14.43092012577505,5.3127044453286985,1.2362459721782455,1.248898322792191
16,71.01482540357948,57.46084429162748,21.237935967540054,5.3127044453286985,3.6772807588843484,1.248898322792191
17,72.68004399141137,61.42576530305469,21.237935967540054,5.3127044453286985,3.6772807588843484,1.248898322792191
18,74.1707567097049,64.86421798948864,29.660658185738363,11.091788993236165,3.6772807588843484,1.248898322792191
19,75.67641243309096,67.52965159266726,29.660658185738363,11.091788993236165,3.6772807588843484,1.248898322792191
20,77.0460701547844,69.65443005868903,37.56146876867856,11.091788993236165,7.56975551382479,3.7838473898899543
21,78.32065829830724,71.64914347020863,37.56146876867856,18.67386184970638,7.56975551382479,3.7838473898899543
22,79.32291462307037,73.32732918614076,45.50969200706357,18.67386184970638,7.56975551382479,3.7838473898899543
23,80.09365785916027,74.72840814229714,45.50969200706357,18.67386184970638,7.56975551382479,3.7838473898899543
24,80.96511153751061,76.05846083931098,52.81421238210744,27.63482590054402,14.713871923569338,3.7838473898899543
25,81.31757183229362,77.19509228383608,52.81421238210744,27.63482590054402,14.713871923569338,9.80542386451667
26,82.04182446503185,78.20765210479668,59.21202521428756,27.63482590054402,14.713871923569338,9.80542386451667
27,82.70402884744719,79.18429871460056,59.21202521428756,37.385273027781665,14.713871923569338,9.80542386451667
28,83.28807101809927,80.10748704979824,64.59971121179386,37.385273027781665,23.69693149680468,9.80542386451667
29,83.94070918637667,80.85908539797904,64.59971121179386,37.385273027781665,23.69693149680468,9.80542386451667
30,84.42543959838967,81.54378838669574,69.20409417332927,46.28165211418933,23.69693149680468,16.77489163009971
31,84.82486972989965,82.20752407940147,69.20409417332927,46.28165211418933,23.69693149680468,16.77489163009971
32,85.22757449200145,82.92662581928504,73.03244939607417,46.28165211418933,33.540493706750006,16.77489163009971
33,85.6429828635379,83.5213273089253,73.03244939607417,54.259507766712986,33.540493706750006,16.77489163009971
34,85.9864789630945,83.9620676059003,76.08463633655293,54.259507766712986,33.540493706750006,16.77489163009971
35,86.31480626980681,84.54045775899915,76.08463633655293,54.259507766712986,33.540493706750006,26.218106701285652
36,86.6028496081135,85.00251425135366,78.68175885308499,61.104365156647745,43.13261437138239,26.218106701285652
37,86.84790366243219,85.44427577318483,78.68175885308499,61.104365156647745,43.13261437138239,26.218106701285652
38,87.06903929862439,85.80542677612117,80.85210697302887,61.104365156647745,43.13261437138239,26.218106701285652
39,87.24409979219854,86.26169539594264,80.85210697302887,67.03177885006363,43.13261437138239,26.218106701285652
40,87.40916083033326,86.67161632945158,82.59351318166745,67.03177885006363,52.25571981748936,36.45849492630353
41,87.62007837838492,86.95455408861663,82.59351318166745,67.03177885006363,52.25571981748936,36.45849492630353
42,87.85463522853541,87.37681014749796,84.01007567923499,72.19207079213403,52.25571981748936,36.45849492630353
43,87.98895206639867,87.61135219433407,84.01007567923499,72.19207079213403,52.25571981748936,36.45849492630353
44,88.13423009060914,87.93712190529538,85.24462752042197,72.19207079213403,59.78768828381704,36.45849492630353
45,88.3405214178706,88.32404365664874,85.24462752042197,76.34707618009043,59.78768828381704,46.109887195600784
46,88.43617480639345,88.58427295877415,86.27530643287237,76.34707618009043,59.78768828381704,46.109887195600784
47,88.55585241792673,88.87934075848914,86.27530643287237,76.34707618009043,59.78768828381704,46.109887195600784
48,88.69478727222244,89.13927614793157,87.16475483007925,79.71708334908654,66.30781140355614,46.109887195600784
49,88.78997089661819,89.28343528089229,87.16475483007925,79.71708334908654,66.30781140355614,46.109887195600784
50,88.86895425074216,89.57044645840217,87.99610960606468,79.71708334908654,66.30781140355614,54.78061830777432
51,88.8730587057897,89.83605500642396,87.99610960606468,82.474825835583,66.30781140355614,54.78061830777432
52,88.99698757258624,90.10439259216757,88.73356167861859,82.474825835583,71.70744248275892,54.78061830777432
53,88.99342166167915,90.3372804330055,88.73356167861859,82.474825835583,71.70744248275892,54.78061830777432
54,89.08325850453267,90.54952411548324,89.35806815941186,84.74292150330436,71.70744248275892,54.78061830777432
55,89.1478532728137,90.72011050169802,89.35806815941186,84.74292150330436,71.70744248275892,62.40224605993261
56,89.19879985230524,91.0346645374455,89.98804822469945,84.74292150330436,76.3686138011208,62.40224605993261
57,89.26295028800175,91.23984749957965,89.98804822469945,86.55950954910412,76.3686138011208,62.40224605993261
58,89.33872612613393,91.40979420052817,90.6401157766202,86.55950954910412,76.3686138011208,62.40224605993261
59,89.3563313813108,91.72509338443164,90.6401157766202,86.55950954910412,76.3686138011208,62.40224605993261
60,89.44009012559272,91.85120758649136,91.1671045779754,88.02528827475265,80.16292840827055,68.94775928883836
61,89.45226470186222,92.07677316310502,91.1671045779754,88.02528827475265,80.16292840827055,68.94775928883836
62,89.43273213811246,92.2743839247014,91.62021017127448,88.02528827475265,80.16292840827055,68.94775928883836
63,89.44270413928265,92.40715264600233,91.62021017127448,89.20388506141859,80.16292840827055,68.94775928883836
64,89.50970101950153,92.60137537104433,92.11529701537268,89.20388506141859,83.39102303849434,68.94775928883836
65,89.53585918142389,92.77677955894096,92.11529701537268,89.20388506141859,83.39102303849434,74.26767929930668
66,89.5671903148178,92.98590828528785,92.61174855082436,90.18060086838466,83.39102303849434,74.26767929930668
67,89.69228651584775,93.08340662413443,92.61174855082436,90.18060086838466,83.39102303849434,74.26767929930668
68,89.72497625004942,93.23426568953707,93.0054819898695,90.18060086838466,85.96310302997232,74.26767929930668
69,89.72845822775713,93.33735884779298,93.0054819898695,91.00883895508062,85.96310302997232,74.26767929930668
70,89.74815883114978,93.4768481135874,93.38517120939544,91.00883895508062,85.96310302997232,78.72915101577269
71,89.80278927480236,93.62063363319704,93.38517120939544,91.00883895508062,85.96310302997232,78.72915101577269
72,89.77440930641693,93.74953246429266,93.73357294810084,91.78664955058554,87.98898403252228,78.72915101577269
73,89.8546858296644,93.79164397792948,93.73357294810084,91.78664955058554,87.98898403252228,78.72915101577269
74,89.87851115408263,93.91674577288242,94.05459409939667,91.78664955058554,87.98898403252228,78.72915101577269
75,89.86380123313137,93.96947629896249,94.05459409939667,92.47271421156687,87.98898403252228,82.4821034760864
76,89.87875888207702,94.01427940884582,94.35958754772318,92.47271421156687,89.62795839306426,82.4821034760864
77,89.8739933755582,94.08702428495926,94.35958754772318,92.47271421156687,89.62795839306426,82.4821034760864
78,89.91033033781272,94.16171178252871,94.62728300023936,93.10084055904703,89.62795839306426,82.4821034760864
79,89.98533059347652,94.26185231017332,94.62728300023936,93.10084055904703,89.62795839306426,82.4821034760864
80,89.98565929726983,94.3198354254789,94.8832377006125,93.10084055904703,90.95479442362891,85.58906816932442
81,90.01134836257057,94.36590091289452,94.8832377006125,93.68310125770132,90.95479442362891,85.58906816932442
82,90.00938271143148,94.45609282223104,95.13574010754469,93.68310125770132,90.95479442362891,85.58906816932442
83,89.97685074146136,94.51360412003328,95.13574010754469,93.68310125770132,90.95479442362891,85.58906816932442
84,89.9810165309482,94.60711324102662,95.3464728224234,94.19499458641855,92.0700784717018,85.58906816932442
85,90.03696614290925,94.66762615882296,95.3464728224234,94.19499458641855,92.0700784717018,88.02436604131854
86,90.0134391981539,94.7373263244742,95.55979863368378,94.19499458641855,92.0700784717018,88.02436604131854
87,89.96640605646662,94.80472438196853,95.55979863368378,94.66541662527816,92.0700784717018,88.02436604131854
88,89.9932755415255,94.84447594524052,95.78878601648805,94.66541662527816,92.99401780363564,88.02436604131854
89,90.00193842548173,94.89133727742602,95.78878601648805,94.66541662527816,92.99401780363564,88.02436604131854
90,90.0516257243688,94.93088401577796,95.95184385039073,95.13846519064309,92.99401780363564,89.95362868057703
91,90.02758352997559,94.97446758640417,95.95184385039073,95.13846519064309,92.99401780363564,89.95362868057703
92,90.01559594796191,95.02611059290055,96.15767383253342,95.13846519064309,93.75651373181242,89.95362868057703
93,90.01251569489268,95.0511121385953,96.15767383253342,95.53583570785736,93.75651373181242,89.95362868057703
94,90.06467030128718,95.09268428821528,96.34369071001107,95.53583570785736,93.75651373181242,89.95362868057703
95,90.07372383891709,95.1191316943523,96.34369071001107,95.53583570785736,93.75651373181242,91.51141436247279
96,90.0669649183008,95.14489161281433,96.49183488194137,95.93337939703488,94.40570762782234,91.51141436247279
97,90.11806814949853,95.18556185184991,96.49183488194137,95.93337939703488,94.40570762782234,91.51141436247279
98,90.1415865700158,95.217781405134,96.67157154683653,95.93337939703488,94.40570762782234,91.51141436247279
99,90.09147405130834,95.24731622152349,96.67157154683653,96.30118623708853,94.40570762782234,91.51141436247279
100,90.10012038817672,95.26693169251834,96.84528551481635,96.30118623708853,95.01355044609146,92.70412900263196
101,90.03252211851209,95.32714307200116,96.84528551481635,96.30118623708853,95.01355044609146,92.70412900263196
102,90.0818304527591,95.37023400268583,96.96568706523536,96.6175649274919,95.01355044609146,92.70412900263196
103,90.14445297030824,95.39037353586413,96.96568706523536,96.6175649274919,95.01355044609146,92.70412900263196
104,90.19278370075985,95.40944783077408,97.07251208515089,96.6175649274919,95.59478586252747,92.70412900263196
105,90.14528989894606,95.44243673397209,97.07251208515089,96.93654416975372,95.59478586252747,93.66043951183983
106,90.16686020212681,95.47630362507319,97.18529930532796,96.93654416975372,95.59478586252747,93.66043951183983
107,90.16074743971595,95.49605706114069,97.18529930532796,96.93654416975372,95.59478586252747,93.66043951183983
108,90.20513545325471,95.5322603011887,97.3334965579023,97.17162271222286,96.09187801628208,93.66043951183983
109,90.21839841541784,95.53408300201964,97.3334965579023,97.17162271222286,96.09187801628208,93.66043951183983
110,90.2207219086655,95.57363803457925,97.46562922462553,97.17162271222286,96.09187801628208,94.4898477705762
111,90.16906799724796,95.56490605808956,97.46562922462553,97.44198481636715,96.09187801628208,94.4898477705762
112,90.13123667049128,95.58447212492447,97.60698354495074,97.44198481636715,96.5697680041926,94.4898477705762
113,90.14354484996491,95.607251023376,97.60698354495074,97.44198481636715,96.5697680041926,94.4898477705762
114,90.13568672555454,95.61677998990044,97.70501254577216,97.70096419645209,96.5697680041926,94.4898477705762
115,90.12908549317328,95.64289883864737,97.70501254577216,97.70096419645209,96.5697680041926,95.20123646900072
116,90.14557550365798,95.66624596772135,97.80956801666467,97.70096419645209,96.9617963953719,95.20123646900072
117,90.16304845851735,95.68597552784175,97.80956801666467,97.8955939217233,96.9617963953719,95.20123646900072
118,90.19851283308043,95.67767154601546,97.90572762870592,97.8955939217233,96.9617963953719,95.20123646900072
119,90.20091788126666,95.68809641952703,97.90572762870592,97.8955939217233,96.9617963953719,95.20123646900072
120,90.18632576812713,95.71360031318827,97.97226788370948,98.0975263560851,97.3789488807784,95.83259127626698
121,90.1892085126757,95.69962935047938,97.97226788370948,98.0975263560851,97.3789488807784,95.83259127626698
122,90.15359502840043,95.72742445951793,98.05377678198639,98.0975263560851,97.3789488807784,95.83259127626698
123,90.16967466180998,95.7413471902621,98.05377678198639,98.30941411946866,97.3789488807784,95.83259127626698
124,90.15994732523824,95.7975269605928,98.08008921774143,98.30941411946866,97.73946101224651,95.83259127626698
125,90.22850878048443,95.82117549587383,98.08008921774143,98.30941411946866,97.73946101224651,96.46165415747842
126,90.27357293732561,95.82304257790949,98.14995001480092,98.49434999603633,97.73946101224651,96.46165415747842
127,90.26172887395388,95.79865637719887,98.14995001480092,98.49434999603633,97.73946101224651,96.46165415747842
128,90.2884279485676,95.83479352016738,98.2448402532989,98.49434999603633,98.07892236986073,96.46165415747842
129,90.3000739273623,95.83413964703047,98.2448402532989,98.64705040383608,98.07892236986073,96.46165415747842
130,90.23042826724691,95.83448908942778,98.32952310350936,98.64705040383608,98.07892236986073,97.00393024378654
131,90.27249032783406,95.85485011864809,98.32952310350936,98.64705040383608,98.07892236986073,97.00393024378654
132,90.26646863079223,95.86954262683771,98.40705494505217,98.79532785511691,98.37093304526873,97.00393024378654
133,90.25072399427846,95.87542950071632,98.40705494505217,98.79532785511691,98.37093304526873,97.00393024378654
134,90.26226531094484,95.90926738496351,98.50859493628651,98.79532785511691,98.37093304526873,97.00393024378654
135,90.27576424255378,95.92996664304302,98.50859493628651,98.96382062627208,98.37093304526873,97.49194097166178
136,90.29457722362686,95.91656847050146,98.56610176366031,98.96382062627208,98.64577297933464,97.49194097166178
137,90.3690587615609,95.9459967324991,98.56610176366031,98.96382062627208,98.64577297933464,97.49194097166178
138,90.33470004849963,95.94296243819004,98.65546285703405,99.13241480362736,98.64577297933464,97.49194097166178
139,90.34259588215679,95.9947394232709,98.65546285703405,99.13241480362736,98.64577297933464,97.49194097166178
140,90.30027862886024,96.0234395815141,98.72877516532654,99.13241480362736,98.91156723708674,97.92395846847285
141,90.27383683002269,96.01967796582342,98.72877516532654,99.27612446612858,98.91156723708674,97.92395846847285
142,90.31174606063519,96.04118693160429,98.80804049066207,99.27612446612858,98.91156723708674,97.92395846847285
143,90.31125461230386,96.02840124415037,98.80804049066207,99.27612446612858,98.91156723708674,97.92395846847285
144,90.30144744820458,96.05037627995732,98.84053541709682,99.41205929467111,99.16222778739665,97.92395846847285
145,90.33114434655504,96.04999785568243,98.84053541709682,99.41205929467111,99.16222778739665,98.3238268218644
146,90.29745687608289,96.0505478796599,98.8921978901583,99.41205929467111,99.16222778739665,98.3238268218644
147,90.32063264537167,96.0890906029001,98.8921978901583,99.50905465803366,99.16222778739665,98.3238268218644
148,90.2845425977814,96.08863545325049,98.94313601320563,99.50905465803366,99.40524353113759,98.3238268218644
149,90.29981315163676,96.03999511758008,98.94313601320563,99.50905465803366,99.40524353113759,98.3238268218644
150,90.31758188252614,96.06186222567783,98.98296052876859,99.62481073004932,99.40524353113759,98.6749027717981
151,90.32878764113033,96.04839695279996,98.98296052876859,99.62481073004932,99.40524353113759,98.6749027717981
152,90.29349895708172,96.0447329694958,99.07301266154346,99.62481073004932,99.62176019135659,98.6749027717981
153,90.29212808312003,96.05149935345709,99.07301266154346,99.75532223418294,99.62176019135659,98.6749027717981
154,90.22473944074987,96.05957737934723,99.12500146050496,99.75532223418294,99.62176019135659,98.6749027717981
155,90.24394841245795,96.0759434885224,99.12500146050496,99.75532223418294,99.62176019135659,99.02093458956666
156,90.2399827867587,96.07149830694186,99.1821590183263,99.86961618870065,99.81408224093387,99.02093458956666
157,90.19386884453202,96.07713979248413,99.1821590183263,99.86961618870065,99.81408224093387,99.02093458956666
158,90.22263160167316,96.11621066967402,99.22105120050121,99.86961618870065,99.81408224093387,99.02093458956666
159,90.26684347346841,96.12232102080306,99.22105120050121,99.97308449513147,99.81408224093387,99.02093458956666
160,90.2820689925539,96.12488852111915,99.29306801104767,99.97308449513147,100.0,99.33847266251065
161,90.30919773453287,96.11869092182589,99.29306801104767,99.97308449513147,100.0,99.33847266251065
162,90.34223652176563,96.14665789524761,99.32649096669296,100.0,100.0,99.33847266251065
163,90.29560321505883,96.1406573315861,99.32649096669296,100.0,100.0,99.33847266251065
164,90.28252855855976,96.1020000206944,99.35937059448615,100.0,100.0,99.33847266251065
165,90.25743123845577,96.13948067094653,99.35937059448615,100.0,100.0,99.63569142343208
166,90.27151975415106,96.1442297420207,99.4167092131841,100.0,100.0,99.63569142343208
167,90.27875490256206,96.1736027312557,99.4167092131841,100.0,100.0,99.63569142343208
168,90.27774501582523,96.15828956864497,99.44584791231605,100.0,100.0,99.63569142343208
169,90.31133873828209,96.13899106375325,99.44584791231605,100.0,100.0,99.63569142343208
170,90.31741906364883,96.15486037091702,99.48368956504336,100.0,100.0,99.90326592747138
171,90.2690753470966,96.15802050723217,99.48368956504336,100.0,100.0,99.90326592747138
172,90.22498552256363,96.17119187269066,99.52240402061615,100.0,100.0,99.90326592747138
173,90.2582543201064,96.19259779059527,99.52240402061615,100.0,100.0,99.90326592747138
174,90.21935113707836,96.19564245894698,99.54444716734676,100.0,100.0,99.90326592747138
175,90.19428913289644,96.16765696337349,99.54444716734676,100.0,100.0,100.0
176,90.23276238249373,96.15733555807168,99.58328514965837,100.0,100.0,100.0
177,90.24537760767029,96.13953722071562,99.58328514965837,100.0,100.0,100.0
178,90.27706853884641,96.14677587722123,99.62443868711647,100.0,100.0,100.0
179,90.2115603599291,96.17401463960495,99.62443868711647,100.0,100.0,100.0
180,90.22883034901044,96.1641275725008,99.66961345977414,100.0,100.0,100.0
181,90.22635068062537,96.1754466051321,99.66961345977414,100.0,100.0,100.0
182,90.24398282635336,96.1818219912755,99.66364667704143,100.0,100.0,100.0
183,90.29973344835925,96.19444580406892,99.66364667704143,100.0,100.0,100.0
184,90.2682009304854,96.18742879980134,99.71630127085231,100.0,100.0,100.0
185,90.23066243001608,96.18807978890949,99.71630127085231,100.0,100.0,100.0
186,90.24976896626374,96.19559136459013,99.72599470508898,100.0,100.0,100.0
187,90.23566063822484,96.17179389243731,99.72599470508898,100.0,100.0,100.0
188,90.23956229273473,96.17310548195613,99.74669872742042,100.0,100.0,100.0
189,90.21886297206224,96.17490206719286,99.74669872742042,100.0,100.0,100.0
190,90.25480359980054,96.207843093256,99.78084255025871,100.0,100.0,100.0
191,90.2245831149295,96.21204769531451,99.78084255025871,100.0,100.0,100.0
192,90.21454340795758,96.20832265707553,99.84749808130124,100.0,100.0,100.0
193,90.26931725626036,96.20632352679509,99.84749808130124,100.0,100.0,100.0
194,90.2493213114094,96.19819532291164,99.89996378010053,100.0,100.0,100.0
195,90.24001138843998,96.19073969627652,99.89996378010053,100.0,100.0,100.0
196,90.20359060004698,96.19938142778426,99.93576183752661,100.0,100.0,100.0
197,90.2518236340947,96.19429237397273,99.93576183752661,100.0,100.0,100.0
198,90.27709605006862,96.16379273116114,99.98585794274499,100.0,100.0,100.0
199,90.22806368536459,96.18135558613183,99.98585794274499,100.0,100.0,100.0
200,90.21253886248823,96.18593498089052,100.0,100.0,100.0,100.0
201,90.151566134818,96.20819476067491,100.0,100.0,100.0,100.0
202,90.19237302387688,96.22237393258548,100.0,100.0,100.0,100.0
203,90.24371883338212,96.22436356212599,100.0,100.0,100.0,100.0
204,90.25615896605763,96.24390493596566,100.0,100.0,100.0,100.0
205,90.26914833031461,96.20705077466367,100.0,100.0,100.0,100.0
206,90.24902156087443,96.21388976767406,100.0,100.0,100.0,100.0
207,90.20090484026083,96.20717127761799,100.0,100.0,100.0,100.0
208,90.1591926438232,96.23870202862877,100.0,100.0,100.0,100.0
209,90.11622859890622,96.2463272002065,100.0,100.0,100.0,100.0
210,90.14245482345936,96.25195931032577,100.0,100.0,100.0,100.0
211,90.15741197409355,96.2476086903452,100.0,100.0,100.0,100.0
212,90.14571246702995,96.24394768089171,100.0,100.0,100.0,100.0
213,90.15795351377079,96.22543044967851,100.0,100.0,100.0,100.0
214,90.1778406208181,96.21772620780094,100.0,100.0,100.0,100.0
215,90.13743975626798,96.24009056524723,100.0,100.0,100.0,100.0
216,90.17387162838733,96.24222443709391,100.0,100.0,100.0,100.0
217,90.21973715402503,96.26366070853102,100.0,100.0,100.0,100.0
218,90.22600210414554,96.27356332437313,100.0,100.0,100.0,100.0
219,90.23681323771862,96.2580818196865,100.0,100.0,100.0,100.0
220,90.1628741477629,96.27680427541654,100.0,100.0,100.0,100.0
221,90.19398702569083,96.29232310926048,100.0,100.0,100.0,100.0
222,90.14660877967641,96.28297472760379,100.0,100.0,100.0,100.0
223,90.14803052975998,96.28466866164847,100.0,100.0,100.0,100.0
224,90.1769234956295,96.29542295025277,100.0,100.0,100.0,100.0
225,90.15952660067283,96.30028615220036,100.0,100.0,100.0,100.0
226,90.21869764264044,96.29543224398843,100.0,100.0,100.0,100.0
227,90.23125716002222,96.30418923299783,100.0,100.0,100.0,100.0
228,90.23274044140278,96.29046502239257,100.0,100.0,100.0,100.0
229,90.23975198958483,96.24913461887913,100.0,100.0,100.0,100.0
230,90.2566325972362,96.26293566284656,100.0,100.0,100.0,100.0
231,90.20457277115658,96.26598582331506,100.0,100.0,100.0,100.0
232,90.14821520774102,96.25937441057998,100.0,100.0,100.0,100.0
233,90.12659975874685,96.26741461102284,100.0,100.0,100.0,100.0
234,90.17678672649656,96.256402948013,100.0,100.0,100.0,100.0
235,90.17562343473888,96.27964215521756,100.0,100.0,100.0,100.0
236,90.16538570551107,96.25969632709518,100.0,100.0,100.0,100.0
237,90.25333332135898,96.28915460976324,100.0,100.0,100.0,100.0
238,90.25575196605983,96.29265443703927,100.0,100.0,100.0,100.0
239,90.2474268891562,96.29084232420493,100.0,100.0,100.0,100.0
240,90.23522021431769,96.29524189122179,100.0,100.0,100.0,100.0
241,90.21767221971251,96.292743155814,100.0,100.0,100.0,100.0
242,90.25698546998743,96.29022882812704,100.0,100.0,100.0,100.0
243,90.22865268128855,96.28371506162122,100.0,100.0,100.0,100.0
244,90.25251519600374,96.30115605309119,100.0,100.0,100.0,100.0
245,90.24389105427271,96.26195270134986,100.0,100.0,100.0,100.0
246,90.20787298558284,96.2517842414365,100.0,100.0,100.0,100.0
247,90.28900196628877,96.25225098894201,100.0,100.0,100.0,100.0
248,90.25764639473161,96.2490476415649,100.0,100.0,100.0,100.0
249,90.26984306697744,96.26822220995447,100.0,100.0,100.0,100.0
250,90.23659222258053,96.27218840973387,100.0,100.0,100.0,100.0
251,90.1959902149953,96.2810574150622,100.0,100.0,100.0,100.0
252,90.19406492778886,96.29111000746141,100.0,100.0,100.0,100.0
253,90.25377394896766,96.32385251298884,100.0,100.0,100.0,100.0
254,90.23722793761202,96.29072706526534,100.0,100.0,100.0,100.0
255,90.24010384398541,96.25435387931049,100.0,100.0,100.0,100.0
256,90.21444834321566,96.28040310098375,100.0,100.0,100.0,100.0
257,90.21426810400098,96.26522497692373,100.0,100.0,100.0,100.0
258,90.1966786560833,96.27536654607684,100.0,100.0,100.0,100.0
259,90.1881714834458,96.2809440965945,100.0,100.0,100.0,100.0
260,90.19866790412686,96.26969115644364,100.0,100.0,100.0,100.0
261,90.20254097927935,96.2455782807756,100.0,100.0,100.0,100.0
262,90.21591970376953,96.27904776540743,100.0,100.0,100.0,100.0
263,90.21826990116145,96.27163274348193,100.0,100.0,100.0,100.0
264,90.21675894242654,96.26009331426458,100.0,100.0,100.0,100.0
265,90.26137466297817,96.27455370555575,100.0,100.0,100.0,100.0
266,90.22153038109481,96.27712209512801,100.0,100.0,100.0,100.0
267,90.24705560244138,96.31008971904807,100.0,100.0,100.0,100.0
268,90.2187669939272,96.28588618722138,100.0,100.0,100.0,100.0
269,90.19427566865419,96.26751931818868,100.0,100.0,100.0,100.0
270,90.25260852433506,96.28370589983591,100.0,100.0,100.0,100.0
271,90.23374721841658,96.26912436078075,100.0,100.0,100.0,100.0
272,90.24898867078255,96.2826108497915,100.0,100.0,100.0,100.0
273,90.20099432866586,96.29216177993327,100.0,100.0,100.0,100.0
274,90.18806509489424,96.2944261279023,100.0,100.0,100.0,100.0
275,90.19344549120468,96.29166541327342,100.0,100.0,100.0,100.0
276,90.18380448374973,96.28744613526193,100.0,100.0,100.0,100.0
277,90.20880594695518,96.26292222027006,100.0,100.0,100.0,100.0
278,90.21726660239565,96.26030452185077,100.0,100.0,100.0,100.0
279,90.24740964400934,96.24472069986265,100.0,100.0,100.0,100.0
280,90.22854364307646,96.25013499662133,100.0,100.0,100.0,100.0
281,90.17543221664792,96.27143158674326,100.0,100.0,100.0,100.0
282,90.20815515688287,96.25723100809287,100.0,100.0,100.0,100.0
283,90.20670639709769,96.25316906827905,100.0,100.0,100.0,100.0
284,90.1926977512488,96.28772718070508,100.0,100.0,100.0,100.0
285,90.20403324114167,96.32637435264489,100.0,100.0,100.0,100.0
286,90.21296623685359,96.3153763639478,100.0,100.0,100.0,100.0
287,90.16669941934741,96.31979312743327,100.0,100.0,100.0,100.0
288,90.14779903665894,96.31813653273717,100.0,100.0,100.0,100.0
289,90.14602559701122,96.31068804288621,100.0,100.0,100.0,100.0
290,90.08502430986131,96.3093999083541,100.0,100.0,100.0,100.0
291,90.08187761159247,96.29804305191243,100.0,100.0,100.0,100.0
292,90.14761211290482,96.27273749639942,100.0,100.0,100.0,100.0
293,90.16534803399487,96.27246905665328,100.0,100.0,100.0,100.0
294,90.19546463591168,96.25983772280098,100.0,100.0,100.0,100.0
295,90.17359670689248,96.29033379431974,100.0,100.0,100.0,100.0
296,90.18376734995707,96.32322205218672,100.0,100.0,100.0,100.0
297,90.18070913115953,96.29688816792775,100.0,100.0,100.0,100.0
298,90.19258869169448,96.29026405975749,100.0,100.0,100.0,100.0
299,90.17610678925462,96.28149569659641,100.0,100.0,100.0,100.0
300,90.16895350356307,96.27464434144447,100.0,100.0,100.0,100.0
301,90.19521925785253,96.26570790216286,100.0,100.0,100.0,100.0
302,90.16456012043678,96.28314621678437,100.0,100.0,100.0,100.0
303,90.11993573865628,96.2796456782311,100.0,100.0,100.0,100.0
304,90.18738542182616,96.27795737612992,100.0,100.0,100.0,100.0
305,90.23388527469048,96.29273648965187,100.0,100.0,100.0,100.0
306,90.19923877552084,96.28103988305261,100.0,100.0,100.0,100.0
307,90.18101724928357,96.27905488653332,100.0,100.0,100.0,100.0
308,90.2102075692829,96.25140456559984,100.0,100.0,100.0,100.0
309,90.17283688749403,96.25202534290395,100.0,100.0,100.0,100.0
310,90.20473084215774,96.27814509981876,100.0,100.0,100.0,100.0
311,90.20616241849153,96.29367603580893,100.0,100.0,100.0,100.0
312,90.1562726130329,96.2820231179242,100.0,100.0,100.0,100.0
313,90.16435259152972,96.27923744826721,100.0,100.0,100.0,100.0
314,90.14221598507937,96.2894398943033,100.0,100.0,100.0,100.0
315,90.16407722591062,96.30657891963777,100.0,100.0,100.0,100.0
316,90.22670212617165,96.30988824500756,100.0,100.0,100.0,100.0
317,90.22357371807111,96.31425898113558,100.0,100.0,100.0,100.0
318,90.21565792569643,96.35724537796753,100.0,100.0,100.0,100.0
319,90.19686663489645,96.33009845781976,100.0,100.0,100.0,100.0
320,90.18004178775767,96.32995458562887,100.0,100.0,100.0,100.0
321,90.18475620725928,96.36071631902445,100.0,100.0,100.0,100.0
322,90.19104174576584,96.33065602968597,100.0,100.0,100.0,100.0
323,90.22974092577041,96.33459751714533,100.0,100.0,100.0,100.0
324,90.22498594299779,96.30651857436975,100.0,100.0,100.0,100.0
325,90.2163929624387,96.31700068896392,100.0,100.0,100.0,100.0
326,90.2058974711294,96.3092935010367,100.0,100.0,100.0,100.0
327,90.22415677418702,96.30038253725604,100.0,100.0,100.0,100.0
328,90.22299883873771,96.32267960738761,100.0,100.0,100.0,100.0
329,90.21224626792663,96.32315272314172,100.0,100.0,100.0,100.0
330,90.14927818754731,96.29911478190829,100.0,100.0,100.0,100.0
331,90.18778547413875,96.2840877731615,100.0,100.0,100.0,100.0
332,90.17530351207495,96.29479271982491,100.0,100.0,100.0,100.0
333,90.20641751336213,96.25645150862616,100.0,100.0,100.0,100.0
334,90.16857945583627,96.25091870681239,100.0,100.0,100.0,100.0
335,90.16849328786975,96.23812012407203,100.0,100.0,100.0,100.0
336,90.1368966885949,96.2862300655191,100.0,100.0,100.0,100.0
337,90.10855651590148,96.28161893969886,100.0,100.0,100.0,100.0
338,90.1247712295424,96.25565804644958,100.0,100.0,100.0,100.0
339,90.147298315666,96.29317148578345,100.0,100.0,100.0,100.0
340,90.14532259197317,96.28956960755656,100.0,100.0,100.0,100.0
341,90.08765774900226,96.33711957320175,100.0,100.0,100.0,100.0
342,90.0786790439948,96.3357614132008,100.0,100.0,100.0,100.0
343,90.0767462250893,96.34659251390265,100.0,100.0,100.0,100.0
344,90.1043537417505,96.32293566355752,100.0,100.0,100.0,100.0
345,90.07154957000304,96.31548677788302,100.0,100.0,100.0,100.0
346,90.03819832350715,96.32839689986206,100.0,100.0,100.0,100.0
347,90.00944456616668,96.33023106513951,100.0,100.0,100.0,100.0
348,90.12209846723127,96.32908519790693,100.0,100.0,100.0,100.0
349,90.16069103015357,96.31146848345387,100.0,100.0,100.0,100.0
350,90.18145767071016,96.32024956671569,100.0,100.0,100.0,100.0
351,90.13433557565244,96.32466936260515,100.0,100.0,100.0,100.0
352,90.11846694030501,96.33376535900526,100.0,100.0,100.0,100.0
353,90.1388303094319,96.32315079722707,100.0,100.0,100.0,100.0
354,90.11740139034859,96.3068996485309,100.0,100.0,100.0,100.0
355,90.09969572106772,96.2905340568072,100.0,100.0,100.0,100.0
356,90.08903113320889,96.29046027450212,100.0,100.0,100.0,100.0
357,90.08388691975053,96.27072543890843,100.0,100.0,100.0,100.0
358,90.12465568675906,96.29130881507008,100.0,100.0,100.0,100.0
359,90.18259419094221,96.27606003708718,100.0,100.0,100.0,100.0
360,90.15736940700059,96.2669825532974,100.0,100.0,100.0,100.0
361,90.11193365737485,96.28816845809213,100.0,100.0,100.0,100.0
362,90.08798638724465,96.29177811594641,100.0,100.0,100.0,100.0
363,90.10788379258786,96.31330857663882,100.0,100.0,100.0,100.0
364,90.07649629943245,96.31037409970011,100.0,100.0,100.0,100.0
365,90.14768035527787,96.305281554182,100.0,100.0,100.0,100.0
366,90.0954265545048,96.28862445370204,100.0,100.0,100.0,100.0
367,90.11362704630443,96.27978798688527,100.0,100.0,100.0,100.0
368,90.10049205435504,96.28351424623051,100.0,100.0,100.0,100.0
369,90.07067528970377,96.29958247409886,100.0,100.0,100.0,100.0
370,90.08914665582604,96.29986090705195,100.0,100.0,100.0,100.0
371,90.03645521813941,96.29875927103744,100.0,100.0,100.0,100.0
372,90.084739404119,96.30502136291034,100.0,100.0,100.0,100.0
373,90.11630654699921,96.32102259913607,100.0,100.0,100.0,100.0
374,90.11143546359945,96.29354660156726,100.0,100.0,100.0,100.0
375,90.17056924360406,96.30592533955168,100.0,100.0,100.0,100.0
376,90.18594416023551,96.31548699243966,100.0,100.0,100.0,100.0
377,90.13934284236578,96.32504738667014,100.0,100.0,100.0,100.0
378,90.10029013791078,96.31932759937946,100.0,100.0,100.0,100.0
379,90.09783901005702,96.37458892341334,100.0,100.0,100.0,100.0
380,90.14330020292455,96.37051024403884,100.0,100.0,100.0,100.0
381,90.12453989280789,96.34975324049965,100.0,100.0,100.0,100.0
382,90.13282216242166,96.33471319226817,100.0,100.0,100.0,100.0
383,90.1134863825735,96.31034933479857,100.0,100.0,100.0,100.0
384,90.15083240164653,96.29863073888905,100.0,100.0,100.0,100.0
385,90.15865429023019,96.27829231597646,100.0,100.0,100.0,100.0
386,90.1026803738429,96.27603903393658,100.0,100.0,100.0,100.0
387,90.13063682230396,96.28375459964745,100.0,100.0,100.0,100.0
388,90.15888354663493,96.29232365395008,100.0,100.0,100.0,100.0
389,90.16918157489633,96.28680633554438,100.0,100.0,100.0,100.0
390,90.18423069043324,96.26663417924182,100.0,100.0,100.0,100.0
391,90.20583219880618,96.24865079420204,100.0,100.0,100.0,100.0
392,90.1954273461822,96.27243359008845,100.0,100.0,100.0,100.0
393,90.23984418018968,96.27105227250605,100.0,100.0,100.0,100.0
394,90.19216142224272,96.30170396225324,100.0,100.0,100.0,100.0
395,90.20651682723195,96.31459114421435,100.0,100.0,100.0,100.0
396,90.19646117131215,96.31144774273129,100.0,100.0,100.0,100.0
397,90.16066790266227,96.27923943436659,100.0,100.0,100.0,100.0
398,90.1525441507875,96.25358241726516,100.0,100.0,100.0,100.0
399,90.17439497671485,96.27503481490307,100.0,100.0,100.0,100.0
400,90.16424272575091,96.24861082611308,100.0,100.0,100.0,100.0
401,90.14106462368444,96.26222447536546,100.0,100.0,100.0,100.0
402,90.16710517112259,96.27796280144756,100.0,100.0,100.0,100.0
403,90.15343457821221,96.28317488494349,100.0,100.0,100.0,100.0
404,90.06980996098693,96.2811160599736,100.0,100.0,100.0,100.0
405,90.1071091405061,96.27423135617215,100.0,100.0,100.0,100.0
406,90.1370561235931,96.26904450117307,100.0,100.0,100.0,100.0
407,90.15530829308959,96.3011919032059,100.0,100.0,100.0,100.0
408,90.08785693179931,96.27204572182518,100.0,100.0,100.0,100.0
409,90.03807580897924,96.28233970331362,100.0,100.0,100.0,100.0
410,90.05570215295761,96.27568060590785,100.0,100.0,100.0,100.0
411,90.02358181918837,96.27582231812067,100.0,100.0,100.0,100.0
412,90.02237990927051,96.29106334486517,100.0,100.0,100.0,100.0
413,90.07015671040006,96.29499050953474,100.0,100.0,100.0,100.0
414,90.026010303989,96.3205177982344,100.0,100.0,100.0,100.0
415,90.08232861206046,96.3331155583876,100.0,100.0,100.0,100.0
416,90.05998000100807,96.3332237511686,100.0,100.0,100.0,100.0
417,90.09100736742984,96.29850962930693,100.0,100.0,100.0,100.0
418,90.09226852318318,96.30353148705805,100.0,100.0,100.0,100.0
419,90.08915093179499,96.3186342847105,100.0,100.0,100.0,100.0
420,90.05895334542068,96.32022831828243,100.0,100.0,100.0,100.0
421,90.08389450278688,96.28018881438172,100.0,100.0,100.0,100.0
422,90.06293888814456,96.24314564908636,100.0,100.0,100.0,100.0
423,90.01526550442478,96.27978530592597,100.0,100.0,100.0,100.0
424,89.99616798390525,96.31181600400448,100.0,100.0,100.0,100.0
425,89.99849412237302,96.27866878581382,100.0,100.0,100.0,100.0
426,90.02260944944784,96.2902187445874,100.0,100.0,100.0,100.0
427,90.04720599715515,96.30695654123141,100.0,100.0,100.0,100.0
428,90.06627497237913,96.30208977204187,100.0,100.0,100.0,100.0
429,90.0845435000489,96.26419086948516,100.0,100.0,100.0,100.0
430,90.05782297204826,96.29109622720516,100.0,100.0,100.0,100.0
431,90.04589548003878,96.30447217324677,100.0,100.0,100.0,100.0
432,90.06677516581088,96.28543571911653,100.0,100.0,100.0,100.0
433,90.0697710512229,96.27267776145706,100.0,100.0,100.0,100.0
434,90.0631679952997,96.29635053755926,100.0,100.0,100.0,100.0
435,90.10428467111531,96.2808315040493,100.0,100.0,100.0,100.0
436,90.11662368868441,96.2727944112373,100.0,100.0,100.0,100.0
437,90.10834725441715,96.27312453487778,100.0,100.0,100.0,100.0
438,90.03758233511975,96.30185424730388,100.0,100.0,100.0,100.0
439,90.0312140281174,96.30906990896246,100.0,100.0,100.0,100.0
440,90.01912339827086,96.2945156713817,100.0,100.0,100.0,100.0
441,90.02078345985743,96.26372836761381,100.0,100.0,100.0,100.0
442,90.03122976492114,96.27987403615971,100.0,100.0,100.0,100.0
443,90.0685119910215,96.26480118606699,100.0,100.0,100.0,100.0
444,90.08295409205923,96.27611989405804,100.0,100.0,100.0,100.0
445,90.03292920785944,96.2579821594184,100.0,100.0,100.0,100.0
446,90.07130052912129,96.27344418817437,100.0,100.0,100.0,100.0
447,90.07457829491327,96.25889116560029,100.0,100.0,100.0,100.0
448,90.11956363110058,96.27570361394,100.0,100.0,100.0,100.0
449,90.14104589451314,96.25797081564752,100.0,100.0,100.0,100.0
450,90.09047158834768,96.25819530498845,100.0,100.0,100.0,100.0
451,90.0093183349868,96.2492547545487,100.0,100.0,100.0,100.0
452,90.0385523928792,96.24882226462972,100.0,100.0,100.0,100.0
453,89.97868073743295,96.24287242727937,100.0,100.0,100.0,100.0
454,90.06595979371585,96.25521085352048,100.0,100.0,100.0,100.0
455,90.02222496724868,96.29350222317686,100.0,100.0,100.0,100.0
456,90.06422306018017,96.29272398413397,100.0,100.0,100.0,100.0
457,90.06466324672994,96.28788989104609,100.0,100.0,100.0,100.0
458,90.06216733680904,96.30830974968535,100.0,100.0,100.0,100.0
459,90.07273861615555,96.32850332381946,100.0,100.0,100.0,100.0
460,90.0877906813773,96.31903115490016,100.0,100.0,100.0,100.0
461,90.04045466049735,96.31711341876765,100.0,100.0,100.0,100.0
462,90.0364287518456,96.30292389427106,100.0,100.0,100.0,100.0
463,90.02705714832966,96.28804096666293,100.0,100.0,100.0,100.0
464,90.058173054503,96.29321183593905,100.0,100.0,100.0,100.0
465,90.01236325155479,96.26378590236929,100.0,100.0,100.0,100.0
466,90.04935384447636,96.2568334746167,100.0,100.0,100.0,100.0
467,90.05977283680797,96.22446410809728,100.0,100.0,100.0,100.0
468,90.10724960745833,96.24477076232583,100.0,100.0,100.0,100.0
469,90.07847801285155,96.23072247339407,100.0,100.0,100.0,100.0
470,90.09224526251339,96.24952319452767,100.0,100.0,100.0,100.0
471,90.11221886186084,96.25100047685021,100.0,100.0,100.0,100.0
472,90.08159664302995,96.24862303155058,100.0,100.0,100.0,100.0
473,90.09180053684659,96.27208184964279,100.0,100.0,100.0,100.0
474,90.1192720131439,96.2912693598908,100.0,100.0,100.0,100.0
475,90.08861372107677,96.29845554881744,100.0,100.0,100.0,100.0
476,90.08446886016017,96.30739801901234,100.0,100.0,100.0,100.0
477,90.07194695992132,96.33001084274359,100.0,100.0,100.0,100.0
478,90.01339462740245,96.33720427189002,100.0,100.0,100.0,100.0
479,90.02967913899809,96.31711288378425,100.0,100.0,100.0,100.0
480,89.9890332657201,96.32153492942106,100.0,100.0,100.0,100.0
481,90.001348890397,96.30557091618198,100.0,100.0,100.0,100.0
482,90.10017117234098,96.2662997196754,100.0,100.0,100.0,100.0
483,90.10432249990022,96.27408465317664,100.0,100.0,100.0,100.0
484,90.096208233189,96.27447521191993,100.0,100.0,100.0,100.0
485,90.08361176728701,96.28722497515767,100.0,100.0,100.0,100.0
486,90.06826837025058,96.30286518901687,100.0,100.0,100.0,100.0
487,90.04163531354897,96.27760367278884,100.0,100.0,100.0,100.0
488,90.03402044350663,96.31151727386627,100.0,100.0,100.0,100.0
489,90.0179920990326,96.30966124245516,100.0,100.0,100.0,100.0
490,90.0212135258533,96.30836735407682,100.0,100.0,100.0,100.0
491,90.08126437276914,96.3137722492832,100.0,100.0,100.0,100.0
492,90.05870969124602,96.31075505952235,100.0,100.0,100.0,100.0
493,90.04527804980302,96.30087919046653,100.0,100.0,100.0,100.0
494,90.07038193395236,96.28511919969152,100.0,100.0,100.0,100.0
495,90.05256832380427,96.2944960087234,100.0,100.0,100.0,100.0
496,90.06134726601715,96.33356237152809,100.0,100.0,100.0,100.0
497,89.99160052187848,96.3394257355845,100.0,100.0,100.0,100.0
498,90.02068301463804,96.30974747533904,100.0,100.0,100.0,100.0
499,90.02399812063865,96.30687057898568,100.0,100.0,100.0,100.0
