Comparison stage no.,data//output//runtimePerformance//DECMO2++//SolutionSetSize50//,data//output//runtimePerformance//DECMO2++//SolutionSetSize100//,data//output//runtimePerformance//DECMO2++//SolutionSetSize200//,data//output//runtimePerformance//DECMO2++//SolutionSetSize300//,data//output//runtimePerformance//DECMO2++//SolutionSetSize400//,data//output//runtimePerformance//DECMO2++//SolutionSetSize500//
0,28.68205783414075,29.32547337005759,34.269127869616,36.3209548124357,38.72509768073339,40.24480785564058
1,46.687901222685625,35.639469963805155,34.269127869616,36.3209548124357,38.72509768073339,40.24480785564058
2,59.23767132326048,45.960719473630796,40.562629369721634,36.3209548124357,38.72509768073339,40.24480785564058
3,67.7859026288541,55.02273550873114,40.562629369721634,42.286394656174565,38.72509768073339,40.24480785564058
4,72.37795326289789,62.168996895078685,51.73185133796762,42.286394656174565,44.71513008805716,40.24480785564058
5,75.29357245263802,67.70252533182604,51.73185133796762,42.286394656174565,44.71513008805716,46.47106491074285
6,76.96573660035575,71.94354231512153,60.97289238902511,55.23856093193346,44.71513008805716,46.47106491074285
7,78.11770436310648,74.99050175684525,60.97289238902511,55.23856093193346,44.71513008805716,46.47106491074285
8,78.90202920335622,77.28824887189876,67.77438732905048,55.23856093193346,57.504041351756676,46.47106491074285
9,79.56757883866676,78.74778855311794,67.77438732905048,64.08549780931538,57.504041351756676,46.47106491074285
10,80.07819588702984,79.69929305975154,72.6862070424063,64.08549780931538,57.504041351756676,58.86794436740422
11,80.45388664766335,80.39001793243764,72.6862070424063,64.08549780931538,57.504041351756676,58.86794436740422
12,80.7246173296857,80.88947137350935,76.29801457105751,70.53746564699694,66.35621246718509,58.86794436740422
13,80.91247279597067,81.21809323267146,76.29801457105751,70.53746564699694,66.35621246718509,58.86794436740422
14,80.99142754000705,81.50594178857894,78.83395698899716,70.53746564699694,66.35621246718509,58.86794436740422
15,81.06044523083283,81.71393413999348,78.83395698899716,74.97515618302404,66.35621246718509,67.8509799007612
16,81.10181730718433,81.87637567734107,80.55372404636917,74.97515618302404,72.53969506335888,67.8509799007612
17,81.1537997684242,82.00080523586625,80.55372404636917,74.97515618302404,72.53969506335888,67.8509799007612
18,81.17864744260015,82.12278654925538,81.70612778648974,78.12779409610768,72.53969506335888,67.8509799007612
19,81.15726015524632,82.19742900435732,81.70612778648974,78.12779409610768,72.53969506335888,67.8509799007612
20,81.18476956935653,82.32413847842706,82.40417825334424,78.12779409610768,76.79445440750735,73.74413305379998
21,81.19935426232821,82.39149382163447,82.40417825334424,80.29749052435507,76.79445440750735,73.74413305379998
22,81.20171549371177,82.48960388095418,82.83981393522556,80.29749052435507,76.79445440750735,73.74413305379998
23,81.20648681877724,82.53408603081716,82.83981393522556,80.29749052435507,76.79445440750735,73.74413305379998
24,81.20095071680433,82.62581561145309,83.11341638138465,81.74407538990026,79.5124199182843,73.74413305379998
25,81.21500429144261,82.6368523810006,83.11341638138465,81.74407538990026,79.5124199182843,77.59661898180545
26,81.18876887047058,82.69161146705686,83.30896575890065,81.74407538990026,79.5124199182843,77.59661898180545
27,81.15887897714813,82.71443887302416,83.30896575890065,82.71139140690046,79.5124199182843,77.59661898180545
28,81.1452688365355,82.80022058408977,83.45033588333231,82.71139140690046,81.29882064088672,77.59661898180545
29,81.15666818545986,82.78780970053741,83.45033588333231,82.71139140690046,81.29882064088672,77.59661898180545
30,81.15847709160327,82.86590398113627,83.53791654500611,83.31728499223895,81.29882064088672,80.14339144729593
31,81.14904260068751,82.87412926249456,83.53791654500611,83.31728499223895,81.29882064088672,80.14339144729593
32,81.12773718004998,82.94382483476133,83.63269150706871,83.31728499223895,82.50462434710509,80.14339144729593
33,81.14431995596526,82.96970282989007,83.63269150706871,83.65426259081903,82.50462434710509,80.14339144729593
34,81.12706070312969,83.03895216095592,83.68426719875085,83.65426259081903,82.50462434710509,80.14339144729593
35,81.10390722732427,83.05691146332826,83.68426719875085,83.65426259081903,82.50462434710509,81.80646018637934
36,81.06824758785626,83.12738088954342,83.75070784210764,83.86685394024492,83.3040195811498,81.80646018637934
37,81.09744000544691,83.16662807226767,83.75070784210764,83.86685394024492,83.3040195811498,81.80646018637934
38,81.08873822133711,83.22082466465652,83.79169007884825,83.86685394024492,83.3040195811498,81.80646018637934
39,81.09443659572793,83.24665337300713,83.79169007884825,84.00184139453222,83.3040195811498,81.80646018637934
40,81.08431175317111,83.28113468029902,83.82124497055479,84.00184139453222,83.81109829251365,82.8880513783028
41,81.09735134926697,83.31805189810981,83.82124497055479,84.00184139453222,83.81109829251365,82.8880513783028
42,81.07212810172952,83.34752076351946,83.85991975802295,84.09747841826959,83.81109829251365,82.8880513783028
43,81.10475575153332,83.38181613410639,83.85991975802295,84.09747841826959,83.81109829251365,82.8880513783028
44,81.1037377375991,83.4034919969899,83.87509317378004,84.09747841826959,84.08930649102972,82.8880513783028
45,81.12351818038815,83.42784532246841,83.87509317378004,84.16610791366882,84.08930649102972,83.60555183464894
46,81.08386458121369,83.44548847042212,83.89588958562997,84.16610791366882,84.08930649102972,83.60555183464894
47,81.12546904501127,83.45588267876782,83.89588958562997,84.16610791366882,84.08930649102972,83.60555183464894
48,81.10338328118934,83.46862195485252,83.9179941361594,84.21081077498215,84.2585657197661,83.60555183464894
49,81.10767484325658,83.47847639851123,83.9179941361594,84.21081077498215,84.2585657197661,83.60555183464894
50,81.08528928845918,83.48464000935319,83.92321558269222,84.21081077498215,84.2585657197661,84.06601131686325
51,81.09702142232877,83.48821272003575,83.92321558269222,84.25189428023008,84.2585657197661,84.06601131686325
52,81.0928219779694,83.49133664414636,83.93776785885713,84.25189428023008,84.36932939763417,84.06601131686325
53,81.09479205621282,83.49789711466885,83.93776785885713,84.25189428023008,84.36932939763417,84.06601131686325
54,81.12587395270376,83.50121089873757,83.95077532476311,84.28092564592315,84.36932939763417,84.06601131686325
55,81.1121339503931,83.50016286702994,83.95077532476311,84.28092564592315,84.36932939763417,84.33301429472567
56,81.12203902448135,83.50678221554854,83.9639919409172,84.28092564592315,84.44119831611098,84.33301429472567
57,81.0937633422112,83.50814031582442,83.9639919409172,84.30735827088407,84.44119831611098,84.33301429472567
58,81.09552155082913,83.50962663834696,83.98038461185976,84.30735827088407,84.44119831611098,84.33301429472567
59,81.10938805484346,83.51588023738526,83.98038461185976,84.30735827088407,84.44119831611098,84.33301429472567
60,81.10380460359093,83.5139432327713,83.98358971726223,84.33495659990545,84.49677808194984,84.47627202345699
61,81.0867442327226,83.51315094500023,83.98358971726223,84.33495659990545,84.49677808194984,84.47627202345699
62,81.10393537754328,83.50697525829064,83.99206101264663,84.33495659990545,84.49677808194984,84.47627202345699
63,81.08877088507568,83.50995982794822,83.99206101264663,84.35564207686149,84.49677808194984,84.47627202345699
64,81.10861212944674,83.50960748492629,83.99969395738661,84.35564207686149,84.5392462826984,84.47627202345699
65,81.11302182437113,83.50469885448118,83.99969395738661,84.35564207686149,84.5392462826984,84.56483516037427
66,81.10738738391068,83.50522118873322,84.00531532622392,84.37746052052809,84.5392462826984,84.56483516037427
67,81.08360111755796,83.51098048302332,84.00531532622392,84.37746052052809,84.5392462826984,84.56483516037427
68,81.08127507364435,83.50351210025408,84.01015504567631,84.37746052052809,84.57402978422931,84.56483516037427
69,81.09406510870451,83.50465986081365,84.01015504567631,84.39487066387865,84.57402978422931,84.56483516037427
70,81.10404054316687,83.50403143068169,84.00847123116299,84.39487066387865,84.57402978422931,84.6233833256379
71,81.11817724247337,83.50357367073109,84.00847123116299,84.39487066387865,84.57402978422931,84.6233833256379
72,81.12940234002993,83.49726203345156,84.01234541393657,84.41555765279391,84.60253144548298,84.6233833256379
73,81.13486370768996,83.50089896326796,84.01234541393657,84.41555765279391,84.60253144548298,84.6233833256379
74,81.13513723019636,83.4959271928696,84.02501770270528,84.41555765279391,84.60253144548298,84.6233833256379
75,81.15761523184185,83.48808630976795,84.02501770270528,84.43542239685212,84.60253144548298,84.66728265597024
76,81.15175099676028,83.48891452267198,84.04005532377113,84.43542239685212,84.62183801604274,84.66728265597024
77,81.13104475716648,83.49159996200052,84.04005532377113,84.43542239685212,84.62183801604274,84.66728265597024
78,81.12647384677342,83.48310810776525,84.0440870386545,84.44766771771893,84.62183801604274,84.66728265597024
79,81.11954514467388,83.48021573155779,84.0440870386545,84.44766771771893,84.62183801604274,84.66728265597024
80,81.10908257986752,83.4809044802579,84.0738040994411,84.44766771771893,84.64339143738027,84.69911842788805
81,81.10941448762067,83.47682072032805,84.0738040994411,84.45686929197316,84.64339143738027,84.69911842788805
82,81.12439097260933,83.47487597948383,84.07243400357966,84.45686929197316,84.64339143738027,84.69911842788805
83,81.10280924974869,83.46857654077736,84.07243400357966,84.45686929197316,84.64339143738027,84.69911842788805
84,81.10512663585018,83.46608188463742,84.09593240941702,84.46887210332568,84.65946152873572,84.69911842788805
85,81.12038311371175,83.46667936296487,84.09593240941702,84.46887210332568,84.65946152873572,84.72430778415475
86,81.11663903910204,83.46829192347077,84.10342008632753,84.46887210332568,84.65946152873572,84.72430778415475
87,81.1140295008562,83.46516901445463,84.10342008632753,84.48517669059815,84.65946152873572,84.72430778415475
88,81.1248932363732,83.46133670218099,84.11878169120509,84.48517669059815,84.67623926194244,84.72430778415475
89,81.09445666113217,83.45899165074191,84.11878169120509,84.48517669059815,84.67623926194244,84.72430778415475
90,81.10195207901229,83.45678744504038,84.11249058004782,84.49316806160552,84.67623926194244,84.74725555940124
91,81.1111176937797,83.45040749377766,84.11249058004782,84.49316806160552,84.67623926194244,84.74725555940124
92,81.13241610207136,83.44833765419017,84.12846507953154,84.49316806160552,84.69139017086088,84.74725555940124
93,81.1091009800399,83.44689810407219,84.12846507953154,84.49909707486012,84.69139017086088,84.74725555940124
94,81.1004870186078,83.4441691086003,84.12762053100988,84.49909707486012,84.69139017086088,84.74725555940124
95,81.1276077566835,83.44435397633211,84.12762053100988,84.49909707486012,84.69139017086088,84.77143012463142
96,81.10530470503869,83.44352184934905,84.15347826326787,84.5051393961035,84.7069508278217,84.77143012463142
97,81.10633703181483,83.44186795007434,84.15347826326787,84.5051393961035,84.7069508278217,84.77143012463142
98,81.11785476664481,83.44381631015308,84.1474422687606,84.5051393961035,84.7069508278217,84.77143012463142
99,81.10025119584338,83.43659780775594,84.1474422687606,84.50365994460296,84.7069508278217,84.77143012463142
100,81.1045971020749,83.4348567047503,84.17364680050999,84.50365994460296,84.7151493746422,84.78745473301157
101,81.1179464017308,83.43100642238136,84.17364680050999,84.50365994460296,84.7151493746422,84.78745473301157
102,81.11019765720751,83.43572666996167,84.15510633700265,84.51285950035007,84.7151493746422,84.78745473301157
103,81.12571825475187,83.42933763102859,84.15510633700265,84.51285950035007,84.7151493746422,84.78745473301157
104,81.10517841436825,83.42801981869093,84.17908894861533,84.51285950035007,84.72858236408415,84.78745473301157
105,81.10020220815072,83.42903818107968,84.17908894861533,84.52184761676003,84.72858236408415,84.80290221414363
106,81.09396766763305,83.42904360183994,84.1644908605474,84.52184761676003,84.72858236408415,84.80290221414363
107,81.10314198652856,83.43346947262707,84.1644908605474,84.52184761676003,84.72858236408415,84.80290221414363
108,81.10289300931144,83.4302703299502,84.18810770223432,84.52602672303446,84.73779359909106,84.80290221414363
109,81.15066554365396,83.42265223171313,84.18810770223432,84.52602672303446,84.73779359909106,84.80290221414363
110,81.14399729373953,83.42195245626333,84.17346824012799,84.52602672303446,84.73779359909106,84.81262707800977
111,81.1454190443909,83.42392916909077,84.17346824012799,84.52606172715106,84.73779359909106,84.81262707800977
112,81.1406243671296,83.42099097981695,84.1841244895157,84.52606172715106,84.7461070529917,84.81262707800977
113,81.13045070337475,83.41772637764642,84.1841244895157,84.52606172715106,84.7461070529917,84.81262707800977
114,81.10469057456898,83.41779223912852,84.18257395263463,84.53653557820526,84.7461070529917,84.81262707800977
115,81.11457513960664,83.41317109725158,84.18257395263463,84.53653557820526,84.7461070529917,84.82033972393927
116,81.09881854443938,83.41567154691458,84.1958882513245,84.53653557820526,84.75701265511675,84.82033972393927
117,81.1240308571635,83.41757823993753,84.1958882513245,84.54167009165334,84.75701265511675,84.82033972393927
118,81.1004888412636,83.42006260717562,84.20469326142437,84.54167009165334,84.75701265511675,84.82033972393927
119,81.0995168666533,83.41176747742293,84.20469326142437,84.54167009165334,84.75701265511675,84.82033972393927
120,81.10672611608871,83.4132059596775,84.21961109845628,84.54506963900609,84.76043775353774,84.82994591339256
121,81.09958035555407,83.41910752090476,84.21961109845628,84.54506963900609,84.76043775353774,84.82994591339256
122,81.08228320141242,83.41470937269675,84.217877828819,84.54506963900609,84.76043775353774,84.82994591339256
123,81.11269195306552,83.42411647186661,84.217877828819,84.54728228744234,84.76043775353774,84.82994591339256
124,81.08651320328849,83.42064576757626,84.24195563807112,84.54728228744234,84.76838923024489,84.82994591339256
125,81.10478129093674,83.42549895079476,84.24195563807112,84.54728228744234,84.76838923024489,84.83438959851237
126,81.12126512829828,83.42692553081058,84.2444140714815,84.55808236985433,84.76838923024489,84.83438959851237
127,81.09597125133158,83.42379206872344,84.2444140714815,84.55808236985433,84.76838923024489,84.83438959851237
128,81.10027492762183,83.41538493346359,84.26692021309586,84.55808236985433,84.77318589784363,84.83438959851237
129,81.10265068168775,83.41236921719327,84.26692021309586,84.56451038932624,84.77318589784363,84.83438959851237
130,81.11785237358139,83.40761633104455,84.27616908441945,84.56451038932624,84.77318589784363,84.84185404080458
131,81.11818770977919,83.4088580789836,84.27616908441945,84.56451038932624,84.77318589784363,84.84185404080458
132,81.1062484019187,83.40639478519007,84.29638320590195,84.57296724828558,84.77819222143147,84.84185404080458
133,81.08487497929887,83.4096477437491,84.29638320590195,84.57296724828558,84.77819222143147,84.84185404080458
134,81.09549111871928,83.4109752973443,84.31835401885505,84.57296724828558,84.77819222143147,84.84185404080458
135,81.08475420280499,83.40957117287658,84.31835401885505,84.57869580505036,84.77819222143147,84.84527224588662
136,81.07440946521253,83.40754630855349,84.33879956243821,84.57869580505036,84.78355306949224,84.84527224588662
137,81.08501872968162,83.40913150030654,84.33879956243821,84.57869580505036,84.78355306949224,84.84527224588662
138,81.10471589307075,83.40745005394379,84.34987059939596,84.588670056751,84.78355306949224,84.84527224588662
139,81.10248584248369,83.4124403041944,84.34987059939596,84.588670056751,84.78355306949224,84.84527224588662
140,81.08729817596273,83.41320490822163,84.36323884828295,84.588670056751,84.79080667634919,84.84796136052582
141,81.09514873402135,83.41476216091017,84.36323884828295,84.58679934206889,84.79080667634919,84.84796136052582
142,81.09939667998908,83.41480385634318,84.375174184762,84.58679934206889,84.79080667634919,84.84796136052582
143,81.08580139312957,83.41321063769851,84.375174184762,84.58679934206889,84.79080667634919,84.84796136052582
144,81.09072311994913,83.40926119387832,84.38974283424069,84.59363092830903,84.79425437475163,84.84796136052582
145,81.11466822337694,83.41447210595565,84.38974283424069,84.59363092830903,84.79425437475163,84.852630817538
146,81.12004766490797,83.41023204397284,84.39989285796601,84.59363092830903,84.79425437475163,84.852630817538
147,81.11842948900232,83.414658309407,84.39989285796601,84.60353255391391,84.79425437475163,84.852630817538
148,81.09052794657184,83.4111893690693,84.41004205775623,84.60353255391391,84.79949100443034,84.852630817538
149,81.09318838082707,83.40751807330133,84.41004205775623,84.60353255391391,84.79949100443034,84.852630817538
150,81.10278244145539,83.41321663659583,84.42484894112839,84.61010412276788,84.79949100443034,84.85618321849977
151,81.08924304409419,83.41349630854997,84.42484894112839,84.61010412276788,84.79949100443034,84.85618321849977
152,81.0851172217528,83.4131852697426,84.4377889653394,84.61010412276788,84.80473290108651,84.85618321849977
153,81.0799812986055,83.4168915710371,84.4377889653394,84.61129048960912,84.80473290108651,84.85618321849977
154,81.10352104200497,83.41836972211796,84.44671931737396,84.61129048960912,84.80473290108651,84.85618321849977
155,81.10814190617585,83.41713424992,84.44671931737396,84.61129048960912,84.80473290108651,84.85945532333845
156,81.11021990162001,83.4124227532626,84.45479483523502,84.61329849733802,84.80827102829802,84.85945532333845
157,81.09550984961143,83.41289859913174,84.45479483523502,84.61329849733802,84.80827102829802,84.85945532333845
158,81.09808776675098,83.41392890685167,84.46362504696043,84.61329849733802,84.80827102829802,84.85945532333845
159,81.0830100158132,83.41540711382376,84.46362504696043,84.62445762140253,84.80827102829802,84.85945532333845
160,81.09101297229026,83.41175182719276,84.46688655730898,84.62445762140253,84.81725733689431,84.86223814437615
161,81.04992491833629,83.41406818099038,84.46688655730898,84.62445762140253,84.81725733689431,84.86223814437615
162,81.09070582880302,83.41375414818232,84.47216245026198,84.63441675155612,84.81725733689431,84.86223814437615
163,81.10484504370586,83.41832059251618,84.47216245026198,84.63441675155612,84.81725733689431,84.86223814437615
164,81.1147031056457,83.41230717094268,84.47766747767356,84.63441675155612,84.81481545893205,84.86223814437615
165,81.12071456997413,83.41169758302186,84.47766747767356,84.63806294332717,84.81481545893205,84.86574143842591
166,81.10869054601007,83.40573462644731,84.48226663471333,84.63806294332717,84.81481545893205,84.86574143842591
167,81.07369093648643,83.40312309572273,84.48226663471333,84.63806294332717,84.81481545893205,84.86574143842591
168,81.10564549053842,83.40816000054475,84.48515136662323,84.64852789621294,84.82156949052171,84.86574143842591
169,81.11080837710743,83.41277009551952,84.48515136662323,84.64852789621294,84.82156949052171,84.86574143842591
170,81.1109046745967,83.40576196583267,84.4890714255501,84.64852789621294,84.82156949052171,84.86750167183399
171,81.10477201706573,83.4135252182635,84.4890714255501,84.65525802224268,84.82156949052171,84.86750167183399
172,81.13115539768319,83.41470954906974,84.49064380270589,84.65525802224268,84.8288312686441,84.86750167183399
173,81.12262977528127,83.41576212751063,84.49064380270589,84.65525802224268,84.8288312686441,84.86750167183399
174,81.11430954438103,83.40913642225038,84.49027506392133,84.6699323284715,84.8288312686441,84.86750167183399
175,81.10065131444702,83.40572025447669,84.49027506392133,84.6699323284715,84.8288312686441,84.87048021091665
176,81.0979117950272,83.41090133664633,84.49164367800188,84.6699323284715,84.83134519606332,84.87048021091665
177,81.10107711522683,83.41412162922624,84.49164367800188,84.66991092453938,84.83134519606332,84.87048021091665
178,81.11813546234866,83.4181676568558,84.49145227843266,84.66991092453938,84.83134519606332,84.87048021091665
179,81.10544258226997,83.41406871772232,84.49145227843266,84.66991092453938,84.83134519606332,84.87048021091665
180,81.1116648883736,83.40879010363501,84.49658115968307,84.6842759228145,84.83399766916908,84.87172729188876
181,81.09793652075379,83.41107723160451,84.49658115968307,84.6842759228145,84.83399766916908,84.87172729188876
182,81.11490593662477,83.40735527058716,84.4964884897861,84.6842759228145,84.83399766916908,84.87172729188876
183,81.09380514209099,83.40748161981828,84.4964884897861,84.68991337894713,84.83399766916908,84.87172729188876
184,81.08528771736454,83.40879222731563,84.49699028380998,84.68991337894713,84.83848886562187,84.87172729188876
185,81.07901607644698,83.40963069181748,84.49699028380998,84.68991337894713,84.83848886562187,84.8774080554276
186,81.09210398498149,83.40950760926529,84.49659373210648,84.70766232901101,84.83848886562187,84.8774080554276
187,81.0548758708094,83.40888576536847,84.49659373210648,84.70766232901101,84.83848886562187,84.8774080554276
188,81.06925895037202,83.40762202148291,84.49801000437039,84.70766232901101,84.84423323007502,84.8774080554276
189,81.08118895397374,83.40904304512935,84.49801000437039,84.70835010046689,84.84423323007502,84.8774080554276
190,81.09993579145176,83.41196524324619,84.49737792355677,84.70835010046689,84.84423323007502,84.87830824437921
191,81.08276755237213,83.40980548815575,84.49737792355677,84.70835010046689,84.84423323007502,84.87830824437921
192,81.09933789870333,83.40892588424786,84.49888723452577,84.72608454981443,84.84788926766572,84.87830824437921
193,81.08277737911132,83.40932455421276,84.49888723452577,84.72608454981443,84.84788926766572,84.87830824437921
194,81.08179465976531,83.4113589849362,84.50041290841992,84.72608454981443,84.84788926766572,84.87830824437921
195,81.10144975115044,83.40695080668324,84.50041290841992,84.72884509823851,84.84788926766572,84.87668033372145
196,81.13986983374889,83.40892483881397,84.50178985441606,84.72884509823851,84.85162081422664,84.87668033372145
197,81.14212931348099,83.40614907586905,84.50178985441606,84.72884509823851,84.85162081422664,84.87668033372145
198,81.09532329743564,83.40881479295022,84.50290770242593,84.74732030287208,84.85162081422664,84.87668033372145
199,81.10633952231882,83.41113424264454,84.50290770242593,84.74732030287208,84.85162081422664,84.87668033372145
200,81.0798957621854,83.40526450866119,84.50502421067114,84.74732030287208,84.85624500380598,84.88017833526156
201,81.07413850323385,83.41034954279878,84.50502421067114,84.7549638483914,84.85624500380598,84.88017833526156
202,81.0734318413803,83.40856660598732,84.5051368939076,84.7549638483914,84.85624500380598,84.88017833526156
203,81.07011398051193,83.40699000361683,84.5051368939076,84.7549638483914,84.85624500380598,84.88017833526156
204,81.08489490458892,83.40761433576459,84.50481230893453,84.76335388377909,84.86170276212866,84.88017833526156
205,81.05716595325448,83.41204755454623,84.50481230893453,84.76335388377909,84.86170276212866,84.88352689367159
206,81.06121906989645,83.41764363063731,84.50440591324366,84.76335388377909,84.86170276212866,84.88352689367159
207,81.05728393179854,83.4166107802094,84.50440591324366,84.7688907645807,84.86170276212866,84.88352689367159
208,81.05955969815481,83.40833562918502,84.50393848206595,84.7688907645807,84.86301256408233,84.88352689367159
209,81.08231100484811,83.40942497905709,84.50393848206595,84.7688907645807,84.86301256408233,84.88352689367159
210,81.10575187631628,83.41290763743538,84.50282133779905,84.77720096898327,84.86301256408233,84.88830759665304
211,81.07337945265773,83.41708620264684,84.50282133779905,84.77720096898327,84.86301256408233,84.88830759665304
212,81.06863554465234,83.41484334256795,84.50311049288901,84.77720096898327,84.86642851607354,84.88830759665304
213,81.09411024381265,83.4143345003094,84.50311049288901,84.77785830354424,84.86642851607354,84.88830759665304
214,81.12203125422235,83.41915927387005,84.5027123507793,84.77785830354424,84.86642851607354,84.88830759665304
215,81.11760523176925,83.42086915727508,84.5027123507793,84.77785830354424,84.86642851607354,84.88970863958978
216,81.11909404448487,83.42055623119842,84.50262245079324,84.7914966255481,84.8722696509387,84.88970863958978
217,81.13109898751962,83.41702687137825,84.50262245079324,84.7914966255481,84.8722696509387,84.88970863958978
218,81.1040734847724,83.4178433640135,84.50492354472105,84.7914966255481,84.8722696509387,84.88970863958978
219,81.08280318012827,83.41825984403754,84.50492354472105,84.79149864079922,84.8722696509387,84.88970863958978
220,81.066754283585,83.42494675017993,84.5047601457331,84.79149864079922,84.88145838251579,84.89124947199215
221,81.07543057273813,83.42138782908104,84.5047601457331,84.79149864079922,84.88145838251579,84.89124947199215
222,81.07683482360395,83.41972989536464,84.5043238734545,84.79900845637442,84.88145838251579,84.89124947199215
223,81.08149203638241,83.41660417344114,84.5043238734545,84.79900845637442,84.88145838251579,84.89124947199215
224,81.0678897722473,83.42106386403921,84.50368577853403,84.79900845637442,84.88922888096874,84.89124947199215
225,81.10270369583249,83.42154533450335,84.50368577853403,84.79926276733731,84.88922888096874,84.89909189879027
226,81.07477660502282,83.41767546928936,84.50232774958033,84.79926276733731,84.88922888096874,84.89909189879027
227,81.10831923307471,83.42324527358409,84.50232774958033,84.79926276733731,84.88922888096874,84.89909189879027
228,81.07521121649512,83.42858181441606,84.50260278257595,84.80458056101901,84.90023965426595,84.89909189879027
229,81.0867541323926,83.4247826163912,84.50260278257595,84.80458056101901,84.90023965426595,84.89909189879027
230,81.06401737540351,83.4273738856074,84.50606132429867,84.80458056101901,84.90023965426595,84.903456417157
231,81.06976156901894,83.42457861681461,84.50606132429867,84.80361636809602,84.90023965426595,84.903456417157
232,81.065466678828,83.42721028547004,84.50388324320885,84.80361636809602,84.90826537775435,84.903456417157
233,81.08057395051222,83.4290915263994,84.50388324320885,84.80361636809602,84.90826537775435,84.903456417157
234,81.07387029331855,83.42228530833061,84.5015737700825,84.80227981078279,84.90826537775435,84.903456417157
235,81.06957144210718,83.42806035872081,84.5015737700825,84.80227981078279,84.90826537775435,84.90845975274662
236,81.08666829096893,83.43319115350606,84.5044730312398,84.80227981078279,84.92397805523463,84.90845975274662
237,81.07073577070511,83.4329826896432,84.5044730312398,84.80651542629752,84.92397805523463,84.90845975274662
238,81.07896764146969,83.43489560455441,84.5034582398226,84.80651542629752,84.92397805523463,84.90845975274662
239,81.10327306884865,83.43612564724144,84.5034582398226,84.80651542629752,84.92397805523463,84.90845975274662
240,81.07633237791372,83.42865456177454,84.50267220529433,84.81689949596377,84.93644675377656,84.91583938410491
241,81.08817434057967,83.42392524570465,84.50267220529433,84.81689949596377,84.93644675377656,84.91583938410491
242,81.09956125854728,83.43142091487778,84.49996895001338,84.81689949596377,84.93644675377656,84.91583938410491
243,81.10320454999774,83.42752590857444,84.49996895001338,84.81784585996256,84.93644675377656,84.91583938410491
244,81.07558897053245,83.42628339943519,84.49925238695138,84.81784585996256,84.94831117881363,84.91583938410491
245,81.08721706616853,83.41875158136833,84.49925238695138,84.81784585996256,84.94831117881363,84.92309062474892
246,81.09453350345689,83.41983286967354,84.49903101265798,84.81767657789972,84.94831117881363,84.92309062474892
247,81.07726163970418,83.41766767718968,84.49903101265798,84.81767657789972,84.94831117881363,84.92309062474892
248,81.0814650048219,83.42161184317061,84.49866010944733,84.81767657789972,84.95878529631004,84.92309062474892
249,81.06977587464921,83.42891203732135,84.49866010944733,84.8165750799928,84.95878529631004,84.92309062474892
250,81.0697990572217,83.43041886276013,84.49843950502509,84.8165750799928,84.95878529631004,84.93014823835551
251,81.09831478001682,83.42459086025852,84.49843950502509,84.8165750799928,84.95878529631004,84.93014823835551
252,81.07671725678836,83.42461157919861,84.49747031827015,84.82451416878834,84.97081985539819,84.93014823835551
253,81.08654675299908,83.424156753392,84.49747031827015,84.82451416878834,84.97081985539819,84.93014823835551
254,81.08574125940738,83.4230158226676,84.49905269498844,84.82451416878834,84.97081985539819,84.93014823835551
255,81.0729733456161,83.41759476337317,84.49905269498844,84.83334308846273,84.97081985539819,84.9381026259569
256,81.05987400756231,83.41952250560468,84.49653188433703,84.83334308846273,84.98067532509552,84.9381026259569
257,81.05384923433868,83.42053606583686,84.49653188433703,84.83334308846273,84.98067532509552,84.9381026259569
258,81.05840172663095,83.41716346013988,84.49429237953936,84.84126636968392,84.98067532509552,84.9381026259569
259,81.06989193108792,83.41990716542335,84.49429237953936,84.84126636968392,84.98067532509552,84.9381026259569
260,81.05154774398783,83.42280700184799,84.49412475052888,84.84126636968392,84.98077148103523,84.94139803733032
261,81.07769178882074,83.42249689310823,84.49412475052888,84.85227636708721,84.98077148103523,84.94139803733032
262,81.09610909400946,83.42309919193733,84.49496715525356,84.85227636708721,84.98077148103523,84.94139803733032
263,81.06286970985747,83.42129026870312,84.49496715525356,84.85227636708721,84.98077148103523,84.94139803733032
264,81.08173170576887,83.41767602632636,84.49299195929247,84.85857430106104,84.9896150082114,84.94139803733032
265,81.0823412645643,83.42227965066947,84.49299195929247,84.85857430106104,84.9896150082114,84.94495905016962
266,81.07377591397263,83.4269751844744,84.49112167096472,84.85857430106104,84.9896150082114,84.94495905016962
267,81.05430479534816,83.42670044982532,84.49112167096472,84.87383600408853,84.9896150082114,84.94495905016962
268,81.06497815546714,83.42457451765915,84.48811942775511,84.87383600408853,84.99482438709164,84.94495905016962
269,81.07240797119019,83.42489817124097,84.48811942775511,84.87383600408853,84.99482438709164,84.94495905016962
270,81.07512869120792,83.4180557240056,84.48814314086955,84.88340099877196,84.99482438709164,84.94966780655352
271,81.06544592793539,83.42138848813026,84.48814314086955,84.88340099877196,84.99482438709164,84.94966780655352
272,81.07280025037595,83.41976358008182,84.48900009568501,84.88340099877196,84.9952079507975,84.94966780655352
273,81.07986206101806,83.42601670306013,84.48900009568501,84.89668440979456,84.9952079507975,84.94966780655352
274,81.06354193332389,83.42796859226554,84.48609199782004,84.89668440979456,84.9952079507975,84.94966780655352
275,81.06604036242845,83.43439898713396,84.48609199782004,84.89668440979456,84.9952079507975,84.9569119724342
276,81.06204165607933,83.43956175450322,84.48651632283797,84.91179713835129,84.99766768515501,84.9569119724342
277,81.08668162327587,83.4330238461216,84.48651632283797,84.91179713835129,84.99766768515501,84.9569119724342
278,81.09346355484787,83.4301978153196,84.48370936570576,84.91179713835129,84.99766768515501,84.9569119724342
279,81.08623522140392,83.42888638644826,84.48370936570576,84.92223907859952,84.99766768515501,84.9569119724342
280,81.087070753374,83.42500104753455,84.48374595972219,84.92223907859952,84.99967270285504,84.96216923828548
281,81.06437722692066,83.42497082309104,84.48374595972219,84.92223907859952,84.99967270285504,84.96216923828548
282,81.09688128319513,83.42915429274768,84.48439939742958,84.93369414263628,84.99967270285504,84.96216923828548
283,81.07853950005565,83.43114504958291,84.48439939742958,84.93369414263628,84.99967270285504,84.96216923828548
284,81.10326008829324,83.42637690102808,84.48239749517435,84.93369414263628,85.00511630767866,84.96216923828548
285,81.09984022475125,83.41752890873934,84.48239749517435,84.94520627177562,85.00511630767866,84.97171812355556
286,81.070731587875,83.42473152042838,84.48230057370512,84.94520627177562,85.00511630767866,84.97171812355556
287,81.04471778374673,83.42081175822057,84.48230057370512,84.94520627177562,85.00511630767866,84.97171812355556
288,81.08596747293225,83.42396037812316,84.48026687648789,84.95626105670719,85.00838801812374,84.97171812355556
289,81.06274879864748,83.42307296339457,84.48026687648789,84.95626105670719,85.00838801812374,84.97171812355556
290,81.06373219624005,83.42441440482618,84.47815265325346,84.95626105670719,85.00838801812374,84.9792400323086
291,81.04283748363201,83.42466867558986,84.47815265325346,84.96423690808183,85.00838801812374,84.9792400323086
292,81.04994538764595,83.42653698032797,84.47740646613593,84.96423690808183,85.00723820348004,84.9792400323086
293,81.04639651182183,83.42554088299617,84.47740646613593,84.96423690808183,85.00723820348004,84.9792400323086
294,81.08087204700617,83.42503960818587,84.47629165403634,84.97145318353519,85.00723820348004,84.9792400323086
295,81.0749266765847,83.42630911539192,84.47629165403634,84.97145318353519,85.00723820348004,84.99034872154209
296,81.10135694684175,83.42843434856663,84.47736618047182,84.97145318353519,85.01161914745947,84.99034872154209
297,81.08675465752954,83.42293784884023,84.47736618047182,84.97730034126087,85.01161914745947,84.99034872154209
298,81.1016040821396,83.42697465813384,84.47539399810243,84.97730034126087,85.01161914745947,84.99034872154209
299,81.06403887785957,83.43073629402886,84.47539399810243,84.97730034126087,85.01161914745947,84.99034872154209
300,81.08923205737463,83.42867970874082,84.47543149712651,84.98236786688837,85.01559459664719,85.0025729895087
301,81.0999904544072,83.42803289634614,84.47543149712651,84.98236786688837,85.01559459664719,85.0025729895087
302,81.07200950673739,83.42968500774235,84.47442424577382,84.98236786688837,85.01559459664719,85.0025729895087
303,81.09286702774077,83.4323121382098,84.47442424577382,84.9904897684203,85.01559459664719,85.0025729895087
304,81.07821158893351,83.42964474054845,84.47389575476915,84.9904897684203,85.01991434892743,85.0025729895087
305,81.0712399949109,83.42917897580617,84.47389575476915,84.9904897684203,85.01991434892743,85.01163798182735
306,81.06391702654399,83.42088844902209,84.47252742886081,84.99695531655877,85.01991434892743,85.01163798182735
307,81.06642699550184,83.42473081411993,84.47252742886081,84.99695531655877,85.01991434892743,85.01163798182735
308,81.07464168190565,83.4213138163872,84.4696493529997,84.99695531655877,85.02065525055191,85.01163798182735
309,81.06645246047668,83.42754589156883,84.4696493529997,85.0012906428383,85.02065525055191,85.01163798182735
310,81.09976902694174,83.42538867415814,84.47094861975077,85.0012906428383,85.02065525055191,85.01740787214662
311,81.09301135635802,83.42393883642289,84.47094861975077,85.0012906428383,85.02065525055191,85.01740787214662
312,81.12083372151798,83.42710995041308,84.4699545490906,85.0067161210034,85.02413928701708,85.01740787214662
313,81.1232798118931,83.42587279396338,84.4699545490906,85.0067161210034,85.02413928701708,85.01740787214662
314,81.16514979104741,83.41928744712469,84.47011839557028,85.0067161210034,85.02413928701708,85.01740787214662
315,81.13606881870842,83.42330448409517,84.47011839557028,85.01210292587722,85.02413928701708,85.02428307645681
316,81.13078534367867,83.42306198550169,84.47052596407997,85.01210292587722,85.02864780852094,85.02428307645681
317,81.12086200319216,83.42620860259946,84.47052596407997,85.01210292587722,85.02864780852094,85.02428307645681
318,81.06766882423383,83.42571791103157,84.46837216406192,85.01619101299404,85.02864780852094,85.02428307645681
319,81.07676927228276,83.42661404874714,84.46837216406192,85.01619101299404,85.02864780852094,85.02428307645681
320,81.10326460620846,83.43104196936937,84.46775210874084,85.01619101299404,85.03413561058885,85.02823528351469
321,81.09928853452024,83.43223173527548,84.46775210874084,85.02192271547304,85.03413561058885,85.02823528351469
322,81.1068365014731,83.42819316581412,84.46549878990783,85.02192271547304,85.03413561058885,85.02823528351469
323,81.09777060125782,83.42348682853483,84.46549878990783,85.02192271547304,85.03413561058885,85.02823528351469
324,81.10413817903195,83.4251705419471,84.46533131875019,85.02426697553202,85.03514005333878,85.02823528351469
325,81.11142226087749,83.42114475572555,84.46533131875019,85.02426697553202,85.03514005333878,85.03265303909221
326,81.092772195303,83.4226316319487,84.46477475665819,85.02426697553202,85.03514005333878,85.03265303909221
327,81.09818093877813,83.42046274251436,84.46477475665819,85.02758711036353,85.03514005333878,85.03265303909221
328,81.0704386656816,83.42429341063,84.46446712770586,85.02758711036353,85.04131882300538,85.03265303909221
329,81.11648592436433,83.42051960508059,84.46446712770586,85.02758711036353,85.04131882300538,85.03265303909221
330,81.07592362587818,83.42976846439227,84.46528100374172,85.03033994519919,85.04131882300538,85.03254339927304
331,81.05384471166745,83.43262512627606,84.46528100374172,85.03033994519919,85.04131882300538,85.03254339927304
332,81.06455794811465,83.4263472581339,84.46419080758518,85.03033994519919,85.04312951084441,85.03254339927304
333,81.05006924969153,83.42322096439003,84.46419080758518,85.03184794618467,85.04312951084441,85.03254339927304
334,81.0443906495555,83.42051800262668,84.46564936205323,85.03184794618467,85.04312951084441,85.03254339927304
335,81.04675931673555,83.42415579759023,84.46564936205323,85.03184794618467,85.04312951084441,85.03534249448553
336,81.07148935301392,83.41656976763808,84.46627901918612,85.03398416615465,85.04861353303089,85.03534249448553
337,81.04825364016354,83.425976666312,84.46627901918612,85.03398416615465,85.04861353303089,85.03534249448553
338,81.07284077863099,83.4245657193076,84.46545286393952,85.03398416615465,85.04861353303089,85.03534249448553
339,81.08356458035037,83.42449786416216,84.46545286393952,85.0362496375613,85.04861353303089,85.03534249448553
340,81.09171474538027,83.42107564976742,84.46449947803922,85.0362496375613,85.05161975419482,85.04140441197791
341,81.07188528414578,83.41927315597106,84.46449947803922,85.0362496375613,85.05161975419482,85.04140441197791
342,81.0744086559533,83.41945239242305,84.46088247639874,85.03889122489987,85.05161975419482,85.04140441197791
343,81.0790949505652,83.41692617279016,84.46088247639874,85.03889122489987,85.05161975419482,85.04140441197791
344,81.07760414912096,83.41686853451446,84.46087357317019,85.03889122489987,85.0574271330935,85.04140441197791
345,81.08294904685282,83.41453575889449,84.46087357317019,85.03972730172148,85.0574271330935,85.04385835953565
346,81.07637071049383,83.41603726984671,84.46131014357707,85.03972730172148,85.0574271330935,85.04385835953565
347,81.09067413855105,83.41683685012568,84.46131014357707,85.03972730172148,85.0574271330935,85.04385835953565
348,81.05952815149598,83.41870250449682,84.46249425317507,85.04198430429551,85.06106310510172,85.04385835953565
349,81.06776138656573,83.41559589395692,84.46249425317507,85.04198430429551,85.06106310510172,85.04385835953565
350,81.10466278799153,83.41302829042792,84.46089642953095,85.04198430429551,85.06106310510172,85.04678406533257
351,81.09586509488055,83.41629499977009,84.46089642953095,85.04647746919863,85.06106310510172,85.04678406533257
352,81.10862935369357,83.41713550851347,84.45872070190471,85.04647746919863,85.06963988988231,85.04678406533257
353,81.1062440062742,83.4190644352872,84.45872070190471,85.04647746919863,85.06963988988231,85.04678406533257
354,81.12540332971842,83.42006347326958,84.45905542587873,85.04989152874059,85.06963988988231,85.04678406533257
355,81.10942102251231,83.41827398958935,84.45905542587873,85.04989152874059,85.06963988988231,85.04936410943559
356,81.1130592809632,83.41773416493105,84.45797205931687,85.04989152874059,85.07636514675875,85.04936410943559
357,81.10657661207645,83.41356334996145,84.45797205931687,85.05358568601768,85.07636514675875,85.04936410943559
358,81.10328441114133,83.41722311463333,84.45881343946797,85.05358568601768,85.07636514675875,85.04936410943559
359,81.10571164885964,83.42036938556916,84.45881343946797,85.05358568601768,85.07636514675875,85.04936410943559
360,81.10219635917609,83.41523972601878,84.4580358199876,85.05408259108039,85.08691056802995,85.05087953630559
361,81.12047271332578,83.41891556772052,84.4580358199876,85.05408259108039,85.08691056802995,85.05087953630559
362,81.11395061241835,83.4149238381199,84.45892467953774,85.05408259108039,85.08691056802995,85.05087953630559
363,81.10277655541219,83.41242466317827,84.45892467953774,85.05507218869596,85.08691056802995,85.05087953630559
364,81.12801986066884,83.41720374850014,84.46142941641595,85.05507218869596,85.09367408060623,85.05087953630559
365,81.09428590444772,83.412729002335,84.46142941641595,85.05507218869596,85.09367408060623,85.05523134284726
366,81.12050818082047,83.41971788111977,84.46156042190407,85.05711916572284,85.09367408060623,85.05523134284726
367,81.1091620169158,83.42170533874213,84.46156042190407,85.05711916572284,85.09367408060623,85.05523134284726
368,81.11108329140333,83.41242248444335,84.46191666285938,85.05711916572284,85.10199892669165,85.05523134284726
369,81.09493872316702,83.41609805301681,84.46191666285938,85.05875161999124,85.10199892669165,85.05523134284726
370,81.09416957004197,83.41973340955313,84.46314718153525,85.05875161999124,85.10199892669165,85.05631336924189
371,81.11741685671589,83.42087947936095,84.46314718153525,85.05875161999124,85.10199892669165,85.05631336924189
372,81.08895365028104,83.41768254930284,84.46286536624179,85.05899522821282,85.10707462490905,85.05631336924189
373,81.0740229490305,83.42047626762783,84.46286536624179,85.05899522821282,85.10707462490905,85.05631336924189
374,81.07330743946736,83.41737272632992,84.4625930525521,85.05899522821282,85.10707462490905,85.05631336924189
375,81.05733894582694,83.42104506904329,84.4625930525521,85.0591578087858,85.10707462490905,85.06059163192532
376,81.07518043492517,83.42316010950898,84.46455193999601,85.0591578087858,85.11883373769939,85.06059163192532
377,81.08755604333227,83.431177473396,84.46455193999601,85.0591578087858,85.11883373769939,85.06059163192532
378,81.08584903275576,83.42742030780816,84.46105802653452,85.05984909253512,85.11883373769939,85.06059163192532
379,81.09521062963974,83.42509739278891,84.46105802653452,85.05984909253512,85.11883373769939,85.06059163192532
380,81.11085447832183,83.42517419707715,84.4598102919027,85.05984909253512,85.12476776521923,85.06430752188811
381,81.11969336564883,83.42657038208056,84.4598102919027,85.05880036674954,85.12476776521923,85.06430752188811
382,81.11061167824624,83.42122926638312,84.46116305483778,85.05880036674954,85.12476776521923,85.06430752188811
383,81.12517060733387,83.41852173034978,84.46116305483778,85.05880036674954,85.12476776521923,85.06430752188811
384,81.09213661797914,83.41697278465962,84.4616768213483,85.05862601159292,85.13162464736179,85.06430752188811
385,81.0884884309714,83.4225810527357,84.4616768213483,85.05862601159292,85.13162464736179,85.06748674639877
386,81.10279563015268,83.42416900137633,84.46232865041735,85.05862601159292,85.13162464736179,85.06748674639877
387,81.09293398336787,83.4200120681061,84.46232865041735,85.05790705386808,85.13162464736179,85.06748674639877
388,81.07605793403233,83.42076683758016,84.46171274192547,85.05790705386808,85.14340275963346,85.06748674639877
389,81.08594737383778,83.41596468295093,84.46171274192547,85.05790705386808,85.14340275963346,85.06748674639877
390,81.09538992168845,83.41314686790287,84.46238154390699,85.05906814869435,85.14340275963346,85.06990815253259
391,81.12708344226961,83.41036802179181,84.46238154390699,85.05906814869435,85.14340275963346,85.06990815253259
392,81.10276332046097,83.41691180381837,84.45976575432282,85.05906814869435,85.15443887473019,85.06990815253259
393,81.09234292761435,83.41682977460279,84.45976575432282,85.0590510868918,85.15443887473019,85.06990815253259
394,81.10409937793698,83.41619366692521,84.4602994320857,85.0590510868918,85.15443887473019,85.06990815253259
395,81.11733247961642,83.41516781932361,84.4602994320857,85.0590510868918,85.15443887473019,85.06935451267219
396,81.10776664773609,83.42272240118028,84.46134315299186,85.06076368321341,85.16161755096986,85.06935451267219
397,81.10609065372425,83.42122679717097,84.46134315299186,85.06076368321341,85.16161755096986,85.06935451267219
398,81.11002981871563,83.42350851229142,84.46097501414175,85.06076368321341,85.16161755096986,85.06935451267219
399,81.12905157277015,83.4233195196147,84.46097501414175,85.06084318721717,85.16161755096986,85.06935451267219
400,81.13247605792425,83.42885618961925,84.46081743487088,85.06084318721717,85.170278067074,85.07325774610663
401,81.14235554075384,83.4242467164216,84.46081743487088,85.06084318721717,85.170278067074,85.07325774610663
402,81.10662479663007,83.43065443290755,84.45911130149433,85.06171409777058,85.170278067074,85.07325774610663
403,81.10556503833192,83.42851325423773,84.45911130149433,85.06171409777058,85.170278067074,85.07325774610663
404,81.11316848576979,83.4269856386449,84.4600087827644,85.06171409777058,85.17327454264132,85.07325774610663
405,81.10738207386939,83.42923272614523,84.4600087827644,85.062815102086,85.17327454264132,85.0748010592105
406,81.11503457596612,83.42551945647065,84.4591056729543,85.062815102086,85.17327454264132,85.0748010592105
407,81.111511200626,83.42001224718688,84.4591056729543,85.062815102086,85.17327454264132,85.0748010592105
408,81.14158203336854,83.42289170189682,84.46058372773507,85.06278581991846,85.17636868579118,85.0748010592105
409,81.11205501659275,83.41966920189253,84.46058372773507,85.06278581991846,85.17636868579118,85.0748010592105
410,81.10012337612365,83.42685986252461,84.46142903716265,85.06278581991846,85.17636868579118,85.07744146164481
411,81.10372459979622,83.42462624239572,84.46142903716265,85.06309061099397,85.17636868579118,85.07744146164481
412,81.11156523962507,83.4246043450195,84.46328094746859,85.06309061099397,85.17829667466451,85.07744146164481
413,81.12108971847424,83.41889261662942,84.46328094746859,85.06309061099397,85.17829667466451,85.07744146164481
414,81.11315762089511,83.41704861988764,84.46312524382353,85.06268589904981,85.17829667466451,85.07744146164481
415,81.11968883437682,83.40880541530251,84.46312524382353,85.06268589904981,85.17829667466451,85.0815483305833
416,81.09034721328703,83.40975056097825,84.46142024007187,85.06268589904981,85.18127930179278,85.0815483305833
417,81.1078350030177,83.41159994884471,84.46142024007187,85.06259372793394,85.18127930179278,85.0815483305833
418,81.13788055228424,83.41587645933889,84.46075621814462,85.06259372793394,85.18127930179278,85.0815483305833
419,81.15088483753674,83.40819540276016,84.46075621814462,85.06259372793394,85.18127930179278,85.0815483305833
420,81.12813476119214,83.40690801959897,84.46114333503971,85.06261411352993,85.18500021446653,85.0806887286797
421,81.12124067534161,83.40334228546658,84.46114333503971,85.06261411352993,85.18500021446653,85.0806887286797
422,81.12926004688708,83.40738567988667,84.46124952073241,85.06261411352993,85.18500021446653,85.0806887286797
423,81.11827453621795,83.40976653790467,84.46124952073241,85.0620626771162,85.18500021446653,85.0806887286797
424,81.1199832118686,83.41147419934245,84.46120946253161,85.0620626771162,85.18431576316807,85.0806887286797
425,81.13235311437423,83.41146748826013,84.46120946253161,85.0620626771162,85.18431576316807,85.08379698830589
426,81.1194631007779,83.40882214677426,84.46367661362999,85.06429522126437,85.18431576316807,85.08379698830589
427,81.08802164602534,83.41348551258453,84.46367661362999,85.06429522126437,85.18431576316807,85.08379698830589
428,81.10395628760561,83.41758069532142,84.46278715593489,85.06429522126437,85.18828092462398,85.08379698830589
429,81.09961428655248,83.42016904026507,84.46278715593489,85.06402235255436,85.18828092462398,85.08379698830589
430,81.11789443190978,83.42174456696588,84.46314368360723,85.06402235255436,85.18828092462398,85.084088204532
431,81.11423896737244,83.4158707237093,84.46314368360723,85.06402235255436,85.18828092462398,85.084088204532
432,81.11533727114694,83.41588762953702,84.46451350243869,85.06351295247393,85.1853739582849,85.084088204532
433,81.10538712739489,83.41345089206055,84.46451350243869,85.06351295247393,85.1853739582849,85.084088204532
434,81.11015748402875,83.41507725443176,84.46265372129561,85.06351295247393,85.1853739582849,85.084088204532
435,81.117240867222,83.41312506375372,84.46265372129561,85.0627768520038,85.1853739582849,85.08734485123776
436,81.12403472228685,83.42015745235392,84.46288372597901,85.0627768520038,85.19119979222482,85.08734485123776
437,81.08501373396537,83.41780589301699,84.46288372597901,85.0627768520038,85.19119979222482,85.08734485123776
438,81.08874619810926,83.41603930025947,84.46326995013143,85.06201857640747,85.19119979222482,85.08734485123776
439,81.06119722750681,83.41879589753762,84.46326995013143,85.06201857640747,85.19119979222482,85.08734485123776
440,81.04238464081897,83.42015072694828,84.46254962795713,85.06201857640747,85.18748870293308,85.09031219993349
441,81.07166374989498,83.42294659769392,84.46254962795713,85.06224293325904,85.18748870293308,85.09031219993349
442,81.07947019586139,83.41497685193036,84.46224033442579,85.06224293325904,85.18748870293308,85.09031219993349
443,81.09785036815558,83.40947327067761,84.46224033442579,85.06224293325904,85.18748870293308,85.09031219993349
444,81.12712268732794,83.41853011033699,84.4620603998448,85.0623701062013,85.18953091268516,85.09031219993349
445,81.12265256877119,83.42097584436792,84.4620603998448,85.0623701062013,85.18953091268516,85.09095087715413
446,81.13187648644177,83.41485195481131,84.46151849489844,85.0623701062013,85.18953091268516,85.09095087715413
447,81.13241253905721,83.41572661281727,84.46151849489844,85.06290813547433,85.18953091268516,85.09095087715413
448,81.09425702274426,83.41460686731521,84.46205185023082,85.06290813547433,85.18877629166266,85.09095087715413
449,81.07463493050369,83.41706036005984,84.46205185023082,85.06290813547433,85.18877629166266,85.09095087715413
450,81.05410733210235,83.4139854990915,84.46356886946823,85.06296257340273,85.18877629166266,85.09102268393863
451,81.07476640294108,83.41797723155362,84.46356886946823,85.06296257340273,85.18877629166266,85.09102268393863
452,81.07010030662993,83.41750825197846,84.46484684954966,85.06296257340273,85.19627156166737,85.09102268393863
453,81.09339943792038,83.42401105587314,84.46484684954966,85.06335159727018,85.19627156166737,85.09102268393863
454,81.10960135388079,83.42231599739961,84.46484201019335,85.06335159727018,85.19627156166737,85.09102268393863
455,81.0834238273473,83.42830090264732,84.46484201019335,85.06335159727018,85.19627156166737,85.092532917385
456,81.074482830775,83.42436822693078,84.46495914870712,85.06302051067128,85.19379644870706,85.092532917385
457,81.11121865627999,83.41577533781644,84.46495914870712,85.06302051067128,85.19379644870706,85.092532917385
458,81.11258055669673,83.41418855816237,84.46434939804158,85.06302051067128,85.19379644870706,85.092532917385
459,81.10992246924279,83.41353499213099,84.46434939804158,85.06293701958289,85.19379644870706,85.092532917385
460,81.12652760192506,83.41575956771904,84.46443036464291,85.06293701958289,85.19872431525077,85.09409795810593
461,81.10468141194623,83.41635101227074,84.46443036464291,85.06293701958289,85.19872431525077,85.09409795810593
462,81.10832891174518,83.41884754932735,84.46244405526998,85.06369990802447,85.19872431525077,85.09409795810593
463,81.09317264488553,83.42174440413076,84.46244405526998,85.06369990802447,85.19872431525077,85.09409795810593
464,81.10451007121895,83.42168785670081,84.46263350331121,85.06369990802447,85.20241636263135,85.09409795810593
465,81.080823723083,83.41900585804991,84.46263350331121,85.06410842252278,85.20241636263135,85.09500135512297
466,81.11409836828408,83.42178082951152,84.46334506019792,85.06410842252278,85.20241636263135,85.09500135512297
467,81.10858242465993,83.4213220262267,84.46334506019792,85.06410842252278,85.20241636263135,85.09500135512297
468,81.11364733164564,83.42929410574267,84.46220259393364,85.06549727763641,85.20791207635368,85.09500135512297
469,81.11423886981856,83.4260509911529,84.46220259393364,85.06549727763641,85.20791207635368,85.09500135512297
470,81.08517576500795,83.425516068443,84.46222163718734,85.06549727763641,85.20791207635368,85.09587419151163
471,81.09668438459747,83.4159662468583,84.46222163718734,85.06545178009891,85.20791207635368,85.09587419151163
472,81.10828046705977,83.41159605667795,84.46068700837783,85.06545178009891,85.21093099455933,85.09587419151163
473,81.10538902225208,83.41560556564977,84.46068700837783,85.06545178009891,85.21093099455933,85.09587419151163
474,81.10881065649,83.41169830371167,84.46307859146833,85.06538209673798,85.21093099455933,85.09587419151163
475,81.11632973280291,83.41162911060685,84.46307859146833,85.06538209673798,85.21093099455933,85.10009284338197
476,81.10141570464492,83.41232573148031,84.46246953301669,85.06538209673798,85.21720319175404,85.10009284338197
477,81.1029891749702,83.41656344675171,84.46246953301669,85.0634185006764,85.21720319175404,85.10009284338197
478,81.08717689776599,83.41238569164314,84.4606170650165,85.0634185006764,85.21720319175404,85.10009284338197
479,81.11324512800415,83.413392943227,84.4606170650165,85.0634185006764,85.21720319175404,85.10009284338197
480,81.10657476449958,83.412607768909,84.46015925395328,85.06281143320622,85.21891715674388,85.10055835232626
481,81.09361293056992,83.41317209528344,84.46015925395328,85.06281143320622,85.21891715674388,85.10055835232626
482,81.06811321433875,83.4133631346592,84.46202048344959,85.06281143320622,85.21891715674388,85.10055835232626
483,81.06311350286127,83.4142966800377,84.46202048344959,85.0626416067908,85.21891715674388,85.10055835232626
484,81.08177284016058,83.41253898938564,84.46077172042958,85.0626416067908,85.22038243859414,85.10055835232626
485,81.08588240314974,83.41413736999026,84.46077172042958,85.0626416067908,85.22038243859414,85.10273712488338
486,81.08701159994293,83.41186133928092,84.46090169688307,85.06197152938387,85.22038243859414,85.10273712488338
487,81.08206257491706,83.40503534146909,84.46090169688307,85.06197152938387,85.22038243859414,85.10273712488338
488,81.07345503146182,83.41196134055126,84.46174371371544,85.06197152938387,85.22523928235937,85.10273712488338
489,81.08912262560301,83.41417349208051,84.46174371371544,85.0621114511163,85.22523928235937,85.10273712488338
490,81.09634297480311,83.41930363144682,84.46052050034164,85.0621114511163,85.22523928235937,85.10184123897585
491,81.09896524972642,83.423408237636,84.46052050034164,85.0621114511163,85.22523928235937,85.10184123897585
492,81.11051688727508,83.4239599037857,84.46219523203412,85.06183013762558,85.22748705008429,85.10184123897585
493,81.11355035776255,83.4280495416937,84.46219523203412,85.06183013762558,85.22748705008429,85.10184123897585
494,81.08847076381149,83.42606448215255,84.46284827631028,85.06183013762558,85.22748705008429,85.10184123897585
495,81.08222680172177,83.42390136623442,84.46284827631028,85.06214571422335,85.22748705008429,85.10250095033783
496,81.09286505452872,83.43243945300202,84.46241943353516,85.06214571422335,85.23042623442986,85.10250095033783
497,81.11295255911418,83.42431208175928,84.46241943353516,85.06214571422335,85.23042623442986,85.10250095033783
498,81.10340703911156,83.42172192118008,84.46335335253912,85.06270432698956,85.23042623442986,85.10250095033783
499,81.09665248467903,83.41396059973825,84.46335335253912,85.06270432698956,85.23042623442986,85.10250095033783
