Comparison stage no.,data//output//runtimePerformance//DECMO//SolutionSetSize50//,data//output//runtimePerformance//DECMO2//SolutionSetSize50//,data//output//runtimePerformance//DECMO2++//SolutionSetSize50//,data//output//runtimePerformance//SPEA2//SolutionSetSize50//,data//output//runtimePerformance//GDE3//SolutionSetSize50//,data//output//runtimePerformance//NSGA2//SolutionSetSize50//,data//output//runtimePerformance//MOEAD_DRA//SolutionSetSize50//
0,0.0,0.0,0.0,0.0,0.0,0.0,0.0
1,0.0,0.0,0.0,0.0,0.0,0.0,0.0
2,0.0,0.0,0.0,0.0,0.0,0.0,0.0
3,0.0,0.0,0.0,0.0,0.0,0.0,0.0
4,0.0,0.0,0.0,0.0,0.0,0.0,0.0
5,0.0,0.0,0.0,0.0,0.0,0.0,0.0
6,0.0,0.0,0.0026885111011648683,0.0,0.0,0.0,0.0
7,0.0,0.0,0.03277739920839854,0.0,0.0,0.0,9.707359095675696E-4
8,0.0,0.01661769163836123,0.3046478098207264,0.0,0.0,0.0,0.0028951312977570785
9,0.004174188658616856,0.04381629947025062,0.9456587929549475,0.0,0.0,0.0,0.03180079672982921
10,0.019985784219528357,0.3106239340796472,2.0719510527646743,0.033342620700777814,0.0,0.02394752576436567,0.043478827417744934
11,0.08975836475344663,1.2034937419875837,4.8909814281241655,0.0679493717089668,0.0029678262799154725,0.11663137054602521,0.13072388904031784
12,0.21976375706458587,2.2681327804877776,8.309674127275334,0.21261702258953663,0.0029678262799154725,0.33089035814398515,0.17465880563970282
13,0.5368656982605433,4.2763039795728535,11.738326864486389,0.4152067881963554,0.005795555907883231,0.7147550140349753,0.24834305496804363
14,1.2710018770361078,7.54147479919634,15.281676905122698,0.9032323104723412,0.005795555907883231,1.460011218329357,0.41119264155437973
15,2.3070471751991266,10.939979728749242,19.013470127596815,1.7380936607782658,0.03889616740792348,2.601241979904719,0.5424545657025179
16,3.7959595117897,14.191980839463142,22.744128023845565,2.7842665949297865,0.07486017739772143,4.039835959326458,0.7037803883923158
17,5.644579077246719,18.080921694191936,26.219831931594623,4.2660114949555705,0.32162927464498126,5.73133676385944,0.8678668844283822
18,8.575173644329315,21.36653233877115,29.282729904027065,5.561671341265386,0.6184966524303452,7.634948186058104,1.1028417672438393
19,11.655368426757411,24.827744244685377,32.153108305573234,7.5212509354660755,1.0771900156931302,9.561707214166734,1.3542974842270021
20,15.279403111098667,28.116618042011577,34.82354195970402,9.667343436485762,2.0176060876922617,11.724027845905102,1.5655808934345938
21,18.74988060933773,31.26824782468589,36.90726836767799,11.718160986904094,3.4993660160537976,13.722680574985526,1.9643302812732724
22,22.23355827381228,33.9341003349716,39.25644505320045,13.824236310003945,6.006180065556021,15.619094656358106,2.1920657574809845
23,25.454506107947356,36.2916287655101,40.9839664038253,15.696965423351394,8.679133096197127,17.758982672499286,2.5430914892473386
24,28.630569938742926,38.44310633853506,42.86392208749087,17.973665051819523,11.662148840098954,19.619482405997843,2.9451468052709004
25,31.60918479918572,39.54030777517845,44.311898511299134,19.840893905813537,14.74206040574115,21.3162899820732,3.442264148387765
26,34.381436768399226,41.4740645309051,45.720276689748225,21.737934287664668,17.722641578038047,23.06827090658724,3.9604680920250073
27,36.77930789948661,43.19125969659909,46.906673554399745,23.661795943539914,21.48286773206389,24.92212912737536,4.62758123347918
28,38.99186018125681,44.87587581463067,47.98269014507617,25.38590339934734,24.770909035923562,26.337453344692975,5.166281072726464
29,40.859154937865554,46.212907944893225,48.93490978318874,26.877808226792833,27.96115543280181,27.719642622710893,5.865745353228125
30,42.81493498683047,47.48284211083744,49.73206791899517,28.404279589620764,30.816647585596847,29.15835654027843,6.441023741581763
31,44.57610167221743,48.56675594349946,50.53874320398823,29.850697654503822,33.73336239912309,30.567295795489045,6.999533882648326
32,46.076916408497276,49.71249405687022,51.208281737648186,31.22217809661426,35.9734534956165,31.75126429400509,7.508130475850487
33,47.30508737712981,50.62741093469999,51.77327723731233,32.49626550195934,38.541467462065214,32.889037661020254,8.36692363817651
34,48.49695009941125,51.47806494392974,52.318484675981345,33.565469256908514,40.70597490004767,33.930196187583604,9.151874023211567
35,49.61007003750408,52.27289870041726,52.80335728714637,34.626958163416575,42.59468271554473,34.895889550855706,9.82294465855856
36,50.718891884710224,53.01793975317018,53.27436587801645,35.74401715750135,44.3064854453445,35.734403476249426,10.666738763029153
37,51.72159464587479,53.61221999901294,53.609871256564226,36.788041400733164,45.839757226535504,36.62673701112696,11.502963004351782
38,52.50218819833442,54.21231375049431,54.01274858179165,37.602073705892295,47.18433907990493,37.4186162154977,12.174211672745997
39,53.235261961920244,54.77645837347595,54.339505846984125,38.355804002994006,48.54392692936283,38.09284137802156,12.868615965740265
40,53.93008225315575,55.28859659524781,54.62164444657967,39.12656716549832,49.74791368315679,38.703285391941264,13.70054811944916
41,54.56882521537327,55.716279785113365,54.889044238930786,39.72148526813991,50.85161262861217,39.32767841718794,14.369067561796655
42,55.17590565410199,56.06083061643054,55.09670834740565,40.40695900457823,51.82960351161914,39.92194501199715,15.113293447416334
43,55.6995393510427,56.62334108390241,55.32666022456073,40.870565884596274,52.721537717046374,40.38133388595785,15.779093495561819
44,56.16187091131376,56.92847050732982,55.496629927365284,41.40889931553214,53.5581973662286,40.81347336394863,16.380961088938115
45,56.61016715105005,57.22425481800223,55.66954639730536,41.828721240261814,54.33774896319644,41.286208869336726,17.004756754235903
46,57.02560887150974,57.49182400351246,55.8321827099934,42.28125590486604,55.09768640650804,41.66945676982208,17.581183509806692
47,57.36156435934402,57.733610260151224,55.95572861269732,42.71894050818208,55.72849840314657,42.07273935457491,18.234151019107742
48,57.69739661632464,57.95712940166388,56.08402716383733,43.070691170381835,56.371731963279025,42.465797188214054,18.98557387165347
49,58.0319531158445,58.14964674510158,56.22448371556163,43.44021256604887,56.91492506166642,42.77248530845867,19.645643691443418
50,58.345341894667676,58.299594940889406,56.32393660949393,43.762205061417085,57.43670476834525,43.02760601319726,20.213733483166944
51,58.66403592635713,58.37300029297104,56.457430161983865,44.0203351092692,57.88597765883476,43.29549286798567,21.024906579468777
52,58.899807677324375,58.52466421555813,56.55135886647149,44.28082521970944,58.325351234108794,43.620704316625385,21.727269340388787
53,59.12634798850127,58.651594648884675,56.6308105489966,44.54868500599684,58.77594404134491,43.903606317629375,22.313659356912066
54,59.32346536136712,58.79949203814775,56.71140647518493,44.773111324332675,59.147069271846775,44.1753738455371,22.87402188303116
55,59.51290320577748,58.926083064628585,56.79274672575721,44.99437334000172,59.469364492422486,44.38582370775268,23.603129621823257
56,59.69790074096954,59.024096461642536,56.881735633621375,45.198273940545135,59.74157379428854,44.55834638710024,24.11420642100599
57,59.874375598352835,59.12303474439855,56.94008865969196,45.354609753837565,60.020061525074084,44.74069837309281,24.616983463535053
58,60.01390441582702,59.23186653313981,57.01272809530329,45.51997095066173,60.268700034261514,44.908953221547264,25.143636420887706
59,60.16484475031426,59.31514945949217,57.07387750285662,45.653447980199665,60.50647481435447,45.044954920375424,25.727981734721432
60,60.30626561957877,59.42082849545937,57.1247144960988,45.792719706172846,60.71984030062042,45.16405630540899,26.159179242262802
61,60.43068585723936,59.497154097588215,57.18255177844224,45.93442427249287,60.91400874378235,45.30146691217375,26.615864946854252
62,60.53738999265326,59.578084391375384,57.21899890701674,46.04560532147525,61.08997141908573,45.45004080620362,27.038419623258065
63,60.64516957296415,59.64719513106959,57.26025736941301,46.16869394610732,61.255745728965806,45.570100404550956,27.38156922890757
64,60.75474727761537,59.72589136862418,57.2964511999489,46.26652742992836,61.404845595683625,45.675934344801355,27.893593659501065
65,60.845898449481986,59.78798519126016,57.34415441636311,46.3646376999196,61.58723173922688,45.775536373179136,28.41695532852464
66,60.92996247403851,59.86189254792569,57.386102321527645,46.46005517811086,61.72484349750369,45.90236016650628,28.81541242234412
67,61.00311051274061,59.91709510801585,57.41643297713781,46.53866544049878,61.87109299962715,46.002298738834995,29.252823486559006
68,61.07353795504007,59.962659736972746,57.44756680216479,46.60298033995954,61.99666051948539,46.119924308598925,29.715716057067702
69,61.15188388612862,60.01380526517821,57.47966905404104,46.68247343916918,62.10734935221802,46.20491483615079,30.12468229801815
70,61.224018994527476,60.06010319953599,57.515037627903595,46.76577615173989,62.211410610787745,46.29567556403872,30.548794810827722
71,61.28314887441489,60.10770547931514,57.54539662490931,46.82788819476388,62.32342663998923,46.38269652253443,30.962601886626263
72,61.34874598948067,60.14698306502668,57.58520639943382,46.880634685254535,62.43392985143845,46.47191595397896,31.364764317451137
73,61.40917299248725,60.200442533036046,57.613380239155866,46.93980308255943,62.527807838023776,46.53322882252119,31.753082846351187
74,61.46901014392698,60.232717139129086,57.6512832566601,46.998497778423754,62.61707934002363,46.60301760402191,32.028950732727424
75,61.52898626489575,60.26050930087348,57.678694045329735,47.19677635603529,62.697773263637266,46.664945216074074,32.32400857051172
76,61.58048239117014,60.277266777463566,57.71408750147903,47.24246302980616,62.7869530845098,46.727206272758686,32.69890057005983
77,61.63958516376316,60.31711311762133,57.74046381772314,47.329338190667556,62.85155291815444,46.805726442317685,33.01952661586141
78,61.68895808691837,60.34802495373557,57.77205961919359,47.37378445059499,62.92826515140535,46.86803226772712,33.358787227836096
79,61.73934817515296,60.38492411074636,57.802325312781846,47.42061712011392,63.004532947476264,46.92422523876565,33.65733780102576
80,61.785197757687584,60.41549268119577,57.82345005231315,47.47572511636335,63.05237639852444,46.978752802429966,33.925359664550285
81,61.82800370053767,60.44449262387106,57.84967729622449,47.5088586678889,63.129522212949105,47.040207828426965,34.22689328777807
82,61.86655437067269,60.47597944081543,57.871595986305,47.54139674958664,63.1962209650764,47.10471545442304,34.5404547639037
83,61.9079224879863,60.50760784707537,57.89366667622083,47.57211231427697,63.2475671693143,47.15651304452407,34.816129808874436
84,61.95110568824996,60.53566188747346,57.915923461159004,47.604417432591234,63.300223725003576,47.20156862162023,35.05677709227664
85,61.99617499399581,60.56422283246346,57.937112445785054,47.64527953103557,63.34277532949518,47.24256291025386,35.3066908819307
86,62.041128533599164,60.590904852455274,57.959891913302855,47.66952715449447,63.384917883767265,47.3007459308092,35.59377606388584
87,62.07235638663343,60.6250049036396,57.97924953226852,47.70161304406664,63.43668568425053,47.342617508874774,35.85982965333597
88,62.10177638542693,60.64750639204185,58.0038527541466,47.72218857799397,63.478575971157944,47.383502753449044,36.12235593577829
89,62.13930899066442,60.67175094786644,58.02586848141969,47.74237547612333,63.519182590515356,47.416503725137154,36.31408011356529
90,62.167962465945294,60.69269004007921,58.0429132180261,47.767782833223535,63.55725292652106,47.45975869596328,36.51042771304449
91,62.205865885385734,60.71747770706889,58.06445623127024,47.78844058574462,63.58596021219818,47.494265437588666,36.8121290837796
92,62.23110050905623,60.737706340745454,58.083161488507805,47.80779008693092,63.63587033599949,47.52863781870239,36.99079564994105
93,62.2576993303654,60.7665577455436,58.105882607171765,47.83041101511198,63.66635084017746,47.56132879104932,37.196341271689825
94,62.28685875754946,60.791064893444855,58.1285686003294,47.863943056461515,63.69841215150761,47.598340509825626,37.43471058824586
95,62.31531276324171,60.81958503869752,58.14197723008525,47.8848332801425,63.73650220338407,47.641806884978905,37.62065947425639
96,62.34910087321423,60.84374740717023,58.157032719836806,47.90771782362515,63.77765442239064,47.679897930628755,37.848314156667016
97,62.37617474485656,60.86720507933913,58.18032528705861,47.926438394377286,63.8084878069323,47.70886130979529,38.10694359636236
98,62.400822838608235,60.88902688194222,58.196469363513316,47.945829101734496,63.83722924949073,47.74643648800622,38.264335713165686
99,62.42400593535724,60.90956482987183,58.210825555133475,47.960179274869255,63.863442726146445,47.77025232299202,38.3942491764491
100,62.45151661943547,60.92923725188679,58.22781564263575,47.9774260631584,63.894298798586426,47.7972976282222,38.57782433466704
101,62.47757057380432,60.95354251437587,58.24260458314623,47.99574786406617,63.92905717112405,47.83161398427148,38.73757789724722
102,62.5036612230667,60.96075622021041,58.2558744922048,48.011238618020165,63.95428457776035,47.85992715122192,38.91506568761222
103,62.52944833196731,60.98456283596533,58.273419185472875,48.0294929007538,63.989709062303625,47.88513611103227,39.070724819112634
104,62.55020259352525,61.008791372973825,58.290028649807944,48.043352557556915,64.01014616059894,47.93469788349055,39.197082078841476
105,62.588801001190575,61.03112657256816,58.30799308121238,48.06082483071538,64.04336939858723,47.96611202373856,39.34210049628655
106,62.61216928213088,61.053355220212815,58.32392515247613,48.07414292173933,64.06896521695924,47.98884052960517,39.4824876310313
107,62.6390131754609,61.07656896089196,58.34042388017156,48.093596737294824,64.09990649442156,48.025477166994456,39.607549130800706
108,62.66074699582867,61.094063337022156,58.3600010449468,48.108433642144874,64.12952432216764,48.254931712590874,39.74314135305021
109,62.68746351981092,61.11176640896518,58.37577703503503,48.12906541967367,64.15884591685595,48.32557090106113,39.873697604894595
110,62.706765453391775,61.133675074046366,58.391224273071664,48.14079010558252,64.19109906566827,48.47909672892238,39.994690802902134
111,62.72830986042695,61.156643756737274,58.411536196895185,48.156386052674065,64.21902721738287,48.52762412743401,40.11281679344135
112,62.74606214801931,61.17436591116729,58.425443793913445,48.16785180042527,64.25894138449283,48.56541061654114,40.24327068368077
113,62.76326368515199,61.19328167922329,58.44359384221725,48.18216050534951,64.29369002641963,48.60978272064943,40.37914223541697
114,62.78358322221141,61.21183335512001,58.464863004950644,48.19414910469364,64.3240960163493,48.63671213894939,40.50658202427551
115,62.8088523029403,61.2305672626073,58.480601862141036,48.20623740545171,64.36859023390272,48.79817829619848,40.58601374702705
116,62.833576002184635,61.2472883968253,58.491702441274384,48.217701022807546,64.39265860058104,48.83400663556525,40.69446288822766
117,62.85442131283507,61.2609142204511,58.507158836591486,48.22840508051565,64.41674420118412,48.895596860153354,40.823363252745544
118,62.87811477314287,61.28021576423281,58.524089498318176,48.239946244916005,64.44127476402228,48.92319274810065,40.93521031661248
119,62.89326995814842,61.297508575181226,58.54400815237481,48.250150536254154,64.46442985896044,48.9438932916748,41.052349670528976
120,62.912173691709704,61.31611821000422,58.56263847009253,48.25952585290514,64.48822130332547,48.97089668816647,41.18592216547238
121,62.93311052527651,61.340407751091185,58.5850727730737,48.26788114513474,64.51763970168899,48.98826687628566,41.30019518366613
122,62.95737850515975,61.35582746184183,58.59856577427456,48.27792940895428,64.54644300437812,49.01164224981761,41.41316440383453
123,62.97432230681051,61.37796239628553,58.615731686085326,48.28852622658566,64.5709719945633,49.0257260632178,41.48402039637695
124,62.99086661353436,61.396172703399984,58.63263834238266,48.2958019016179,64.59890599250048,49.04196824763873,41.55633182228418
125,63.00539589151203,61.410877897908165,58.65105508247175,48.3029480237529,64.61593796319534,49.05942243875017,41.62921190205508
126,63.0255155126938,61.42715266874716,58.66918898507297,48.310782313284896,64.62942539810501,49.08070700432899,41.69794648063457
127,63.040493625930175,61.433673395712994,58.681295250817136,48.31718355837415,64.65535885525794,49.101144168397965,41.76474717293462
128,63.05528544811296,61.450178618182825,58.69503698070514,48.45408786570676,64.67109994658497,49.11263880302006,41.829794127019696
129,63.07642141081671,61.4691827987101,58.70979749540807,48.46301276876444,64.69187107245003,49.12744423655759,41.874379325782535
130,63.09774436798411,61.48791376892594,58.72381207978514,48.475456731349105,64.71783293326756,49.14937794371491,41.93039706012839
131,63.11564698056071,61.50510555295347,58.73668852008035,48.48489382570349,64.7424067243329,49.16593295127348,41.979877062761446
132,63.13182371107913,61.522070074111035,58.754454881200665,48.51906456388402,64.75816880880843,49.28178765581189,42.04288967070502
133,63.14956916404736,61.5372747723111,58.76768411193377,48.568772391296825,64.78896894499059,49.37373110951613,42.103885547636466
134,63.17228716177379,61.55440330894108,58.784981242318764,48.57583224310433,64.80930544744436,49.399869651910706,42.15228426573475
135,63.190751772481605,61.56942496429121,58.79602488109293,48.589952298540034,64.83466724990407,49.41914137742676,42.200563733732956
136,63.20357941922361,61.58104668143311,58.80944004380903,48.597102411386295,64.86326436994159,49.43723837505222,42.24958160898468
137,63.225171394815774,61.60174553661684,58.823515417024005,48.60555652776095,64.88213647285787,49.44819546887266,42.30934897702909
138,63.24337556234304,61.61864265857648,58.842050703999135,48.613693640858784,64.90013830545126,49.46919889269329,42.361548972119635
139,63.26149300269704,61.639343574153315,58.854622823076284,48.62315545027481,64.92293264643584,49.4859630592861,42.399822072698235
140,63.27233042619789,61.65353523969469,58.871354754950985,48.634008725827876,64.94832190338035,49.51120703133432,42.443326458362854
141,63.28471853547229,61.66708463728207,58.88425970767229,48.642688198524546,64.96827351831975,49.525186494872784,42.480056571007445
142,63.30097656472303,61.682416910270454,58.896571010247676,48.652485142421014,64.98768299441782,49.54525388222349,42.5295787865646
143,63.323992970143564,61.695653556017184,58.90896693587436,48.66112060947781,65.00342185768775,49.557608500343825,42.565674455066834
144,63.338502402398014,61.708459773342526,58.92292986699529,48.66928599691102,65.02177725622431,49.57060171399781,42.60600971895641
145,63.35332890300215,61.72342298648014,58.93741794790529,48.67680488025282,65.04223696534736,49.58065691622488,42.64210171320435
146,63.371008516331706,61.73813971237584,58.95167075978244,48.685753339258845,65.06500473923916,49.59248772532664,42.667689936614956
147,63.38732275426583,61.75502355263347,58.96742508376369,48.692555352964106,65.0877735253063,49.60962571113459,42.75268858517458
148,63.40101072894006,61.76934341218296,58.977860601761236,48.69761712898586,65.11792470549833,49.642250512111055,42.77784841037859
149,63.41436947852122,61.783629985161234,58.99396500017203,48.70508966205124,65.13532133525737,49.65643109891694,42.80244926682303
150,63.43301994338806,61.79877511746069,59.00556430709399,48.71302477846462,65.16845251454507,49.666578499945224,42.85248746765741
151,63.44548055744347,61.813283288342014,59.02107944105322,48.720817960338486,65.19817751545528,49.67789905467612,42.879553546364086
152,63.46190880264279,61.828675840169325,59.03493368830372,48.72557204351595,65.21476501474348,49.6896049674684,42.94396918059267
153,63.476376314987185,61.83402901871203,59.048650298226654,48.73432704984517,65.24078628354393,49.69943463587674,42.98169522335603
154,63.49301034905807,61.84742213680966,59.05768480172734,48.741511447828074,65.25922828778303,49.70877338480393,43.00477964130545
155,63.50721633375239,61.86671214628425,59.0747662702834,48.746740358617814,65.2746685275815,49.72218189654631,43.03796375789035
156,63.517453978293645,61.87968179407443,59.08588481890787,48.75410382502849,65.29706299040939,49.737855573458205,43.06455174876428
157,63.530656829260494,61.89569828986298,59.09756544217911,48.75959161210866,65.32328677798101,49.750606885641076,43.0922652209172
158,63.545454554158255,61.916779864115604,59.10833463073416,48.76453723247701,65.34933635213049,49.7621329414704,43.11632921050749
159,63.55473773984552,61.93398225896183,59.12281020131297,48.769217635968744,65.36834005805692,49.77176928594522,43.147307899935655
160,63.57124794633424,61.95224758502722,59.134249793994144,48.77446835468782,65.3871565523396,49.78015574968344,43.19408100925852
161,63.58381076320174,61.96853937101815,59.14401888174313,48.77904997903852,65.40697750008073,49.79468325001637,43.228494867235874
162,63.59680569451481,61.99216603519697,59.15661039702237,48.78567855087196,65.42366131850784,49.803773343446686,43.51561929326743
163,63.60976080563972,62.009542507520564,59.17022825474822,48.792424794402166,65.44457370015785,49.98045167806229,43.531488276327764
164,63.62717079749308,62.020179016930086,59.183852084687125,48.796472981326005,65.46381085928044,50.04301094169848,43.55666735837976
165,63.64226649082047,62.033436214890656,59.22013603209146,48.80089009383224,65.47473603014328,50.06038290037641,43.572892925417875
166,63.65218096186807,62.04866840952173,59.24162603690636,48.80582015453728,65.4936188284471,50.08083018938406,43.60311661597836
167,63.668491124242784,62.06662722647498,59.337348851064306,48.81053759782643,65.5120524918718,50.088389001733255,43.6406118055427
168,63.6844408432562,62.08013456850943,59.643123658305605,48.813786170781675,65.53687003401896,50.098109012085104,43.66681941439165
169,63.6946767946885,62.09172710948443,59.74937341282072,48.816741132945836,65.55192901872351,50.110040826973886,43.692182844768425
170,63.70640051532329,62.1044988050571,59.7738303520052,48.82168916355806,65.57789495282258,50.115990980195555,43.71443509354111
171,63.72583082169394,62.116172779761094,59.78952431228255,48.82916530726782,65.59120551185447,50.12482969809744,43.74343040208385
172,63.74407399006581,62.13390975357147,59.80102446814492,48.83183706887811,65.607899571502,50.136844967026384,43.765496119026224
173,63.75704715914766,62.14995104873752,59.81521389588884,48.84271385007824,65.62197102404998,50.15130770036315,43.79371145521159
174,63.768539927606824,62.16086877212973,59.825927661122726,48.845732225739916,65.63858714808693,50.15799180218241,43.8212421156507
175,63.77698823528557,62.179539459740816,59.850624710722236,48.84944689829866,65.65353070441644,50.169867113785514,43.85010344720415
176,63.78705399774262,62.1914134865544,59.86917410903174,48.85604409432774,65.66988819186689,50.178336526911984,43.870293771218044
177,63.797398668136594,62.20443346638519,59.88699412662884,48.85963817562708,65.69089623908654,50.18826624928753,43.89578556774745
178,63.811095275825295,62.213602574565066,60.13167834252992,48.88759481164928,65.7041160447558,50.196654367604374,43.90992701410213
179,63.82181259293127,62.22495903933387,60.145512366580775,48.96108677751875,65.72719571242975,50.208870618971844,43.94026621494229
180,63.83223565278489,62.244233893905744,60.18324114923131,48.96670933556914,65.75324390755428,50.44389976853566,43.98131081125092
181,63.84411302291527,62.260531185588505,60.20241325578263,48.973437617867525,65.77403470694341,50.45172678859966,44.00091574368049
182,63.85606814421011,62.27446892529402,60.220449002307895,48.97994870363902,65.78532744707948,50.46478756054968,44.017547610047366
183,63.86423286115151,62.287095184713436,60.25413616492409,49.10168569790129,65.80306009110991,50.47541424723405,44.05152945522633
184,63.88133162483545,62.30161063085795,60.2665583511209,49.10879442178332,65.82592792647016,50.4854519330914,44.07035562630869
185,63.89408542615287,62.31685747095405,60.292747344420206,49.11755895631326,65.84229467247565,50.493228458579665,44.103264632041984
186,63.90477396038317,62.33247827869106,60.3089220360321,49.12197438482499,65.86725422782169,50.50321675844045,44.138293136846215
187,63.915626348203716,62.34482080614542,60.32390768416032,49.12695168836599,65.88883318245628,50.51037545837937,44.1588397674714
188,63.9292956787889,62.363443229401014,60.342412204028264,49.13325191032677,65.90001344923033,50.51951995432285,44.18314585124761
189,63.94752375742742,62.37689290190184,60.35424313158566,49.13660469482558,65.91682630960234,50.53038473863105,44.1995727757873
190,63.95996098565331,62.39123646561109,60.367609783357345,49.141173052912904,65.94045491838544,50.53858921671986,44.218108604154466
191,63.97576913391014,62.40711839459488,60.55269118983556,49.14531558255534,65.9546985019464,50.54516284186465,44.250362781647425
192,63.99132408983842,62.4192010008781,60.64896166273612,49.14852977188981,65.96870343844293,50.55463774944599,44.27085276759836
193,64.00189856710684,62.43697407409088,60.741595443016784,49.15290018218887,65.98897095470541,50.566503752189554,44.30140948185215
194,64.01345935815165,62.45523764859537,60.76107540105321,49.157286723466974,66.01117603600402,50.57387487698893,44.32074833169769
195,64.02700246488898,62.47108770602507,60.77497090699258,49.1621189814422,66.02386747758081,50.58146171553691,44.35873939854459
196,64.03740878843664,62.48689427103433,60.790458104034194,49.16708535984652,66.05112420631656,50.588598128291316,44.36575235909199
197,64.05364832774173,62.503354353941695,60.80717382534673,49.171480466832755,66.07602447652495,50.59791312774603,44.4459324618344
198,64.07149502735462,62.515627233872316,60.82705931023514,49.174217066043745,66.1021403794212,50.604426610513606,44.50743059880842
199,64.0820483784858,62.53115148922668,60.83782817403778,49.178773146972276,66.12217068712094,50.614173987176216,44.52670593975383
200,64.09117036035579,62.550822187280005,60.85311488964359,49.18114455318407,66.14353662857982,50.620760830115074,44.55677551435749
201,64.1004532504588,62.56546986297429,60.86612001845278,49.184340636409786,66.15822796910557,50.627183832915115,44.586624982093696
202,64.11286330281169,62.58323379078789,60.87776921409416,49.187278337994314,66.17971185882712,50.63396979683401,44.61273230960806
203,64.12595860816229,62.59205018545857,60.90046357167866,49.190021557924794,66.19688724854949,50.64147408409677,44.62189294466168
204,64.13739943935616,62.59832638984153,60.90887846502109,49.193236964147125,66.20645446831203,50.64980373497644,44.6322644571847
205,64.15216179071794,62.61673970673512,60.92699029259834,49.19644315275313,66.21999093029645,50.656642798540666,44.643177715658524
206,64.15957733600689,62.628887951551405,60.944167818893,49.20117864873345,66.23639076371035,50.66367286212957,44.66963221723537
207,64.17143040251712,62.643158893509195,60.95822724301366,49.203416619285804,66.25451691522295,50.66887821792226,44.704744029449074
208,64.18348215224965,62.65849471441419,60.96912054177422,49.205154051885444,66.27400612313292,50.67598062699378,44.7215151563445
209,64.20327244450458,62.672520477652895,60.98084071177038,49.20969343236864,66.29083408490119,50.680161809473056,44.742135965459006
210,64.21491904935482,62.68774664875213,60.99221453165858,49.21440290854437,66.30253264150116,50.68491777798471,44.76499123692527
211,64.22514679550353,62.701656481642985,61.00964017768097,49.220396407820594,66.31908597327185,50.69095982348759,44.77239773066415
212,64.24144302736924,62.71538557925408,61.02666186881911,49.22249672039831,66.33070080458457,50.69769964643866,44.78625863027897
213,64.25438815623623,62.73048101200938,61.04173012551405,49.22622338421063,66.34412978671678,50.702387829328224,44.81042071434197
214,64.27038926244904,62.74780456109036,61.055835564940864,49.228556738566134,66.35778468547691,50.7088937039508,44.84954587502529
215,64.28088125377788,62.7557786476024,61.07136357946764,49.23250301897604,66.3764616611222,50.71563743218758,44.901208795743706
216,64.29154640211286,62.77312815284197,61.08578162239382,49.23609167708309,66.39777205227468,50.72208930079435,44.9366774710369
217,64.30422122465477,62.78309731186022,61.10313480232827,49.24293181928249,66.42285596813612,50.73310629141914,45.061808572120135
218,64.32188405813562,62.80181696986622,61.11606900787721,49.24650486917457,66.43668298719173,50.73889484050802,45.104172538162686
219,64.3329068586204,62.816683836968934,61.131946520364,49.250238109152555,66.45046607621319,50.74467343338964,45.12818811115521
220,64.34650631666696,62.84010463915205,61.144318336936834,49.25340615571932,66.47073474290004,50.75056497487548,45.18031674219698
221,64.35821654253391,62.85038173216863,61.15363266309607,49.25626086638515,66.48570472469284,50.75494303796903,45.19212084892855
222,64.36888721665086,62.86729802408011,61.172618032465095,49.259706725905296,66.49514396658364,50.75936875757216,45.215049045265985
223,64.38385353454743,62.886283313256605,61.19005750866723,49.26353562821715,66.51776729700418,50.76754066375532,45.2254582103511
224,64.39736935643741,62.899070267936565,61.20456863307807,49.267591975942196,66.532134277845,50.861159874727214,45.27325187754314
225,64.4119188157226,62.90925590853408,61.21615737511751,49.27201475651699,66.54930380447216,50.905774963613695,45.306331542711234
226,64.43002204955533,62.91951916412818,61.23382018044068,49.2755557595001,66.56545604677697,51.123576168511164,45.32003920241283
227,64.4395309493591,62.93979922407209,61.246164425752895,49.27756080647707,66.5826104605072,51.151121935515796,45.343893706550396
228,64.45017775255326,62.95118602161448,61.26193523044318,49.28019917494721,66.59373780777528,51.18749876157299,45.36913810183773
229,64.4641186269737,62.95780558632852,61.27476329941579,49.283222354282266,66.61080451673173,51.200654391150145,45.38323070047547
230,64.47132822822479,62.96745447558567,61.32039152211165,49.28580697449999,66.61970199258948,51.20892464451528,45.39615991643534
231,64.48654144630557,62.97911099322183,61.42380747771787,49.28818569391771,66.63140794088632,51.21833620364784,45.413886811190196
232,64.49928213812353,62.99296320870397,61.44569751046451,49.29038264821479,66.64435238479516,51.22890210802867,45.42621366618203
233,64.51411772777611,63.007916305309905,61.558231025211484,49.29380859908248,66.65622640635115,51.23502812466067,45.43969346591188
234,64.53074241499577,63.01869825655856,61.586796814903046,49.29737129606748,66.66821366987898,51.24647394229972,45.4550874577055
235,64.54214714885717,63.03403848693417,61.60116060899304,49.3008430798576,66.6854139033833,51.25281876805992,45.46822710508686
236,64.55592869804295,63.04781128543867,61.60872685445627,49.303794407624935,66.69712290714058,51.25993237766182,45.47736698500025
237,64.57256650658178,63.06033028390697,61.620995686855586,49.30660874484,66.71781925276363,51.26611957642626,45.483668818853154
238,64.58233161267965,63.08074669326271,61.63571920966754,49.30829090641802,66.7392397972225,51.27766414749521,45.49685244914212
239,64.59809827914405,63.09809098403855,61.65064503619669,49.309584032429335,66.75262730767982,51.2839674427199,45.502590038722076
240,64.60912301339313,63.111654875699074,61.668427718416964,49.311913105960784,66.76250456177134,51.29164850700311,45.5145024925519
241,64.62052430322532,63.128818254620676,61.68767090164171,49.31424347181827,66.77698545596043,51.302507535644324,45.52861291452393
242,64.63255712861326,63.14087198118996,61.70192428099348,49.31659318202409,66.78942810495687,51.431154727128614,45.53827656597028
243,64.64547229004172,63.16165317679933,61.723720783141324,49.31873997940638,66.80661065752162,51.444848473339334,45.545402090006306
244,64.65463536315455,63.17758257820507,61.737337497702946,49.414589030456945,66.81524454128723,51.455249939502664,45.558055043165965
245,64.66625621534467,63.19323128005328,61.75526834439376,49.42325373299227,66.8306417857565,51.47294121782714,45.56697671008176
246,64.67606252411777,63.20476047483628,61.76939639469764,49.42686073437414,66.84311971552731,51.539940666637875,45.576879608575055
247,64.6930980809113,63.22405176039989,61.78127365230656,49.49438254037952,66.8618049649773,51.574924583878875,45.58356117549171
248,64.70532951449937,63.23383941438385,61.79989260988714,49.5121862051401,66.87305548290973,51.601058024510884,45.59479172457723
249,64.71708511172986,63.245126586045245,61.81617092848802,49.59518386348806,66.88388119018407,51.61290383603395,45.598823515025046
250,64.72946579072168,63.25828178796872,61.83498136822667,49.665144574360674,66.89517809152845,51.620487125789275,45.60548188617618
251,64.74245893711773,63.267310200944635,61.84610066171498,49.66756501696704,66.91198815056491,51.64338419619317,45.61413738775484
252,64.75832372943275,63.283125186233654,61.86547924308311,49.739024064815716,66.92467376183545,51.649864020934785,45.6225836057671
253,64.76884876859124,63.306606752017416,61.879296924476066,49.741348499136116,66.95173397362439,51.65926137428449,45.63218892392629
254,64.77727360926501,63.32199753328456,61.89817707533338,49.74404352591412,66.96290647156907,51.664516924687085,45.70343794767006
255,64.78771601721043,63.328095943570915,61.91248958580739,49.76562337411704,66.97920820558004,51.69229402810514,45.714558847275036
256,64.79643824100602,63.33994438355525,61.9247316985639,49.76902674117987,67.00105763298758,51.703162094984734,45.7234905417866
257,64.80746155503495,63.35262137877423,61.9350503514139,49.77489270357522,67.01522531716539,51.70738388347916,45.76576976674419
258,64.81637507318447,63.368826379847974,61.94794363483071,49.77941677869071,67.02972927398355,51.71410671558536,45.785355416603
259,64.82914938899712,63.38221314932504,61.96694136246722,49.782690336223396,67.04319004596923,51.71941252568902,45.874171042733174
260,64.83747182910376,63.39458498437177,61.97710179255102,49.78592848186958,67.0544533899656,51.725683016819865,45.898252558975415
261,64.85077744620008,63.40753345636754,61.99570236604076,49.78966988005701,67.07373700560059,51.730271861921764,45.90662108106632
262,64.86116787323272,63.42348778258602,62.00811191756288,49.79566616950133,67.09020188416557,51.7360979246951,45.91959237490196
263,64.86860366148845,63.438897468991065,62.02223552235615,49.79754099148487,67.11620348476099,51.74100179344381,45.92458081205669
264,64.8798590177753,63.44931526655371,62.03705222388105,49.800117764982204,67.12763264547344,51.75316075964219,45.93604903707338
265,64.88911861401671,63.459319081650676,62.05075542331605,49.80404604508269,67.13810064149685,51.75789603324553,45.940213426595875
266,64.90061851161883,63.4715313636167,62.06155505681099,49.806989070054875,67.15560024781145,51.76294823558037,45.95964194797121
267,64.90790361525617,63.487811566513095,62.0787947538108,49.80967172841249,67.16881393000682,51.770361166221065,45.97075904384043
268,64.92031395740734,63.50005599955604,62.09228908691835,49.81218394967592,67.1864549850354,51.77699432486622,45.97809082861485
269,64.93113161716995,63.511482210303825,62.110401292768344,49.81396300817429,67.20291737548935,51.783033897360944,45.98642994092106
270,64.94310208432061,63.523380774317,62.121045676062344,49.81654477284267,67.2163872435573,51.78880332085332,45.993133237958354
271,64.9559806208916,63.53498509514727,62.13762213863575,49.82352401721032,67.22963274551786,51.794475147459195,46.1764381581958
272,64.96527833179184,63.548527314169846,62.14804213571491,49.826789974516984,67.24149208245521,51.79997386887989,46.21348017245613
273,64.97533521330556,63.562207613918844,62.16564205510316,49.98515417539429,67.24873220734081,51.805649542612784,46.232123307437234
274,64.98686518110513,63.574658513957,62.17558852247409,50.09298675291729,67.27788333618757,51.813107643463496,46.245435883204784
275,65.00026260313388,63.59651335329084,62.18495644812529,50.09648514863056,67.29730552728465,51.81741835175551,46.25653263058367
276,65.00891388036125,63.61079836915812,62.20014413585122,50.101337996755646,67.3131529322168,51.82356205525054,46.265881201056295
277,65.02205840132474,63.627716609512,62.211459287012325,50.10395952527246,67.32758108996958,51.837843058469524,46.27718625113447
278,65.03117670473841,63.63607198154547,62.21983751212037,50.11147327735398,67.33704915542995,51.8867826870946,46.28521365542305
279,65.04114938321044,63.654944546775575,62.230501981178534,50.11620957030781,67.34663224115997,51.91740518037757,46.291956726129776
280,65.05215850404781,63.66244427914503,62.24213045975213,50.12438872515597,67.36095180621392,51.95251270260693,46.306602200929156
281,65.0685701344265,63.675613507711034,62.25321076464433,50.12667890398637,67.37434087750262,51.968554815613075,46.30267532536268
282,65.07908130828262,63.68790291100629,62.264501199195486,50.12896453342691,67.3843068108056,51.985722688567094,46.309200080612825
283,65.08995414190184,63.70419567393725,62.27376421661782,50.13219300773364,67.39805388326938,52.05378658785015,46.32152435238605
284,65.09967503083799,63.71550468421046,62.28447614613811,50.137011795002664,67.41757678246368,52.061050105519016,46.32789387591203
285,65.11079956979803,63.72673730349412,62.30273857233468,50.14070981063972,67.4312634326799,52.07206017179599,46.336089591589825
286,65.1237312962517,63.74252373168133,62.31068152604372,50.14361272627439,67.44457748483659,52.0776387283293,46.3430761998921
287,65.13425891319281,63.753698363135726,62.31818090581469,50.145374935923535,67.45468916164515,52.08208156813422,46.35466188023969
288,65.15459286866191,63.76317370598264,62.33270243177482,50.14757549785306,67.46212793528419,52.08619635870277,46.362770891781196
289,65.16233280445381,63.776270501764884,62.34426036972711,50.151320119168815,67.47482109413698,52.09253496794927,46.373123036640656
290,65.17594413435226,63.78898347434625,62.35618432210999,50.16838395013477,67.49181914793463,52.1059604164488,46.38249515479336
291,65.18506373223099,63.80179219217875,62.36411328361188,50.280713829237115,67.50927518993484,52.11048720184116,46.394633486730285
292,65.20021304284636,63.811397472322575,62.37740174180759,50.28514085247902,67.52197516368436,52.12522039981815,46.405115264972814
293,65.20698890395815,63.83094579108963,62.38870052481095,50.28832400163421,67.53366773740973,52.13132005906458,46.41174286055331
294,65.2170671552033,63.84554055751046,62.397560855617115,50.408748506200126,67.54349102306197,52.14640808970109,46.42199289861461
295,65.22886936924067,63.85610580811236,62.40502850071166,50.4617046488499,67.55647585852952,52.16190655487761,46.43081824596916
296,65.24986825320089,63.868468625975325,62.424087933213976,50.50591476389676,67.56784812928396,52.168896095024174,46.43972879059686
297,65.26357590640171,63.87837250694906,62.4359075281204,50.556594281429966,67.5831530902292,52.17412209025289,46.448011389254155
298,65.27488975242923,63.88954443896897,62.449289562878654,50.55931604505114,67.60091416799798,52.18172048444718,46.46306591211688
299,65.29485713442232,63.902184105320735,62.46106973381621,50.562773885022175,67.60975175686524,52.18701504988621,46.46919675933424
300,65.30764504280268,63.9156247313711,62.47068452476409,50.56992492632494,67.6215764285804,52.19259315322715,46.477372250523544
301,65.46094993307783,63.925413294176906,62.482706408580455,50.588101373140404,67.6392445701183,52.19899285522004,46.48642728843607
302,65.53222829573426,63.939372226074795,62.49119729918081,50.59061503016989,67.65482193167074,52.205242365094115,46.49297906672108
303,65.54025375993633,63.952737910558646,62.49922191970923,50.835201840849024,67.66888715928368,52.20862609208831,46.49915586524521
304,65.55221845018795,63.96809048124861,62.50551938450465,50.884237965993876,67.67867782419118,52.21209985748867,46.54440029521326
305,65.564047663711,63.9751477026833,62.52141661833526,50.8952629412359,67.68895651711316,52.21584027034788,46.71519603939317
306,65.578004110038,63.980105727932035,62.52710044391458,51.130067373595,67.70393300501948,52.21962306761072,46.7213517979189
307,65.59187673270998,63.98962141786003,62.537851580235504,51.13437648665715,67.71881336698875,52.22612014180582,46.7475556787509
308,65.60687664273082,64.00252896418064,62.546394719074925,51.17290301978428,67.741086658837,52.230805693717855,46.7576363027243
309,65.61937666676153,64.01820348682821,62.560011300356535,51.241493709009745,67.7512176045865,52.23670086469095,46.76599433777591
310,65.64123349220432,64.02885347317448,62.57334348889722,51.25895104687185,67.76061681958457,52.24130660209473,46.77508968798243
311,65.65984849679899,64.04039516458832,62.58340868006647,51.265882217535044,67.77656173711564,52.24876911763858,46.802306972979025
312,65.67408622515256,64.0521777048779,62.61496898675462,51.27541868475324,67.7885807971028,52.25545187818229,46.81290610898164
313,65.68550198908527,64.06433175635875,62.62555512091037,51.27989463124558,67.79868311529628,52.26062594815946,46.82375362582781
314,65.6951263743492,64.07244193070724,62.638175676393516,51.285639713255634,67.80949638919843,52.264607035409014,46.83787947520053
315,65.70623084209343,64.0831763647135,62.65425553231923,51.28780098764235,67.81746212455454,52.27204934249864,46.84925946898357
316,65.72009146154932,64.09607372948219,62.66887317990838,51.295481713338745,67.83190176357998,52.27701799973645,46.85693853906955
317,65.73138389697098,64.10630629355369,62.679269979737285,51.29799256292941,67.8415981201038,52.28173306831378,46.86733518948864
318,65.74136657189592,64.11280781837303,62.68902478954801,51.30229243815487,67.8554759116606,52.286147261118174,46.877390051112904
319,65.74937372213705,64.12369235739702,62.696569038550834,51.30412241268487,67.87366734563716,52.290665605863666,46.88157397885767
320,65.76675894277662,64.14202226852744,62.706259194012596,51.30723719154031,67.88464279951226,52.29575320784123,46.88821568071576
321,65.77930812499193,64.15502077697309,62.71888517208743,51.31697692133116,67.89478757195823,52.300762863763296,46.89797725007047
322,65.78769880534168,64.16266890782954,62.73259732085235,51.320198265121455,67.90682502233126,52.30502811344556,46.90348495913363
323,65.79852837556143,64.17291190912847,62.743511272177614,51.32257058953847,67.91541259858364,52.44300579026457,46.91100363528426
324,65.81072760276854,64.18514813571824,62.75556782702307,51.3247304635263,67.92650790751055,52.44856077658583,46.91918185710596
325,65.82387504706927,64.2030322069764,62.7670734835996,51.32821647020977,67.93524564774216,52.535592225054714,46.9330917124686
326,65.83222705265703,64.22420424315118,62.779066309528375,51.33110462432195,67.94519429612603,52.55329289968236,46.940838059602875
327,65.83846098484993,64.23544744074663,62.78754168649729,51.33343728182804,67.95652704980971,52.56077264893434,46.955327237894984
328,65.84492188597778,64.24556239047682,62.795281792473176,51.33583864260364,67.96948345231742,52.57005253493274,46.964858585274406
329,65.85548453125338,64.26009737767784,62.80323292648541,51.33840160363614,67.98560165494642,52.57443253460159,46.97314504667961
330,65.86204848250962,64.27182975663703,62.81132326657837,51.33940077604415,67.99730498800326,52.5794954321118,46.98002487806982
331,65.8686480624428,64.27646370700782,62.824371106899065,51.34184093047466,68.00821311697231,52.58698886946866,46.99075718442252
332,65.8814924507668,64.2911499398323,62.83988066443986,51.344882560345184,68.02355656109641,52.59374214358028,46.994490543496255
333,65.88996698096699,64.29856356424719,62.850600993196,51.34630924638023,68.03797405324283,52.59905440550625,47.002199753729116
334,65.89947015747204,64.30837854216507,62.86458254383129,51.349450369115104,68.04900666441185,52.604695018603984,47.02411584893843
335,65.91092428836173,64.32267039971987,62.87124222528958,51.35309470803931,68.06321561159348,52.61140592492865,47.05005187494827
336,65.92201799797368,64.33306865047153,62.885184077009136,51.355124435128054,68.07327401436646,52.616959927688164,47.07587312224633
337,65.9345773471763,64.34276893424497,62.89543707426062,51.35938458656597,68.0820963370529,52.62253341340685,47.084538239100866
338,65.94216754091121,64.35192280536394,62.9024172856369,51.362224718673886,68.09292544536791,52.62565146856233,47.09068981779637
339,65.95120979202778,64.36101229052743,62.9129326963936,51.36582838245772,68.10408959370821,52.63058491836171,47.10368818185276
340,65.95744037570331,64.3694458027179,62.92621951845094,51.368581788400306,68.11748395338651,52.63707793887836,47.11965721038899
341,65.96440024012107,64.37799962040638,62.93758298172422,51.371215961832675,68.13153095735223,52.63987104968248,47.144567568202326
342,65.9725215836314,64.38606779557776,62.94809594220243,51.37300809203512,68.14134320030557,52.64431399470262,47.14785388991775
343,65.98264900035481,64.39498827615306,62.9569978509939,51.375631727714556,68.14861034725978,52.64959895083767,47.181250043422324
344,65.99046850896352,64.40367604523342,62.973020895983126,51.37875775794729,68.16515765685371,52.653218414377726,47.19250833529609
345,65.99941184263525,64.4128740899697,62.987861091350396,51.38099301549053,68.1794768601477,52.66749045783278,47.20580019175934
346,66.01321625515104,64.4249706415248,62.99600135797736,51.384283586596666,68.18624525403261,52.67242785843593,47.22501636872184
347,66.02217459704136,64.42967786304328,63.006814840605394,51.3881781870769,68.19765538606802,52.6776495189563,47.23405266636843
348,66.03252979934375,64.43976892875628,63.013981699926056,51.3906556184306,68.21595928190388,52.68145625779951,47.25642801841673
349,66.04407612962557,64.44977362696365,63.02329295777888,51.39393266571177,68.2229706296937,52.68802709821458,47.26892038968847
350,66.05493843945234,64.4605190569149,63.02942719380569,51.396072029539496,68.23143521339746,52.69300318029133,47.287253142125124
351,66.06378060634891,64.46458518544794,63.040775311166456,51.40000341604624,68.25133574674682,52.699581876055376,47.29968303362052
352,66.0751299369873,64.47307778120664,63.05660157326235,51.4017809051604,68.26137754894094,52.703760389205726,47.32348188467217
353,66.08314889047458,64.4839876059492,63.06742252748819,51.403934039356955,68.27351858662821,52.70759242073634,47.34331959084769
354,66.08968135936284,64.49525502969637,63.07460107577455,51.40689927052796,68.28671447768441,52.71158303475731,47.35515323595792
355,66.0967201436283,64.50310433277454,63.081081817152004,51.40897518139707,68.29899272344072,52.717026969459766,47.36885900497614
356,66.10627030865562,64.51576078927117,63.088774792787504,51.410533662680045,68.30679468932587,52.72102115486845,47.388714919480734
357,66.11287270006602,64.5185861876052,63.095462779743826,51.41280067023835,68.31326272091934,52.72360663313287,47.401420046393525
358,66.11782627032429,64.52943170651656,63.10717212091554,51.41394468815116,68.32695732233734,52.72735464630478,47.41084792237562
359,66.12613912912579,64.53973404213444,63.11706740136175,51.417988405127744,68.3444207217605,52.73310722496872,47.43239818960308
360,66.13355941214577,64.54826929852781,63.12632228186929,51.42119478515619,68.35858172570198,52.736028191212284,47.44772725798407
361,66.13886224088189,64.55649255221955,63.13619471740098,51.42289505865338,68.36605695727216,52.73984912510451,47.459893472668256
362,66.1438004597958,64.56463877422591,63.14232597267526,51.42489661855003,68.3784760668633,52.74337539901731,47.46867529166453
363,66.1523363061569,64.57462082831827,63.15478550745867,51.42644068118781,68.38458503498208,52.74813806981854,47.47934918896693
364,66.16021968902751,64.5828377374082,63.16358370541653,51.42840364883583,68.39472885627865,52.75128540981564,47.49464331202829
365,66.1633496802177,64.59369335409839,63.17307494557952,51.430595775488584,68.40774128063964,52.75675415833972,47.50849855332275
366,66.17141303948975,64.60237758618022,63.18239392592616,51.43292543988348,68.41762031459349,52.760920397906155,47.52135156927208
367,66.18179350285669,64.60867582794147,63.188942500916426,51.43510373551942,68.42691056234548,52.765124243165786,47.53527886959494
368,66.18849448871043,64.62159753594062,63.1986023766437,51.43685591564019,68.43636286214576,52.76789431912383,47.54265203379029
369,66.1940104974332,64.63370582262358,63.20898319179346,51.43832655397023,68.44689662333634,52.77504641027679,47.55414639744645
370,66.20588848538694,64.64515439490172,63.219974201488036,51.440088727059354,68.4589300254237,52.77886270971812,47.56474210459314
371,66.22155886388948,64.6541020181302,63.22963304341083,51.44219296355498,68.46673409884625,52.78319434163834,47.577009064951916
372,66.23264767465173,64.66163553900867,63.24136872973821,51.44422403478403,68.47522123590907,52.78756631296253,47.58663490398924
373,66.24297964525616,64.67049860510207,63.252475046855224,51.4454292930002,68.4841747955812,52.79209400749348,47.597070660721194
374,66.24996218793113,64.68150961596974,63.26371298724814,51.44815728312132,68.49309113685993,52.79502367319581,47.61104875620787
375,66.25919775060787,64.69172297356633,63.27216146499842,51.55147029963207,68.50496582109295,52.79881721050494,47.62114734197962
376,66.2683896238174,64.70365597846727,63.281641747138586,51.64752800002642,68.51614048460935,52.80352886710642,47.63038678736035
377,66.27901514230385,64.7111791911351,63.29240215636458,51.64963011972306,68.52853354588707,52.80801973800294,47.63797179450569
378,66.28878938217346,64.72011523761572,63.30102672659965,51.65187082418377,68.54760205601083,52.81241190052944,47.64689138980885
379,66.29728897712455,64.73388954288117,63.314173858303455,51.65340025322421,68.56442046901239,52.81653089336547,47.65738327566711
380,66.30653929617915,64.74260055435393,63.3201959464473,51.656113952736774,68.57413481469109,52.821420982021664,47.6677974013292
381,66.31231242673428,64.75298582794511,63.330453645608166,51.667391739424,68.58299602839733,52.82480049114632,47.678149018392716
382,66.31981935556426,64.75882053314754,63.34666045878872,51.67049119658769,68.59599998306949,52.82706587543876,47.688044505803084
383,66.33202528656521,64.76891398372626,63.35656727258097,51.67431086901338,68.6041426890828,52.82986663164759,47.701405022771205
384,66.34218021065676,64.77815729994927,63.36611121037387,51.675155277711525,68.61243645730175,52.83601796039466,47.71410556360453
385,66.35318023518816,64.78458637384261,63.37786541309464,51.68352847043185,68.61914353507315,52.83904929094877,47.72171529080767
386,66.3575635449014,64.79217429961356,63.38999585576261,51.685512978260704,68.62858449463717,52.84284958660166,47.73165192578095
387,66.37664845784587,64.80052171081817,63.39668709649665,51.69673547628314,68.63490043167617,52.84781967338106,47.73878063455764
388,66.38422699433727,64.80911358951181,63.40385712453481,51.700700523770784,68.64497549329337,52.85218311066961,47.74843778942156
389,66.39414254681968,64.81801139677779,63.41541966887154,51.70209663671687,68.65185702725687,52.85582983153348,47.76171331439151
390,66.40369572264764,64.82407230254762,63.42607335398313,51.703717531044155,68.66322642476264,52.859923588583754,47.77489184037776
391,66.40921053693272,64.83308967835288,63.42860367684558,51.706219601057576,68.67042640220468,52.864159061414654,47.791048729287304
392,66.42139549372993,64.8442136458008,63.435349769406415,51.709879985911265,68.6762572472815,52.913365312947704,47.80029797363939
393,66.42966632076381,64.85578778482443,63.446643621525254,51.71235211932299,68.6849579750508,52.92498416611466,47.812156931014606
394,66.43646151426698,64.86680495344599,63.4600416532666,51.714813449099374,68.6925322116146,52.996225365175185,47.82090737534641
395,66.44298500549141,64.87584156797618,63.46945681117373,51.71686477682581,68.70019044814795,53.13152165455086,47.828310504103435
396,66.45068829924737,64.8816671162849,63.47551945818891,51.7196362849121,68.7090910970292,53.238435560003694,47.83924148145458
397,66.4571683919493,64.8895713390785,63.48114531947817,51.72347752261373,68.71718850787327,53.250458417441884,47.84797080644109
398,66.46676295322312,64.89920594324586,63.49194833799101,51.72543754863824,68.72400534465878,53.267916614909275,47.85913647659699
399,66.47431313936094,64.91317663952913,63.4990289063455,51.72849079614848,68.72997652388517,53.27549883019923,47.870854235729695
400,66.48025192743837,64.92655641698389,63.50952950594696,51.73174384812489,68.7378356550654,53.283588698672645,47.878751193716795
401,66.48782996728747,64.93382902750166,63.51560116776329,51.733168689447126,68.74387383003946,53.28788054950904,47.89085231667618
402,66.49137942476594,64.94663181445664,63.52590480345929,51.73409603616638,68.75876562592862,53.29194849633389,47.89851012213796
403,66.50000398654745,64.95499906480204,63.53641845226699,51.73721821958486,68.7683337393182,53.301740847992875,47.91014081581948
404,66.50874597484435,64.96586851672254,63.544088793325336,51.7391191883879,68.77236438966352,53.307687694590186,47.91882918344475
405,66.52040889884414,64.97615300597057,63.551300062333006,51.740865963400964,68.78289930702182,53.313152890734614,47.91865595153708
406,66.53253259033963,64.98256883930394,63.55929633759161,51.742951622638614,68.79059289885872,53.319584534346156,47.93261069535408
407,66.5420921278767,64.99164966677272,63.570275610123495,51.747355998411926,68.79944292086697,53.327049942976345,47.943050169561694
408,66.54981492116353,64.99363204769752,63.57941313723601,51.74909606149254,68.80572194978485,53.331034388925545,47.96893312064804
409,66.55664900552563,64.99865790968936,63.584075040826725,51.75191230720635,68.81432851448525,53.33472125535834,47.982673701445755
410,66.57322263440564,65.00814793704238,63.59281218475513,51.90848235188032,68.82180981928866,53.33982615104911,47.992238784945044
411,66.58293706693266,65.01643379342093,63.600328251100535,51.92403638795609,68.83122575688834,53.34388581719606,48.00479365435801
412,66.59377194449365,65.02309432677282,63.60637807353413,51.94547225167157,68.84383032769625,53.349166059620664,48.01616939940398
413,66.60207899462783,65.028693225065,63.615123763765105,51.97274580551778,68.84707078324982,53.354066517738715,48.029608538891516
414,66.61416680026795,65.03377388209712,63.62716028498654,51.97449051233156,68.85708268948505,53.359656192559825,48.03757128887707
415,66.62085286623396,65.04116358335172,63.637184687869066,51.977420276264766,68.86118065280948,53.36436217947569,48.05064900650794
416,66.63418147390226,65.04970823517183,63.644029664618195,51.97856447044277,68.86856829080988,53.367386847097634,48.05723806608291
417,66.64281198949598,65.05798353121288,63.6543466151132,51.9802783484192,68.88485392671478,53.37188528947181,48.065568325875354
418,66.65034404977189,65.06382052346687,63.66544766692424,51.98183818467144,68.89289907114618,53.37754586461995,48.076222039290045
419,66.65653312399269,65.06940261293622,63.67482922784142,51.98461595561101,68.90164548234266,53.382352066123914,48.08910002324549
420,66.6621896491132,65.080739025065,63.68871432676433,51.98652232259751,68.90929462230214,53.38648207028459,48.27741167818784
421,66.67089149974254,65.09471733087294,63.69817082793142,51.98948500239209,68.91697575526086,53.39078556582788,48.28005628280171
422,66.68134290157906,65.10357053510769,63.703089987745756,51.99033403985241,68.9229145472639,53.39482161597346,48.28817190793083
423,66.69093204322019,65.11191965867437,63.71205399457223,51.993179611122095,68.93305938774074,53.3983054501264,48.31606580200552
424,66.69803653745493,65.12179042601444,63.72216431550753,51.997335621125316,68.94746234282212,53.402496883586636,48.332945287186305
425,66.70500835562206,65.12861118702847,63.73306556639912,52.0071581939619,68.9543688136771,53.405948065409284,48.34267704446217
426,66.70892692301422,65.1346239510981,63.74140617454118,52.008739676361316,68.96102763533817,53.411271385299074,48.354553115299545
427,66.71563532864272,65.1431324138875,63.75065914715308,52.010295804662334,68.9716348235997,53.41622534476094,48.36787398119018
428,66.72545451745411,65.15296482271782,63.759883221886035,52.01305167116872,68.97782595156816,53.421188157824254,48.381910513924026
429,66.73749218118094,65.164385716433,63.770457995313535,52.01540046592731,68.9896040880544,53.42409618270709,48.38967158253413
430,66.7463045217704,65.1677494576617,63.77664263695524,52.01739415527476,68.99897627862826,53.428171083043054,48.39853335697996
431,66.7538122451423,65.17734954342477,63.78255231388831,52.01910772417268,69.00846793359266,53.432027816478254,48.405941542199294
432,66.76247429604952,65.18773956606292,63.789494004644,52.02181912426692,69.01968400825716,53.43524645531497,48.4137261976984
433,66.7695240467239,65.1929584366375,63.800003525115535,52.02649694230374,69.02826573806432,53.440007884466546,48.42228961972096
434,66.77486369843578,65.200104135448,63.810052379346295,52.0290935875188,69.03677819961469,53.443648454598026,48.42927518636877
435,66.7825440940858,65.2117305851049,63.81726176661392,52.03096749031651,69.04233614980637,53.44793661274546,48.44242915633962
436,66.79249633808693,65.21948854789869,63.82434789515735,52.03412347421336,69.05091873722515,53.453242328303794,48.45431144361944
437,66.79955255550544,65.22518845510275,63.83207371934826,52.03740329868272,69.05942297730284,53.45687424291572,48.463440121367434
438,66.81022141024422,65.23407691152455,63.84022827845239,52.03848978782685,69.06693857397981,53.459676948768745,48.478150927913276
439,66.81658030888376,65.24163984288792,63.84509343139966,52.04436369911176,69.07074353720093,53.46371558009558,48.5783036712734
440,66.82343247592766,65.250911316052,63.85116336394714,52.04788802941776,69.08514892991083,53.46708593181228,48.624011741367106
441,66.83270385020828,65.26062848944392,63.85709914493447,52.04940099967437,69.08945681165577,53.47017976302848,48.64607511909547
442,66.84006545079917,65.26876993514377,63.865081611806254,52.05203099267307,69.09640528033881,53.475277824018576,48.65512852179927
443,66.84541497338502,65.27678871022837,63.871120236907544,52.0550270469658,69.10325803994748,53.479399037566274,48.687941419611384
444,66.8569815536712,65.2839544263024,63.87609297939869,52.05750905611814,69.10864307296863,53.48445132121585,48.71279116905675
445,66.86589363426972,65.28810535640474,63.883819435021316,52.0603538801234,69.11271581790217,53.48871920507561,48.728036515340484
446,66.873731143809,65.29705953073798,63.892225089255795,52.061698437273144,69.11896708786881,53.49389361545801,48.73728485887613
447,66.88209774561166,65.30336875808229,63.90022935471761,52.06290437654146,69.12607671708008,53.49866581361646,48.74648559457801
448,66.88902183543371,65.3072175766985,63.90558617893417,52.064512670505415,69.13607677294416,53.50255127412434,48.76333390247203
449,66.89705779549416,65.31399304990212,63.91490242699675,52.067483069247466,69.14031166292128,53.50635526699018,48.7781824399365
450,66.90186072652315,65.31828004982164,63.92660151972825,52.06970419726158,69.14749949092425,53.50903046471138,48.78492895202709
451,66.91013716490812,65.32254332823966,63.93109096811032,52.072360344088075,69.15226601155264,53.51216913244602,48.79788068765176
452,66.91957375172336,65.326564118784,63.936687250944956,52.07477188997049,69.15742001691274,53.515086130921084,48.81574101436327
453,66.92833546718255,65.33249045821228,63.94346534909865,52.07651961825245,69.1650474505362,53.517889790743254,48.82759511919854
454,66.9369571839654,65.34183095720067,63.95089244430714,52.08537541158938,69.17608735462957,53.520125547429984,48.83966378685261
455,66.9458481433226,65.3507194749254,63.9566900429208,52.0884244920244,69.18440236452844,53.522687147309476,48.85302963588945
456,66.95268161950261,65.35508512649724,63.96827683808961,52.105558863517174,69.19241146242967,53.529237201421886,48.8730398011492
457,66.96138344584493,65.36404723582731,63.97888866027116,52.109256512559945,69.19662960808002,53.532552508099826,48.88374757907159
458,66.96828092872038,65.37349615596925,63.984770373828745,52.111526646514776,69.20674606305036,53.53623851225138,48.89956988118463
459,66.97537017205482,65.37587715442245,63.99437632402864,52.238213226713604,69.21408004935725,53.541652775505824,48.90808164222426
460,66.98233912235993,65.38029368832439,63.99914757435333,52.439437318849336,69.23043059724797,53.54623622625536,48.920652779281944
461,66.99290535659031,65.3861169973435,64.00624759428847,52.50617719957852,69.23608021355759,53.551711396901105,48.93157567142896
462,67.00333657311731,65.39411847817694,64.01882876350324,52.50896606713974,69.24119489803188,53.554908760118906,48.93823694871065
463,67.00961351460792,65.40490656237199,64.0274124035793,52.51313140968601,69.24580783428077,53.55834299429534,48.94577336469627
464,67.01867203574106,65.41152130362693,64.03896473607611,52.525628491342694,69.2561819229709,53.56054943597255,48.9531617730529
465,67.02361197772649,65.41890975323942,64.04381041621836,52.536852076834315,69.26181184652046,53.56358470691316,48.95713948016286
466,67.0348730695374,65.42442296424626,64.05244530538819,52.539634471627124,69.26722830205219,53.71687572044498,48.977133175108214
467,67.04405284509082,65.43338519395071,64.05648974676964,52.54217330745301,69.273293238522,53.72241021388086,48.984867599827055
468,67.04996398367437,65.44099878059615,64.06202160044522,52.545512576100236,69.27939977885733,53.72767636109486,48.995146451226645
469,67.05687510510401,65.44615994723388,64.06862386781823,52.54748427697172,69.28934540001715,53.730666179759744,49.00596060785867
470,67.06121554781905,65.4504809731718,64.07862836851781,52.54928590997711,69.29385472723968,53.78131093455983,49.019070133979234
471,67.07003303058397,65.45844591304414,64.0854228629223,52.55102910421328,69.29911828846252,53.78715108474294,49.03736120096841
472,67.07598249290633,65.46410497461372,64.0936249533718,52.554083219949774,69.30882946507438,53.99259609622354,49.05028827317163
473,67.08799647875357,65.47043194123926,64.10372011950635,52.55547754194355,69.31701582099238,53.99978768413337,49.06604185231982
474,67.09735391711267,65.47764172862124,64.11046082250742,52.55688004930579,69.32178453341396,54.00249891092748,49.07903236339716
475,67.10497184981733,65.48402857900128,64.12088114378852,52.5628105252197,69.32864482141322,54.00714125423789,49.09184217973731
476,67.11439145986999,65.49060510986389,64.1305321364822,52.56428935331282,69.33537994679521,54.01119077877797,49.100760050592996
477,67.1233391902019,65.49895943562665,64.13580949647888,52.566812974578305,69.34464274400887,54.015695246741465,49.11256398524849
478,67.13206190815148,65.50846060745371,64.1421656744797,52.572339304641744,69.35224759364165,54.020067135020696,49.12827749517952
479,67.14254926558039,65.51332676299666,64.14957700894385,52.57628832165139,69.35875285953789,54.02441817726924,49.13640877833681
480,67.14796939575896,65.52174852956134,64.15727946359772,52.57958577399875,69.36622798480576,54.02932451762316,49.14987220605256
481,67.15843682432954,65.5301478697406,64.16482607100609,52.580892957402284,69.37358368725235,54.037743493393776,49.16530594559284
482,67.16568702926259,65.5371505719264,64.17378295213493,52.58269424157337,69.3800760024033,54.043349105513926,49.17480207537017
483,67.16888291755154,65.54445284938356,64.18092113632053,52.584848617797455,69.38752094483092,54.048520938622715,49.187906317120834
484,67.17660507868011,65.54869751863068,64.18375045615988,52.587451868855,69.39493115172039,54.056248473444555,49.19546007015584
485,67.18352550879786,65.55228098975485,64.1913857838104,52.58964881204229,69.4041961816894,54.062541300444835,49.202453140257894
486,67.19509585047592,65.56106328962467,64.20161885221145,52.59171890525033,69.41277991910437,54.06558609930268,49.21242736799723
487,67.20147599043125,65.56753351366841,64.20655378575134,52.59411007515037,69.4191734447649,54.06859033173016,49.224243964187885
488,67.20856930619058,65.57105870011834,64.21428361269831,52.59872081759762,69.42677719671269,54.07250793695159,49.23265566337812
489,67.22033268620481,65.58016849872035,64.22531325226004,52.602250967261924,69.43120664598331,54.07546116508828,49.27227010973952
490,67.22832889308773,65.58665096700463,64.2357673879924,52.60677866210535,69.43764084996462,54.07881256652479,49.296152381376054
491,67.2369560945173,65.59390085757083,64.2423728382032,52.610500508139346,69.44463740105974,54.083140841610586,49.329640364623046
492,67.24613981111769,65.5997847637444,64.24790981622255,52.61363457305056,69.45232499133598,54.08679781587822,49.35055278368185
493,67.25251915886136,65.60896698865994,64.2528514332179,52.616039868459744,69.45984257154697,54.09546287307445,49.3692027443661
494,67.25903562703043,65.6206594571497,64.26192770435223,52.62081309018804,69.46911818400059,54.097781317788055,49.383620641347804
495,67.26682067813277,65.6274837751233,64.27068979113322,52.625490251217585,69.47624776923904,54.100434427973646,49.404808730213844
496,67.27518127735334,65.63399455924106,64.27669676399351,52.62707354311068,69.48160963256143,54.10336618198618,49.6073286765882
497,67.28015991207087,65.64310987751685,64.28154564238604,52.62874398990303,69.4874315601396,54.10660718136491,49.62108127391933
498,67.28606200080115,65.65077709178364,64.29115634250573,52.631104404166365,69.4985773970545,54.10981795244037,49.63391150908686
499,67.29144720612157,65.6586327160998,64.29572203310016,52.63397249177616,69.50434746295312,54.114007527110374,49.65893173535105
