Comparison stage no.,data//output//runtimePerformance//MOEAD_DRA//SolutionSetSizeLitRecom//,data//output//runtimePerformance//MOEAD_DRA//SolutionSetSize100//,data//output//runtimePerformance//MOEAD_DRA//SolutionSetSize200//,data//output//runtimePerformance//MOEAD_DRA//SolutionSetSize300//,data//output//runtimePerformance//MOEAD_DRA//SolutionSetSize400//,data//output//runtimePerformance//MOEAD_DRA//SolutionSetSize500//,data//output//runtimePerformance//MOEAD_DRA//SolutionSetSize595//,data//output//runtimePerformance//MOEAD_DRA//SolutionSetSize700//,data//output//runtimePerformance//MOEAD_DRA//SolutionSetSize800//,data//output//runtimePerformance//MOEAD_DRA//SolutionSetSize900//,data//output//runtimePerformance//MOEAD_DRA//SolutionSetSize1000//
0,0.0,0.0,0.0,0.0,0.0,0.0,0.0,0.0,0.0,0.0,0.0
1,0.0,0.0,0.0,0.0,0.0,0.0,0.0,0.0,0.0,0.0,0.0
2,0.0,0.0,0.0,0.0,0.0,0.0,0.0,0.0,0.0,0.0,0.0
3,0.0,0.0,0.0,0.0,0.0,0.0,0.0,0.0,0.0,0.0,0.0
4,0.0,0.0,0.0,0.0,0.0,0.0,0.0,0.0,0.0,0.0,0.0
5,0.0,0.0,0.0,0.0,0.0,0.0,0.0,0.0,0.0,0.0,0.0
6,0.0,0.0,0.0,0.0,0.0,0.0,0.0,0.0,0.0,0.0,0.0
7,0.0,0.0,0.0,0.0,0.0,0.0,0.0,0.0,0.0,0.0,0.0
8,0.0,0.0,0.0,0.0,0.0,0.0,0.0,0.0,0.0,0.0,0.0
9,0.0,0.0,0.0,0.0,0.0,0.0,0.0,0.0,0.0,0.0,0.0
10,0.0,0.0,0.0,0.0,0.0,0.0,0.0,0.0,0.0,0.0,0.0
11,0.0,0.0,0.0,0.0,0.0,0.0,0.0,0.0,0.0,0.0,0.0
12,0.0,0.0,0.0,0.0,0.0,0.0,0.0,0.0,0.0,0.0,0.0
13,0.0,0.0,0.0,0.0,0.0,0.0,0.0,0.0,0.0,0.0,0.0
14,0.0,0.0,0.0,0.0,0.0,0.0,0.0,0.0,0.0,0.0,0.0
15,0.0,0.0,0.0,0.0,0.0,0.0,0.0,0.0,0.0,0.0,0.0
16,0.0,0.0,0.0,0.0,0.0,0.0,0.0,0.0,0.0,0.0,0.0
17,0.0,0.0,0.0,0.0,0.0,0.0,0.0,0.0,0.0,0.0,0.0
18,0.0,0.0,0.0,0.0,0.0,0.0,0.0,0.0,0.0,0.0,0.0
19,0.0,0.0,0.0,0.0,0.0,0.0,0.0,0.0,0.0,0.0,0.0
20,0.0,0.0,0.0,0.0,0.0,0.0,0.0,0.0,0.0,0.0,0.0
21,0.0,0.0,0.0,0.0,0.0,0.0,0.0,0.0,0.0,0.0,0.0
22,0.0,0.0,8.373387033180387E-5,0.0,0.0,0.0,0.0,0.0,0.0,0.0,0.0
23,0.0,0.0,8.373387033180387E-5,0.0,0.0,0.0,0.0,0.0,0.0,0.0,0.0
24,0.0,0.0,1.7654387290429608E-4,0.0,0.0,0.0,0.0,0.0,0.0,0.0,0.0
25,0.0,0.0,2.616749518306011E-4,0.0,0.0,0.0,0.0,0.0,0.0016882095756407956,0.0,0.0
26,0.0,0.0,2.746243489565977E-4,0.0,0.0,0.0,0.0,0.0,0.0016882095756407956,0.0,0.0
27,0.0,0.0,2.746243489565977E-4,0.0,5.844066628463119E-5,0.0,0.0,0.0,0.0016882095756407956,0.0,0.0
28,0.0,0.0,2.9972954595945596E-4,1.447021896354232E-4,2.0036897038605214E-4,0.0,0.0,0.0,0.0016882095756407956,0.0,0.0
29,0.0,0.0,3.568810465881923E-4,1.4666808042009699E-4,0.0010669237767966533,0.0,0.0,0.0,0.0016991266404673142,0.0,0.0
30,0.0,0.0,7.658928518837005E-4,1.4666808042009693E-4,0.001241830880807478,0.0,0.0,0.0,0.0017198156517835266,0.0,0.0
31,0.0,0.0,7.441990593118916E-4,7.303389496121682E-4,0.0015669209458319643,0.0,0.0,0.0,0.0023111547593214314,0.0,0.0
32,0.0,0.0014590008354708345,8.112677166318029E-4,2.8545234816921287E-4,0.004106326296261397,0.0,0.0,0.0,0.0030974951597569945,0.0,0.0
33,0.0,0.0,0.001609737269213731,0.0,0.005172516166711992,0.0,0.0,0.0,0.003825131192783941,0.0,0.0
34,0.0,1.7438413086319265E-5,0.0020767344515257636,1.303787428402344E-4,0.005617645140547195,0.0,0.0,0.0,0.005389162939298734,0.0,0.0
35,0.0,7.731939738383591E-4,0.0024245100607460475,4.168920837404315E-4,0.005645191953865691,4.6464728792361645E-6,0.0,0.0,0.005959822475605323,0.0,0.0
36,0.0,0.0018018371429239215,0.004033475427946133,4.220684004402157E-4,0.006335605251987642,4.646472879236164E-6,0.0,0.0,0.00641835481734215,0.0,0.0
37,0.0,0.002096604906065818,0.004332388178670344,5.522307577884501E-4,0.007418176302705096,4.6464728792361645E-6,0.0,0.0,0.008060256241832616,0.0,0.0
38,0.0,0.003601884765942245,0.004989351499696526,0.0028046293607667887,0.007993932258118423,2.3214978905005316E-5,0.0,0.0,0.008325274764422397,0.0,0.0
39,0.0,0.006178309609565349,0.006365797991460764,0.0028278316035857728,0.00831650998761901,1.831198608094836E-4,0.0,0.0,0.008781680117861424,0.0,0.0
40,0.0,0.009503679273330335,0.0050240980043504135,0.00311597907587428,0.009644312690383525,2.5662699307389924E-4,0.0,0.0,0.008793199500778885,0.0,0.0
41,2.470780283586087E-5,0.01395614639418291,0.005084814570479416,0.003449377601498756,0.010389229538553483,3.1427864515285017E-4,0.0,0.0,0.00883866669807085,0.0,0.0
42,2.470780283586087E-5,0.016598614682793507,0.0069011049481416,0.004704407530488331,0.011287953757627003,4.304013920496647E-4,0.0,0.0,0.009395348078568368,0.0,0.0
43,2.470780283586087E-5,0.020797122249739838,0.00925274974813007,0.007501069193759124,0.012217518358297437,0.0013641321542506905,0.0,0.0,0.012033533989525384,0.0,0.0
44,2.470780283586087E-5,0.023945864780749337,0.008597731608672627,0.00926539913152523,0.02044100068782336,0.0014077332274092078,0.0,0.0,0.0143715724782738,0.0,0.0
45,4.7416160531606595E-4,0.031189910247445968,0.0085951320869358,0.012738264046951877,0.022695730914444746,0.0016490988683647934,0.0,0.0,0.01771514413787661,0.0,1.5381037172377867E-6
46,4.812824160452322E-4,0.03694893320450648,0.009562559105370906,0.015310365670331724,0.02793293725417966,0.0019707564933594763,0.0,0.0,0.018974923500065667,0.0,1.5381037172377867E-6
47,4.969985715819778E-4,0.04474040451205828,0.009656183261986332,0.015649262456311527,0.06595422195023956,0.003913467818734816,0.0,0.0,0.020570041323470584,0.0,6.176742785663604E-4
48,1.3597311887827995E-4,0.04910720893139966,0.014983492162178763,0.014137478220951525,0.0718907988345456,0.007589088202991005,0.0,0.0,0.02324997838506727,0.0,6.176742785663604E-4
49,2.231541421432236E-4,0.054653013202447996,0.018045899910422155,0.01668215789695335,0.07205411898648355,0.007678298884631927,0.0,0.0,0.02547722673285514,0.0,0.0013068001858064743
50,2.2315414214322372E-4,0.05732280695065869,0.017437019424761373,0.016435792334564457,0.08201542783556225,0.01590448193196258,0.0,1.1534062176059043E-4,0.025693783590722174,0.0,0.002314594983247461
51,2.396221512328497E-4,0.06250991549201908,0.020944446942405274,0.01797841735282997,0.08589858893554286,0.01737561021413299,0.0,8.241959550056969E-4,0.026514845706311126,0.0,0.002396629802398959
52,6.444831921796183E-4,0.06952728637530244,0.023831390414652567,0.020103512776869097,0.09212321018935501,0.019016622965322378,0.0,0.0014641829149441054,0.02637977597528892,0.0,0.004822127531274057
53,0.0019119485463477894,0.08340930429808127,0.027064133548511733,0.024011389463477112,0.09241802152722575,0.02032081723330302,0.0,0.0014746164603225758,0.027165964694932977,0.0,0.003073793626482355
54,0.002037674066722302,0.08905069953823146,0.027428263325066884,0.027319502549718877,0.10008042323234347,0.021470821506420032,0.0,0.0017074950396614404,0.028002090149476643,1.0786610376642402E-6,0.002932682182947175
55,0.002054822370954111,0.09959236445874688,0.025146630699851114,0.03184209133936065,0.10332616898305567,0.022508742317682892,3.1938180133151015E-5,0.0019386464835203512,0.028323932881229842,1.4479343577117278E-6,0.0029913156917741757
56,0.003449614316623358,0.1266670148966083,0.042956432433177795,0.03657446800207576,0.10669439175654626,0.0261354189923054,3.142921857114896E-5,0.0021802559970488028,0.034433974226891505,2.1557816937547934E-4,0.0033602789528978066
57,0.003554266511350732,0.1663934787897838,0.052308188937517736,0.03595003785419777,0.11245647163327917,0.027948524034038837,1.4064161132187355E-4,0.0022544580561772725,0.037138915048935545,0.001816420007613844,0.004326246883999961
58,0.006433921243718743,0.1765602498894492,0.0606331976367091,0.03525999851134874,0.11759159901088495,0.03759809764082461,1.4064161132187355E-4,0.0024318521530930677,0.04413682985335181,0.001817338449406611,0.0050118259327571
59,0.021089157728935912,0.20329446889622949,0.06943790795811301,0.0367079418547893,0.1301510138101046,0.05126474143804408,6.873031797352601E-4,0.0026703789538400995,0.04728612805323444,0.0018473791844519111,0.005281608518783975
60,0.024547969750665845,0.22649079242168807,0.11846224915505138,0.03224605996330757,0.1362654610633339,0.05981036277878255,6.873031797352602E-4,0.002473848610356096,0.049585207381095175,0.0020033137050860105,0.006358571120585532
61,0.02454307449236589,0.24964006737117506,0.13068306992030465,0.03574112891332889,0.14900384209538198,0.07456877093134365,0.0024233734679506326,0.002830999019951025,0.05365003589130218,0.002310608930950945,0.00732974285086258
62,0.0279003929844809,0.2924363578633129,0.261645095954073,0.045665222533510554,0.15635692848753746,0.08118795797944266,0.0025048275943704303,0.002810005925338819,0.05651017102597112,0.00288391644352101,0.006596220108404729
63,0.038917158295135534,0.35879630722916245,0.2998745428501263,0.0548405194586687,0.16607040204669052,0.09059742527639947,0.002504827594370431,0.003324908221364119,0.05967756745041846,0.006373734611797352,0.007347189988156457
64,0.04292368417828662,0.39352137491345146,0.3353843717197421,0.06041717020877371,0.19985102032269897,0.10013893595697997,0.0025052520490874575,0.003862144239573716,0.0653531015941131,0.010013324683114474,0.006961939794946946
65,0.04469716065512628,0.4000508339933111,0.37227486982771946,0.06886646961663902,0.2349960841867647,0.1294289694336326,0.002934164662094318,0.003593233270086113,0.07570819376559382,0.011044122200698702,0.0075663214229883665
66,0.04840722620796526,0.4321778796232006,0.4262320643947533,0.07305703744710201,0.263303551519503,0.12796954757867962,0.004430389058278646,0.0043197821713539634,0.08053740797369813,0.017885922308044304,0.011973574013227224
67,0.05572678678085769,0.461776091213341,0.4557036093828599,0.09519876057017687,0.2835258718939818,0.13005422303867853,0.004161868378412538,0.005494595664148609,0.08178404130597815,0.017925138098536186,0.010818298531054607
68,0.06097458403779947,0.5022563181585938,0.5379191309126412,0.12221613333494538,0.2985847667225474,0.1542155673015146,0.004646389609008214,0.008797754246888754,0.08700090284941397,0.023425703739929662,0.010724881525002219
69,0.07310113292721039,0.5589125124670323,0.5671287739393627,0.13036396299840822,0.3347358237411074,0.1667702058189735,0.005198773191018859,0.019520128596520102,0.09558499835658169,0.02507798808634945,0.01647165726646062
70,0.07710344497472275,0.6280429222636985,0.6000027088352302,0.148014574487953,0.34819178146991125,0.17334863777763052,0.005977512137307898,0.023523722216335988,0.1167146581303606,0.02654919609254816,0.09637200947192613
71,0.09928294727207247,0.677537673879556,0.7031272830377627,0.16373580497833018,0.3727230006789669,0.19199596353688045,0.007903272786101182,0.02675762723832335,0.13877662726505405,0.026331593833434426,0.06143788243356294
72,0.10873094394139436,0.7140062653407864,0.7790389380701297,0.18314420231096998,0.3867087981100993,0.20870345602974255,0.010495489281139697,0.028282765095671,0.15329655216590204,0.036110601942158024,0.08596489369112735
73,0.11304047508483589,0.8074468314489692,0.8232397106472022,0.21821138060784012,0.4125098976351592,0.2367264560555985,0.02197977569393389,0.028769907812793483,0.17516256336792574,0.039403230743549095,0.11165245842584069
74,0.12109890819834684,0.9006812572571278,0.9060093017672877,0.24133750326156564,0.43234547776251364,0.2589996186059934,0.028666952571021292,0.03921776987924363,0.18659616584106894,0.04361379862412928,0.15644996672009717
75,0.1305417517414793,0.9784075820334076,0.9518805471571621,0.2614460194708705,0.469825299324491,0.2916661861912845,0.03368275705781668,0.046003278534292716,0.19333200731277447,0.04841107300254795,0.16432095268686592
76,0.14184495170929604,1.0692948979923957,1.0724835448986823,0.288049540235103,0.49575137882340875,0.31582639023802384,0.03529590420810602,0.04869798411886738,0.2036213440780466,0.05628509044603046,0.1749371005470502
77,0.14817403332413456,1.1589834882574495,1.1586595982539314,0.2994338243772107,0.5108205539852835,0.34420874035738364,0.03944374496465799,0.05537639417620472,0.23127146302644655,0.06884439692303848,0.18614288487757
78,0.1557296813301628,1.2660958908818645,1.219934754828449,0.31303149082141707,0.5486169540202726,0.37342257835588244,0.04488875097338533,0.06368034334364135,0.23679406594398975,0.06999190034469406,0.19275339719857787
79,0.1644404070725467,1.3641993459408246,1.3188091060266738,0.3320690581232785,0.5911729056627161,0.3922950335626065,0.05046524198856966,0.07096742877215131,0.25547893537442673,0.08673027013901544,0.20996155734827252
80,0.17602311820675587,1.453036560243004,1.4163349524050202,0.3889058234468758,0.6278753864590034,0.4100366210435384,0.0527020868277666,0.07875961876871632,0.27720665709240605,0.09942819878818362,0.22076815347890766
81,0.18612498597159471,1.5504010013092218,1.5366207830481333,0.42517564211569947,0.6498610134085229,0.43030269572344304,0.06373699876300803,0.0989776357672713,0.29921897628574284,0.1075427218508752,0.2353023089010204
82,0.19356072669549593,1.631832694951723,1.6043182558230444,0.4866980925500993,0.6883986189654921,0.4660667869218977,0.06698509770019558,0.11760816545639324,0.312822257182546,0.12004016393768382,0.24848604115865316
83,0.202705095149354,1.7193489563685223,1.703996359080981,0.5185926495335746,0.7315997607224417,0.5251212206490392,0.07153328487817909,0.1331478386408683,0.31350489828447503,0.13250541664378154,0.26217718904463005
84,0.213804269326127,1.867726140983942,1.7971263157055624,0.5727625627874418,0.7679413924004055,0.5743002219339487,0.07490004009967993,0.13994579588896539,0.35572119471951796,0.13897856134876901,0.2844319094033667
85,0.2260580516475941,1.9952117324154768,1.9589634440844625,0.7022257136783081,0.8323175360659135,0.6264303777338477,0.08905550978834542,0.17847573629097357,0.37310130900391003,0.16575295141629418,0.31030771804958635
86,0.23689794280556056,2.138413091376366,2.1607365432553878,0.7580136419622272,0.8764506850814795,0.675953528472358,0.09275714990089161,0.19460602265684435,0.40634816942843366,0.176173049820589,0.3213404062637095
87,0.2529509574607465,2.204204604659676,2.2485550951911515,0.8215405354955524,0.9317631003892913,0.766919919114665,0.10140832872243888,0.2027608222463742,0.4363702346353377,0.2103840373333262,0.33338593092054636
88,0.2687108000469128,2.36017861439406,2.3003572241260963,0.8621574973209293,0.9789709346110641,0.7940083855783845,0.10925553751944467,0.23488518575858555,0.5028561493318341,0.23309564868130825,0.35414876336231094
89,0.2811611130290476,2.453211117848697,2.5147907800908835,0.9296735013869487,1.032799971605525,0.8281116464062602,0.12065887276575665,0.25337814388476265,0.5378191175945897,0.26573449243336983,0.3982177864793732
90,0.299969825447854,2.5804105056066895,2.6481378322766584,1.0319365096981135,1.092464094846757,0.8801402541802719,0.13494473227715234,0.28101001161796063,0.5570553175737273,0.28424772010918264,0.39282754034141654
91,0.31460352631515404,2.7096251454262497,2.750737430533694,1.1396749768619174,1.1706924078737304,0.9284770765027549,0.13917478345474302,0.3227402102156248,0.6052942032789118,0.30870029373673996,0.4212559461725374
92,0.34661795218225905,2.820339082080926,2.9263031754584232,1.2601731948042845,1.2626854548968056,0.9785049887611009,0.14683760337078136,0.35840022311575054,0.6478022896036681,0.3366180224723543,0.44193174537255536
93,0.37139023665683224,2.9310386973616165,3.094999784086651,1.3679992157467558,1.321490985074632,1.0391571352935882,0.17057127548724363,0.3880829384466677,0.6917005124386106,0.3586346293442172,0.47613161047012087
94,0.3901712529338546,3.104200233905607,3.2333570332303574,1.425906583382563,1.4548405681162415,1.0919964403468887,0.1791367136700686,0.3988284822046927,0.7629045845645068,0.41449910890592717,0.49575037410213507
95,0.4040592119398044,3.199558307554203,3.399144891555112,1.5095911552501649,1.5281465665236649,1.2192237825896226,0.19048992704513065,0.4277598785354878,0.8203398411111255,0.4705564804420217,0.5268010577826435
96,0.42268563183880564,3.3504383621542613,3.5754085983965034,1.617232163076042,1.5772128570521509,1.2901498012211845,0.20635116061441294,0.4646772614145479,0.8721998908431348,0.4995158289162397,0.5481040460007685
97,0.44116362410931664,3.4223012073404826,3.786531942195668,1.7577131228578287,1.7075543658711956,1.3802940857960526,0.22937057212587755,0.4989840089047621,0.9133133726299543,0.5292292426127585,0.597695377841039
98,0.46163779443065295,3.6347282742336966,3.885632465872236,1.9067802146677768,1.8295403348508112,1.4583214609895472,0.23957396787272273,0.5314913867745752,0.9516318302610242,0.589457531158854,0.6262101855259358
99,0.49137364244173315,3.7773567954086094,4.142969434830332,1.9897166627055713,1.9306127247031557,1.515631393387813,0.26295834831860243,0.5598484305156707,1.0169680611749667,0.646647581391172,0.6713010176530566
100,0.5118912683853104,3.916784106795096,4.249000734961237,2.086532140825586,2.071859135992657,1.6158283298225482,0.28037431956107756,0.6147486424126404,1.0610425297517587,0.7089637406188812,0.7378197633774303
101,0.5194781227797272,4.058751963738695,4.4350386797255625,2.178129656236827,2.1751249324715753,1.6985569400218448,0.2992582262825576,0.6813454635784043,1.1251523773147403,0.7483399549130085,0.7826972019229818
102,0.538187170202285,4.203068004782456,4.590999395409531,2.300485462962596,2.3074722221851625,1.7644931680722842,0.3135880091960271,0.7209658088449297,1.202712665463996,0.7891856048005822,0.8430569192265945
103,0.5602442029010055,4.341546364954318,4.711509204157256,2.450665492827463,2.4402012214180266,1.860013323175213,0.33104785003236176,0.7745286384947315,1.2535223846601946,0.8731141813760522,0.9165569615998964
104,0.6325850807300649,4.500872735988931,4.809599993537837,2.5478168590352297,2.620254892388861,2.011913451105639,0.3519288091648828,0.818883135250577,1.3267215177833867,0.911238706607876,0.9586658298782328
105,0.6653524770079519,4.722124563440677,4.952580677784135,2.6682289220496154,2.7245933485178493,2.112015070989034,0.37942446283148573,0.8751651212303652,1.405669242075072,0.9754209657846591,1.0214197751038987
106,0.6893376335367646,4.834312495911203,5.121826251923052,2.7900473403138992,2.9040569206980744,2.2016110536742333,0.4022914175423009,0.946191360566587,1.4613095112997143,1.053730240615784,1.0563266693420197
107,0.7106925600029945,5.012932866383735,5.294726456750969,2.900941475641518,3.0775612937916708,2.2792582240998027,0.42914599934227937,1.0116915886897702,1.5365211967672112,1.1335832895406817,1.1179695490412034
108,0.7410853364993577,5.1904692016279155,5.534175750705115,3.028560846303591,3.242565314984623,2.3455998440802817,0.4598816250705905,1.091816537152489,1.6241911502870365,1.2030077008863258,1.178039845753254
109,0.7722496655516294,5.434356393668051,5.678976861782531,3.1994458888037856,3.516320252137635,2.48424029991357,0.4901168155298896,1.1803954201860756,1.6986843700859864,1.2614952978153071,1.2396082750353572
110,0.828469546649372,5.589577045357524,5.897935704157496,3.32557398120156,3.6787086364601365,2.5856560711674645,0.5119774844304996,1.2457344964754058,1.7647114207972363,1.3293596304643356,1.2941256664703766
111,0.8567526951332388,5.762438307947894,6.029574295741668,3.551315643576764,3.8862651743475105,2.6854996728978526,0.5407742991353249,1.344214847799174,1.8276280822592992,1.4213651334891515,1.3676734233857761
112,0.9218712935619562,5.986027667376885,6.255595438892578,3.6906197716080134,4.085803382277645,2.8149584294541907,0.5605757082872004,1.4113833720205553,1.9301357874338116,1.5091152925498748,1.4719160490276497
113,0.9753548308592501,6.181103129053449,6.4672967126105405,3.875556144655091,4.274076798440493,2.978671899998189,0.6140429458919984,1.464385258195803,1.99865089852959,1.5970256242422727,1.5438006424810347
114,1.0251405713260153,6.234856658488144,6.682803357965366,4.036447439574161,4.490394113224767,3.087744806806457,0.6548580840567771,1.5753421487137824,2.0729995140294917,1.6701795560147183,1.664825234500603
115,1.092806651544142,6.4455563617061316,6.985415087788222,4.1722133372825265,4.671639400695408,3.2378224056776532,0.6846526637716475,1.664358167705977,2.1692690122433778,1.7670112775939666,1.7286440679311268
116,1.181469986065691,6.574356041392729,7.31048182993312,4.362225207517287,4.863092182167916,3.3757488827479665,0.7251073933298032,1.7932574375406158,2.2899486958108444,1.904894376920886,1.8184873677560351
117,1.254675353004668,6.858304753055468,7.463375959487097,4.594127256845882,5.058205712449189,3.512070952339534,0.7661287361233887,1.9146796895729714,2.4133366347030765,2.0604061973240193,1.911062596762152
118,1.3078112914162243,7.01218467242795,7.639696348673676,4.772265106735939,5.251392103906793,3.69606138728458,0.811363258686832,2.080032838197541,2.5196151670976557,2.143571819463734,2.082640903599572
119,1.400412707866326,7.205977665612194,7.896056587525591,4.975865630865334,5.408586718277026,3.8499769534249757,0.878300263770005,2.1596938890793,2.623908986486518,2.3315651639600703,2.2136399300465954
120,1.4612095932562157,7.343347886092433,8.068843108254484,5.101235519171583,5.5878048831663145,4.024993359056853,0.9484439465580389,2.3241790948681387,2.7480553701938937,2.4839173038300433,2.35957269568733
121,1.5801752467173298,7.557132609206306,8.237788796044283,5.301170646200089,5.787059751185194,4.316576053282561,1.0068258940007293,2.474765215037659,2.914784151800328,2.7050186002793652,2.4654875254542916
122,1.655957299433986,7.725053946795407,8.463695967845155,5.540814390165849,6.0134314882699265,4.466816945530784,1.0874214247699676,2.620101601386693,3.065342185720807,2.821187677049346,2.590010363270117
123,1.745144792506354,7.870986990410802,8.687933087939724,5.736256519043743,6.280654232184936,4.6905923324991905,1.182255680971308,2.716572212838597,3.2575196238651647,3.0018789702239697,2.787816611947597
124,1.8239420251924452,8.02480282025853,8.92259575917254,5.956767836208118,6.51257225428362,4.91744719317643,1.2728660767033357,2.838402267616967,3.397536225009976,3.1366399606101982,2.9268985684461666
125,1.877629601442527,8.093726474755494,9.203848081422885,6.119808643846286,6.6979643479216175,5.13916361681381,1.343787806526967,2.98824772598866,3.590660276284922,3.3149537656061843,3.1176553174245316
126,1.9677546035494857,8.290336326663578,9.47305285041305,6.402052120181476,7.025353519764272,5.371867184995413,1.4369770456843198,3.1428473134263135,3.7483951393371364,3.4666808291598272,3.3269504579831946
127,2.0740266548030686,8.556256774080659,9.663656260018538,6.605901350405061,7.261898309367444,5.600141235831514,1.513034306341409,3.2684776993863176,3.952731578720621,3.6502426080209096,3.4805118984689805
128,2.221781457652272,8.752734714844227,9.941831721205487,6.79618721349933,7.4740267521644865,5.783624071246088,1.5727064364434633,3.4724702079400998,4.138056915616396,3.835496070644026,3.637153254488524
129,2.305349883807576,9.03387146966917,10.260991210366985,7.0369696357312055,7.673914005727591,6.003091529401668,1.6533631715884067,3.639527944481819,4.296559660782869,3.998693973313179,3.7540893935994144
130,2.40828668847326,9.137146403799424,10.493260906326114,7.2893487116982705,7.905467270318471,6.226354040800942,1.7283454067868884,3.7999969118893686,4.465964940135492,4.143880288013308,3.9066543379740435
131,2.529358366168844,9.413776696436384,10.783068658432398,7.482947803269016,8.186338139891046,6.361017554869412,1.8509719477537858,4.023212243281871,4.643035697995367,4.377087855051373,4.046430432305575
132,2.5972611943048594,9.580641181622743,11.000713662664104,7.699915672471628,8.40949548055929,6.584916423382324,1.9249526829532755,4.209625010953043,4.8374008064509875,4.584875067503769,4.3182615510579065
133,2.733048260383305,9.781950170327205,11.279301008037853,7.933075578597401,8.685328010724067,6.771578058292806,2.015133330832199,4.366538239850712,5.008271220988494,4.811235382983547,4.477636658793823
134,2.837838830455054,9.915134525153364,11.515139938113014,8.195561848926523,8.904832662401962,6.967019787802703,2.111169252660644,4.548216171492474,5.1848628746272345,5.009421965069179,4.651355481981389
135,2.926703708530815,10.168737526660742,11.787465634535273,8.417478133788952,9.096731295604982,7.214422157929013,2.20667955522055,4.6906019991875345,5.358024204539798,5.315604061411363,4.816817431925249
136,3.017760789706921,10.391251938716811,12.025985614575506,8.622673650692871,9.28325032035226,7.446218614819122,2.3115787585758074,4.928668771638888,5.537421806012886,5.4881652479892375,4.985478989709705
137,3.1445359325459914,10.683861398845739,12.306825113524857,8.875035076255175,9.506789075978515,7.750990960691202,2.410287991151566,5.184310200359507,5.784582000415504,5.695091767163932,5.185791811767035
138,3.2606097344351452,10.974629694498084,12.589268927346293,9.176989979682537,9.727185797849884,8.036631399808286,2.5372389445204018,5.364905527634282,5.980174760880693,5.883215123298043,5.375157960262408
139,3.3704397054795563,11.190243008510231,12.875372088016046,9.436534532143654,9.957381382306718,8.307156295001366,2.709270347941303,5.563731540350337,6.168053566552395,6.075572085979551,5.663851894057208
140,3.4766032374603184,11.250374005986764,13.089057302650058,9.763321571441416,10.234687921540237,8.552428434363128,2.8209299071070095,5.741647945223571,6.351408705223313,6.347743742744455,5.989464174964881
141,3.591368460035212,11.4824981689247,13.53943210376944,10.011358615184772,10.52435963046904,8.774679525291457,2.970155616472808,5.94757008889334,6.5527659767008615,6.54469507905489,6.312015063542377
142,3.738090692603082,11.707628035110263,13.901249641880936,10.31458008388374,10.802225443219701,8.956823724215008,3.123218874403492,6.188175054736739,6.724628482179595,6.791531493307409,6.53084507315688
143,3.933340750876869,11.9843978788851,14.249461366001565,10.705777859898047,11.042749721991546,9.217433549398843,3.2477871923250925,6.366480358021103,7.0427898859179185,7.068443468087861,6.769845138422522
144,4.0552314927456585,12.161161589459157,14.501237117423575,10.887660517805772,11.346972741953868,9.415061949687555,3.37677592558837,6.550392164971358,7.382414374209093,7.428699328205327,7.142733859669042
145,4.192435902574634,12.32408704732666,14.825883114037824,11.121351721524213,11.569540267932503,9.650754528423686,3.5439798298794942,6.865964211661497,7.643384867367048,7.657568483162623,7.398513401023155
146,4.377760532312047,12.488097449452,15.1514162528253,11.328499864576678,11.809826543952228,9.947362703874052,3.6828856603556477,7.081072246055661,7.892726207944506,7.881686767481779,7.626437031200256
147,4.524763197350134,12.771584792255505,15.500144232936,11.5572522357921,12.081815779815388,10.258672774378846,3.886749886464027,7.330997218884303,8.144576616046226,8.160656471685305,7.925196679613192
148,4.675858297532703,12.956518297937638,15.796758305090586,11.824474555387729,12.354611358550425,10.422276443922645,4.02711401968352,7.64969284630606,8.354878851296775,8.471121910459479,8.278968004426435
149,4.827701925408704,13.276427179983113,16.048514684952845,12.098040159853962,12.597118794998845,10.686166720978955,4.162772125788739,7.828070876366229,8.597116366342298,8.806603989437757,8.64982910049451
150,4.987179500553099,13.463383808333267,16.35411037006156,12.36205275292678,12.955293659577185,10.88794657325492,4.353754088161934,8.109377603590099,8.91370137142572,9.019600580294608,9.032154713114183
151,5.114916596022521,13.647421100262545,16.568766594249567,12.670353691519187,13.216329938971585,11.250947134275421,4.545058615486392,8.37050356332407,9.213326918736103,9.252604438974135,9.339459025458906
152,5.261659777508742,14.036914386649288,16.76750016675642,12.972198985706443,13.47066108149742,11.558849993098681,4.767497024133077,8.602838702870615,9.523144160908439,9.50634259032406,9.644904649090874
153,5.520226627727593,14.258064438080408,16.984190323152554,13.207863915102298,13.764424514691607,11.76809576188885,4.951924192032673,8.77373194207121,9.821992605792868,9.76203306711942,9.938278015644167
154,5.679387714448524,14.599667421930437,17.24222329196163,13.520464554668827,14.044128692161328,12.00786691663511,5.100060699550666,9.12460523213406,10.109429015880613,10.013149704587393,10.198258563003897
155,5.90771840906672,14.990929015819418,17.48313424529276,13.82625498179014,14.385212558358562,12.293198189661998,5.268005301826848,9.408773391942752,10.339969093179398,10.377494219028932,10.524928374710452
156,6.003339348101169,15.271545538355294,17.707634337793014,14.195420737351084,14.682440506814936,12.533650645585107,5.425554874838048,9.58177536020246,10.549714060259173,10.769718317964243,10.889681024996305
157,6.172802281547042,15.579376344505814,18.04808110094313,14.452575279536484,15.013659116744291,12.789505796502079,5.628445062086806,9.934386114372202,10.856733171821734,11.138741906399016,11.229708931355031
158,6.3253796314181,15.80001624904609,18.266827168088074,14.740298689959259,15.281358094816277,13.06363578451582,5.768332219495843,10.162697512979557,11.138974937381771,11.469939660966814,11.487736763359983
159,6.5209370785940965,16.064453880037643,18.550728740618656,15.081871129316548,15.531957061370349,13.324300197022772,5.9502694812457255,10.493982493572197,11.376046870610981,11.769320346195602,11.865344994375068
160,6.654868249898501,16.367698025398763,18.859822462895785,15.402177576220359,15.790455469074715,13.59406278000126,6.117374381144131,10.734207054804394,11.627690050084343,12.086878103373333,12.186455738966027
161,6.871718688996747,16.58544199613322,19.13533406446069,15.747875004038791,16.152964248469786,13.90341299938348,6.291791713690227,11.03613615601124,11.924576949228205,12.466766889870609,12.490778536568323
162,7.056122661020367,16.853732179469755,19.41185678151028,16.030081853895865,16.440967266917845,14.189106506035271,6.540414270746253,11.341253015082124,12.203116739458302,12.828348628173252,12.795807959928263
163,7.248142800714449,17.35628722635722,19.739893358351356,16.374189360070922,16.76261273486967,14.3926408819333,6.749976465523398,11.577029664865128,12.448199929359147,13.161042845415807,13.0694940768944
164,7.450538691289619,17.728864699401704,20.028186482993345,16.658969200251764,17.04955858529592,14.704050259743568,6.918681134221058,11.772957690433538,12.727518664418922,13.457783939181276,13.448790994892601
165,7.645494782377506,18.061980423148103,20.26919650970583,16.989720077957305,17.34857172725431,14.943439550992995,7.139231184929136,12.073118719805784,13.014523044016602,13.768536496599971,13.777488410305121
166,7.844414455429984,18.364913437492145,20.516298843797472,17.265616770521525,17.634695624521356,15.249151922646515,7.3129696831230735,12.346410767583682,13.263089319283166,13.995398326767269,14.077880618594568
167,8.036519644568704,18.543946858233166,20.896583002751242,17.617767778538656,17.913910770946988,15.541290119656292,7.496479830685132,12.62457049582833,13.591677390160694,14.283383670729185,14.405490974472567
168,8.242560207029628,18.887445927833852,21.238361077132943,17.86681454319412,18.23724591646356,15.873769949028027,7.820647364828061,12.913620900033306,13.863127378262401,14.680178965740815,14.704210930532003
169,8.405927999591261,19.232659934998974,21.467478473362192,18.187841322234267,18.57752762800075,16.193415600181385,8.09216995283971,13.199627255844899,14.228860311720776,15.031096177218622,15.04683809227871
170,8.651329284994029,19.49339500836349,21.784889748343552,18.50956558929268,18.846159877082176,16.52786656893974,8.282001521378493,13.52651445302732,14.480113422063983,15.269818007735815,15.332245359730786
171,8.844680379540968,19.73005276555355,22.11612777564771,18.812757435671642,19.369963820581166,16.81683898914824,8.611707604993347,13.967805144328674,14.846322500351611,15.57500262029846,15.708279388215866
172,9.060862572805034,19.943833489774455,22.355463594752813,19.17009463187887,19.638298504045494,17.162459088691385,8.845686540647714,14.305278804670715,15.197683701311993,15.880444245325586,15.981693174680004
173,9.315805560046323,20.361873479388485,22.6487295320838,19.499572236498963,20.030261073973406,17.4182146634419,9.097119399133296,14.569470513543017,15.517032587107282,16.1736589076508,16.47271145209498
174,9.561681445731159,20.587030500925035,22.903311719488165,19.811742420253005,20.254560441082056,17.73542484100611,9.312295002157814,14.882442969548308,15.821425077958216,16.43253754269159,16.834684445092538
175,9.73653044823505,20.84813472365724,23.265770634744666,20.095807144950633,20.584103102241915,18.025862339836188,9.554169430412827,15.134301662823235,16.136590257090095,16.762221664767775,17.162063396197457
176,10.01654186609647,21.20726105067983,23.545815867024714,20.4219027945173,20.820199210903635,18.38240973865497,9.758631637999226,15.433533139231514,16.370302307846217,17.021909816211586,17.520615042304907
177,10.203813112872115,21.52345826849142,23.879301028449955,20.66901843100397,21.120401840584034,18.613949226381237,9.948348777276959,15.684544000090938,16.641095802583756,17.566399749906815,17.978977512516444
178,10.432333498255062,21.782653125896044,24.271166735096827,21.021287368231157,21.454531281022287,18.924391127257916,10.108078870414376,16.075109496344176,16.999524364803595,17.942915508334647,18.299543424853745
179,10.732971096747798,22.16131954814301,24.582519154101732,21.44646315497073,21.764981858467188,19.213331612827442,10.447157030882435,16.33598471601487,17.317688633120408,18.291970314928765,18.687611935000152
180,11.049259521671981,22.533870359841302,24.80047835149147,21.835135623326426,22.097089355440385,19.472429099098907,10.657539218899116,16.704989830043797,17.677482296697686,18.62543115309254,19.08177660311942
181,11.280972947916558,23.059542074308705,25.133449335914975,22.181665812094597,22.47314349108425,19.74444466153394,10.879774783757956,17.02328124874186,18.012178446161727,18.947240543312386,19.498210420395647
182,11.560587103892919,23.518537743311345,25.423929252084783,22.43756166529734,22.93413681076363,20.054363076858923,11.162614021261229,17.34058703603162,18.421325563734626,19.335042098464857,19.725058503136665
183,11.840886116109486,23.952348675092463,25.788455191396846,22.78526575608053,23.23047394012864,20.46570978348433,11.383819113354335,17.691946782385557,18.699421085853345,19.73057350001779,20.040460636679516
184,12.056724947387222,24.214739378814947,26.0340605096427,23.097799328450964,23.557070755411623,20.731069044785745,11.5483010789867,18.087929272431403,19.04109439876494,20.078555539055678,20.364041137787417
185,12.28671403886687,24.474485573522937,26.399438622281828,23.447017832288513,23.94122826879656,21.094531248120063,11.781612856466925,18.402979646936306,19.391525785919377,20.37415699557929,20.758566763634953
186,12.52666633401299,24.749730342195416,26.75304648613837,23.790878733008057,24.26733357635971,21.424485418791924,11.938149509690001,18.70893370320841,19.831320262099585,20.72064060135455,21.068798204836156
187,12.733585917407222,25.18603879680806,27.080721678556642,24.188605523935387,24.689557062784694,21.830398905273125,12.102965957953904,19.053641989739926,20.17014962819963,21.156658562553105,21.466793141497458
188,12.987442340535397,25.664192820924004,27.333522366037734,24.496001199643896,25.04518592302253,22.092190245824757,12.420019529449178,19.385489496188562,20.474920892135902,21.43643044781906,21.77253443590641
189,13.32847820913815,25.879414957097644,27.672789641959007,24.802070656316566,25.48932405487891,22.39655742059641,12.708785536195341,19.772291151027215,20.749854108534745,21.75456200298719,22.14959413446381
190,13.582009706502163,26.157413719924673,28.06883476715359,25.16290615191807,25.89126995916348,22.76010401562027,12.943435505327889,20.09631412656143,21.117308132553745,22.118221484057248,22.465409240078856
191,13.86499434996854,26.563973521859236,28.382017831165125,25.526056352591443,26.304791854533217,23.21359106091642,13.254568423355511,20.534127875917992,21.488181106795288,22.421532458650855,22.85409491992835
192,14.107250491471628,26.902550900419993,28.642000219626524,25.87144273255414,26.613773314693884,23.57635876495465,13.512988146529539,20.81209329294742,21.76431330409153,22.77081605320376,23.289408899972308
193,14.376324004641178,27.421780465037372,28.961194408124165,26.203051877548916,26.862657097060545,23.91213625686248,13.807020480014593,21.17208074547677,21.994699122741004,23.04558465371074,23.700003800549144
194,14.667003439888843,27.72256477957935,29.362777448816484,26.580067552781333,27.28149331145496,24.18723463643689,14.048663760307376,21.48251090855046,22.332654399268943,23.389613248369052,24.16265355916518
195,14.95469140856913,27.980573581918673,29.76117837470168,26.791867833640303,27.59911814452758,24.47819747824146,14.29044799410464,21.98189751423427,22.603437276334386,23.804431055545535,24.560432213580114
196,15.235616479442756,28.371380670289177,30.089486839687467,27.03756021625521,28.035197368894156,24.890254005618463,14.598730555736438,22.24893219542229,22.959440005485366,24.217851050059384,24.94038569515411
197,15.495417809526305,28.663019653593295,30.46491829102147,27.370119783407766,28.50802758830595,25.280567965621124,14.865024503499697,22.54732463155478,23.300773863772022,24.559688719547474,25.306250727778345
198,15.83924396619646,28.920045002283505,30.737542871454714,27.784552085246002,28.898468830297926,25.562638931546,15.11377482765211,22.844007207334922,23.58111013918322,24.864800428481704,25.732523503365435
199,16.155920594057466,29.307831762111196,30.97000850867114,28.069981579086363,29.258868405053605,25.89319404869439,15.365264669363029,23.179825728024362,23.945946634721416,25.23291941176832,26.23026316089973
200,16.466442471048712,29.68435336182582,31.285890438123698,28.446653672725635,29.621274929670733,26.206131330600734,15.636354313261505,23.560761276836665,24.32681127065176,25.598559367583956,26.548600718847087
201,16.7242892082886,30.10131161192751,31.620933778945197,28.851728146069693,30.097833435347095,26.452518862526585,15.906447002962484,23.909416376742698,24.6463552958662,26.00231186661577,27.006248897077505
202,17.070738338159284,30.382582364695722,31.997047214473344,29.142329836094273,30.409312936967737,26.734281105396924,16.167695785817326,24.283436617267718,25.006749062630234,26.319461301113023,27.379173716712092
203,17.446646879639207,30.731232831206896,32.30480423976876,29.527005374569583,30.798170401823334,27.016273250113386,16.406430302831062,24.624685271483223,25.42600280090787,26.64086906302922,27.837553442740433
204,17.729165126816238,31.006637534845318,32.54426946132146,29.812459271525793,31.11242379677231,27.318554392819316,16.656585107718566,24.936599291070245,25.857438828411283,26.94402223859294,28.29357692379009
205,18.049178889591623,31.254250233452446,32.87531671428501,30.169987980058416,31.52499357781602,27.707316058515918,16.939650564610904,25.24046788955765,26.326814846969484,27.304521778818767,28.572910966090383
206,18.434420878673258,31.6214090612383,33.07899721612554,30.48924344802379,31.841543317999125,28.096028552544865,17.20848075413278,25.620960654198772,26.671751174464852,27.63944764807052,28.927785043156252
207,18.75637352744216,32.0024323698356,33.31939253569587,30.853443247498348,32.148906405798684,28.412677929139598,17.532372710106447,25.933818079330432,27.030709931329465,27.96492705214011,29.303360033549673
208,19.143897946666208,32.359627397691575,33.662631083742944,31.17654288048427,32.53201916678319,28.761100727884852,17.765988852217696,26.319916582658763,27.357418915720324,28.390482942097183,29.60865613760179
209,19.374682455094373,32.59983841943635,33.96676521774515,31.474257268854334,32.82436313328006,29.092366967595545,18.084545188099234,26.712203736947913,27.688665643916195,28.774728814005755,30.0022247126844
210,19.66789241310373,32.896057669491114,34.286694892914255,31.740319016127224,33.24586588752769,29.425029174903973,18.320636587113157,27.002048033390963,27.997138927690536,29.15283381506633,30.39451887868838
211,19.920626436307113,33.1064395608218,34.472415343094006,32.098563363046615,33.58008553287343,29.741095173291953,18.63499492516378,27.331103049805506,28.33974275643906,29.496432677100294,30.797731723551657
212,20.321134069390983,33.47952844721782,34.76979389141852,32.412608338484766,33.91486796297951,30.061169979908826,18.92402605324332,27.655683481458144,28.664053542329576,29.856280669082558,31.178967285395405
213,20.681015109640274,33.85607856246319,35.04043685112773,32.68942561937392,34.26872668308947,30.33846498931924,19.169223615283197,27.94761494005453,28.99961957946712,30.21640713443944,31.57982319771969
214,20.963828653198313,34.08358304527964,35.2626947305403,32.9930277361464,34.5609738076456,30.733068792853775,19.43352278918718,28.28524740364373,29.2836008182112,30.530994772878277,31.93952827128911
215,21.31218125644419,34.32463966510075,35.577266116301324,33.30661558850861,34.95785139634006,31.162542610656146,19.74284128487453,28.609968889400673,29.720213336941733,30.911630800436367,32.277155652050894
216,21.676681638130994,34.72907530351532,35.85096480836556,33.6954386930358,35.246705322840505,31.435474754599756,20.023840788042524,28.944129171460077,29.991145815314262,31.23214854103842,32.653235898187894
217,22.098079826073747,35.0499999034302,36.15031973022963,33.934170612167314,35.62974543683659,31.76660981553815,20.360813937471402,29.26739024516283,30.40311416538709,31.565436719313432,33.06255976283224
218,22.464677370358743,35.3468787865191,36.32950069175531,34.221688059040076,36.033162553630035,32.06374605120984,20.693127155652654,29.577329336082265,30.71051722365814,31.940952833936297,33.56279505052827
219,22.85770921818553,35.7729255784798,36.6659421520519,34.57042116374491,36.348625675151936,32.43546236387323,20.940995776655313,29.91279164921555,31.030473730149634,32.286341960888116,33.95726137740739
220,23.169934097533968,36.31165469030401,36.88783081154767,35.00742591061532,36.67132150835863,32.67216877184734,21.150839384827847,30.26002166918329,31.399248395477848,32.62888546847887,34.30850372958212
221,23.496809761430434,36.66852016023508,37.12618324959868,35.291098054404266,37.04359740512745,33.02856988493925,21.45688090721752,30.570600265917214,31.77708891548922,32.96372352664673,34.743920140073456
222,23.817194066199573,36.89146798340223,37.36190856705649,35.60467222912709,37.28498621116836,33.409411021161105,21.79225312028006,30.867812394217665,32.18037541143146,33.35824897980915,35.080703084867146
223,24.120769390151207,37.296538058935475,37.53767197387825,35.973144968404405,37.649353714610704,33.6920367585999,22.065108640136025,31.198387160519058,32.51127945861911,33.66291802603639,35.4179861216938
224,24.41238390933,37.56345202137175,37.822962034382456,36.22245070215056,37.980346798701426,34.09721808944836,22.288978263337604,31.506246461725766,32.83546303427408,34.03108575158008,35.72251067018581
225,24.784806684145103,37.80913292912597,38.00780077303619,36.484789411679024,38.287835258463005,34.49322195565896,22.647447949000636,31.943297810505978,33.20432311299009,34.37099503976763,36.09181757663809
226,25.083424378584397,38.187183764628415,38.25741934375595,36.7065453277131,38.568544926207046,34.846571304110526,22.885006260481894,32.24775240554745,33.50456891319874,34.79657214320963,36.41217269648495
227,25.36922389967039,38.3972684024026,38.50160607422982,37.03965088848147,38.83142421977397,35.149830474155586,23.198779767336283,32.61473734163274,33.835116886703105,35.17034345718007,36.731748284243054
228,25.7206866367631,38.72192196604744,38.80754393179957,37.31532985932772,39.12271614930024,35.42111740687968,23.46827102243617,32.986651527888405,34.20149639352937,35.41877431155344,37.06421307210596
229,26.00647544948264,39.013108233598075,39.05977255263905,37.666555297384086,39.48924355376282,35.82853847519702,23.74178027263723,33.31469281042977,34.55997867620997,35.75215408282497,37.41047253791649
230,26.344900404455895,39.392424289183275,39.35481055649107,37.97882263538504,39.7646409988476,36.17370089151814,24.02470209585264,33.675126955664446,34.86973375849285,36.11471683313342,37.75641638445019
231,26.645624281165674,39.63518492141803,39.549822021864834,38.284182717041716,40.053646354487874,36.502858639973745,24.316635065950827,33.98961108514742,35.251466996870384,36.51255130681542,38.12575523540418
232,26.999659614847488,39.810603372516915,39.7794989138927,38.62212278439423,40.295466948232885,36.88509309797221,24.57625925361769,34.29358087115342,35.55670633541226,36.88583536107982,38.416755990534654
233,27.30607978038299,40.11221615453436,39.999414233580836,38.94568974064504,40.649451380418455,37.21673858492485,24.82668348561732,34.638230441660475,35.90615408178551,37.216952859987465,38.79207753328704
234,27.67610950484403,40.36696713445262,40.224367137492955,39.195790832740784,40.97867107993022,37.569066348913154,25.134005188960636,34.97986783338983,36.257719212858966,37.521995047366175,39.18941218544288
235,28.09842912448961,40.559055458799385,40.42955351334444,39.57385659532849,41.323278155805994,37.92783720669092,25.48599058565163,35.2941235038253,36.58699753899877,37.88499632811988,39.57970610142642
236,28.434152721769284,40.75229466715289,40.62488096239804,40.012108211146945,41.586575713314986,38.23982687216917,25.789290831362287,35.63815686865169,36.91046399662881,38.150568407412145,39.899296681468016
237,28.833957666739295,40.95441187614215,40.87000207880549,40.32906259940706,41.92795360979904,38.57731624471707,26.10465999082062,35.92999776279446,37.213696797580674,38.55223082981838,40.294518961323085
238,29.122940635302623,41.24442223190827,41.07117174863,40.71742536660782,42.15084018240186,38.886694236287056,26.333347811414782,36.21201291490277,37.49653089357676,38.87845683335865,40.65272994126358
239,29.435092091443703,41.56127433020443,41.329697778212775,41.089220094799934,42.41799904641176,39.267459868292256,26.624675600878895,36.5534638436183,37.812746988571654,39.21064839601613,40.987948021040964
240,29.77159152361604,41.756371456746834,41.51419641206823,41.408436589463,42.77714359271074,39.62082280043969,26.965763108769014,36.87451119969984,38.062839759936246,39.67050982745395,41.30411806435661
241,30.07183636042673,41.95036898823577,41.854337955164304,41.6692333575278,43.05713663206287,39.87612754388248,27.280263053877242,37.1697600207233,38.353588180011855,40.034119935951054,41.70870653430974
242,30.432499771331038,42.24803003563746,42.1482335939668,41.973199615655105,43.35184471950323,40.236368734345184,27.529963747817433,37.486153484480944,38.65088296868246,40.32869018163727,42.034962307418304
243,30.73169103123265,42.491835480323694,42.392062518680234,42.277357116314946,43.54190943541413,40.53051821373044,27.867167940082794,37.77617479741956,38.966296837057826,40.703890677608975,42.328651994783066
244,31.09330363615157,42.73916033483017,42.583149586860834,42.55419810112108,43.818292104379765,40.90495542445116,28.17654388914636,38.09459935998938,39.25098522715443,41.059546583984144,42.686519966766156
245,31.493000921060972,43.02902632192166,42.818487329438256,42.76601187487029,44.108935532656254,41.18773971203284,28.53205121440439,38.421794302977666,39.529830701661744,41.383342321789776,42.98793822030891
246,31.79959100128537,43.19761753177812,43.19545265960643,43.101247476904646,44.35917826201213,41.557127240732996,28.870359689552412,38.82020455572138,39.84004000938629,41.803923714456175,43.23984340475
247,32.03474584332254,43.525227501106706,43.36247849855659,43.40431238411644,44.705445223830395,41.878636994491494,29.181464379289956,39.16613207317538,40.06692636059959,42.12368304014065,43.66133167794023
248,32.3103732098278,43.8853728351169,43.62231428688454,43.6688180192267,44.95458069307503,42.190249052861205,29.447610648080584,39.46611404104942,40.41762145630972,42.49841178745618,43.940940363713366
249,32.61621750611074,44.19016320214907,43.86760818779062,44.00282507030828,45.21491882077287,42.45792360805983,29.74235918108134,39.85104858563396,40.68196262543934,42.83126392500874,44.24052677772881
250,32.90650231639734,44.30099025659718,44.02268191430342,44.24734919732154,45.489862335104334,42.72493669570229,30.047818581348913,40.208966580735975,40.97408448648519,43.146059624315406,44.659208508039306
251,33.24074018221639,44.50726779817623,44.35059131155381,44.518292264952784,45.77845336570049,43.01180814938582,30.402685663691177,40.57728210070557,41.25073250306016,43.59488228044771,44.95128518471347
252,33.49121480581959,44.78685072447897,44.6146334533994,44.82112104714954,46.07783428828545,43.30005164202517,30.655757901130688,40.889074631186936,41.543477312906,43.880285058955884,45.29151245604351
253,33.79130007971724,44.85987294074586,44.822926548038296,45.04665350339624,46.31024085270885,43.555213867952695,30.992571206135604,41.25072771564158,41.84154854725367,44.20629454228058,45.56966720676762
254,34.160303615297956,45.1646165295463,45.11730886949187,45.39715745903896,46.5869770823963,43.880679138068515,31.385713983395867,41.54353163794902,42.12654426336709,44.53988321316599,45.90222656345529
255,34.43159240767197,45.424450094280786,45.353035696175546,45.65820948149715,46.88925763901382,44.158989331385804,31.65121132325484,41.91822346761846,42.42716340492312,44.873390407627966,46.232692419289975
256,34.74096602576527,45.704317060916246,45.71900522691329,45.9511985762409,47.234119388059305,44.40053229514623,31.938583918060143,42.244072043508275,42.727361446734605,45.13669360593748,46.50182639163006
257,34.974715542633895,45.99291019571878,45.916091159131184,46.26744266896951,47.47277337743282,44.603093112056804,32.27878015291882,42.577074071585926,42.97659723555454,45.43234846504337,46.82088698441607
258,35.34885099385413,46.03834231343996,46.09822605509868,46.51127878546104,47.65749240977527,44.92590993990651,32.63680574541815,42.88057639037849,43.36692433241447,45.743091108139936,47.179384875490435
259,35.702015024826736,46.13474512106999,46.28846616675305,46.802481299781725,47.924671082474475,45.190121384437,32.91203295166047,43.23511289966326,43.665423194995384,46.05960045678977,47.50769561387532
260,36.02324142515947,46.34640258786685,46.44580994546356,46.96799712113236,48.18182244308107,45.46067026933898,33.14337352057848,43.556939703762154,43.960183964903024,46.46104226598643,47.813855852296044
261,36.32633734709327,46.63258808480771,46.652592228485034,47.198567172039766,48.40862397877907,45.666227599804884,33.470832000440076,43.905997058362146,44.23569094957306,46.779864127207446,48.16435162600044
262,36.661600242751824,46.8771441015838,46.84431193586937,47.44628831467816,48.68597747659502,45.95312061734238,33.74259382248591,44.28976800550599,44.51941600343073,47.147005171922785,48.47080022784386
263,37.00559383034442,47.09540818482216,47.06656495561247,47.75836573143961,48.862062393600944,46.20540195630631,33.97523960935697,44.58315301071601,44.81841009646086,47.56735782834218,48.746454563798636
264,37.31699631419414,47.1881353255369,47.37812767937576,48.0609594123236,49.12358244403913,46.46083044361394,34.299917114109455,44.878164803354395,45.11648670237751,47.897485038610746,49.061493444219316
265,37.63067414598135,47.386721621522106,47.53399046574131,48.31304085490604,49.37651104487157,46.73782123904072,34.581306272708105,45.10617902208737,45.380206963786435,48.2682635072109,49.295206440838335
266,37.97639565075071,47.53490668848894,47.804683092136166,48.661827317080295,49.609306413049225,47.0236567890639,34.83981640651469,45.420289739049984,45.68187737769784,48.53734344162949,49.53904145093891
267,38.36588744405711,47.83586951205106,47.981634782459075,48.95917232180398,49.79612187540609,47.373987459218206,35.122027632229866,45.73113959180747,45.93742333394405,48.82025915924544,49.843820597544045
268,38.61794392417572,48.03753973284503,48.12524426459852,49.19805009896239,50.08271221956364,47.634310441943015,35.39298215935291,46.07104569481228,46.29482432198701,49.030804100330414,50.148747341250065
269,38.88086229287428,48.16452234783627,48.44636600923924,49.41081301292981,50.35695709709637,47.90424373492284,35.63588165002583,46.398002366552994,46.578836510036396,49.33542233150037,50.47627427090309
270,39.23050184661196,48.21202611511296,48.7352128824798,49.62828526459994,50.68731712078831,48.105948779760034,35.895086506529786,46.64736564227653,46.858695237056764,49.57378541158258,50.789939229334635
271,39.4973689607701,48.40602164834168,48.85433637872668,49.85894883122889,51.00189651606543,48.318929393128506,36.22595049065044,46.90128443031557,47.14881329371017,49.838257994885886,51.04331675850893
272,39.787023440792126,48.58526979338368,49.070335708517504,50.1498060640151,51.264144722304614,48.62780299755489,36.55957730904252,47.191314706113076,47.376630756263935,50.180599266284496,51.315251135663075
273,40.1379768638802,48.89791296816865,49.22123626726214,50.40301582973093,51.520414199616674,48.85291683863846,36.84364079381297,47.52793815354013,47.713906204375945,50.4546767555405,51.591972513776916
274,40.50101770025266,49.063614384743,49.38879710831372,50.66795155065116,51.7317559890833,49.09849651310197,37.13650202993551,47.80808495877951,47.955029776441975,50.7926875686134,51.88148789914905
275,40.815656514109676,49.216334896087915,49.586414230540264,50.89192776259185,51.860818969672316,49.38710358932674,37.40401094123043,48.039927080201636,48.2357847861373,51.085444581506465,52.16587034091946
276,41.048228660417095,49.46811995843054,49.69448748400327,51.10683930518732,52.12034230322033,49.67461151806035,37.6812326362851,48.38647697418776,48.587937503367385,51.34149060944343,52.407789344794594
277,41.3706258034823,49.60716016067088,49.93489628464267,51.3068093604277,52.3135397781473,49.93796978173354,37.995019387034695,48.66737357591865,48.85297904087032,51.59698820747379,52.688936515348125
278,41.646241609387125,49.76569027869056,50.18675651033654,51.553923071136765,52.55447960668009,50.204868432891104,38.28302531634231,48.931944498696396,49.111847359612156,51.859268074003936,52.947965179238835
279,41.93845575968176,49.98147573094108,50.49003081595067,51.78933135129847,52.76200722634745,50.48125910717396,38.537430783267496,49.20275361369008,49.31957245946603,52.119265230362124,53.23403518523146
280,42.15054463475388,50.25678969769518,50.740184225781334,52.0052460258731,53.013347808258025,50.70372670552484,38.79834470259994,49.46006737010413,49.544052719473164,52.38411899007043,53.49006516305042
281,42.460561534132786,50.42354423318793,50.92875082319793,52.2602586311706,53.21831218927194,50.9736568469468,39.04121461969701,49.68325958583079,49.79413296110345,52.66424332726925,53.74005286787339
282,42.76038938961349,50.5182811128921,51.06970365528881,52.53375719629242,53.40807876924581,51.15674485776257,39.30795150477493,49.98283386263006,50.073584322994854,52.873554141823234,53.99327767612016
283,43.02575744798139,50.585545423257514,51.26143632553236,52.815467938625495,53.56573515929745,51.414330569469726,39.625776741595025,50.26507846527858,50.36490471599616,53.20085386939773,54.261698321993116
284,43.35426735067553,50.75123149542752,51.43717834148518,52.98796838565089,53.753610032042744,51.66866079664039,39.887204261272146,50.577361781653096,50.587216520234826,53.54715396325835,54.53820439924741
285,43.69639286992079,50.837510961196585,51.629505405471534,53.25837061671703,53.93150683088624,51.94454963248742,40.20161090137513,50.86753432268979,50.85868840388489,53.91148252527783,54.852644554409515
286,43.97992085396593,51.000817940313325,52.015919551465615,53.57911663554582,54.1274075962433,52.187719418962054,40.49944459293255,51.24742097336462,51.07144523902187,54.15608269206701,55.103931850358514
287,44.282037330405124,51.070587540622284,52.17330721058985,53.722627747587694,54.35302350947232,52.39410557921339,40.84480073600714,51.55137842417148,51.38959807156242,54.40405092707783,55.3378269306475
288,44.55560537379449,51.12481639577623,52.38911549049392,53.972913300906185,54.52175342394984,52.68078868368136,41.0708687627433,51.82593964047174,51.66013140005585,54.64628801696683,55.56736444073408
289,44.79990737261343,51.29586229900308,52.6107349875665,54.16889057845262,54.71725221344595,52.85102997531814,41.30727911563471,52.08135754997048,51.90891931908841,54.917873697614205,55.853651168428584
290,45.11093728318834,51.507174203309745,52.79019308667968,54.32533023081799,54.953152154537534,53.13001888814208,41.63986886087378,52.32007595595148,52.16160455321622,55.150118156551784,56.102231495375776
291,45.39258793010752,51.72832625615382,53.04678486338628,54.52030097164432,55.22143665905986,53.39010315345939,41.89519892058902,52.53616994936311,52.441418757746604,55.39822237087011,56.360452032232935
292,45.60682310743049,51.802818424249644,53.35659158511354,54.77929388341926,55.39846988416192,53.58625971499231,42.2016630404921,52.85732209799639,52.74204950842889,55.65718289994499,56.61495327785463
293,45.91756602011328,51.89977001499817,53.5585484385834,54.985379991077245,55.61165147891731,53.85096600531061,42.44278120784851,53.14968503320202,52.95401554415386,55.853840491717975,56.84593410831137
294,46.191160606166,52.04253216830694,53.78512202960697,55.11973888144153,55.86465144555579,54.05563551188457,42.71473776470113,53.35772562737717,53.18584496290719,56.02122107394757,57.04353859108539
295,46.40129762040966,52.249546340241004,53.97261466094832,55.255526039542055,56.11728664822162,54.296241314295834,42.962043662095354,53.64007232975197,53.4086164991991,56.28071826168187,57.33128654487976
296,46.67868378976399,52.35317063917533,54.135141516756406,55.538810214078424,56.37773048783304,54.44405418466117,43.25055273984693,53.8504280198982,53.680539157083764,56.49907580106316,57.579289449977324
297,46.833548366280326,52.44242783495263,54.31173662159253,55.78272506393843,56.587897273351814,54.6761506636885,43.485978502392605,54.088452422400536,53.85963079965228,56.7319792963117,57.8215496958426
298,47.14666864434645,52.538888956219424,54.54406589721443,56.00406339106878,56.79132335691545,54.930583981952495,43.75682228551323,54.31897035206885,54.115770778204904,56.920547166775,58.05397436474998
299,47.40575544797872,52.64616925187473,54.68834917712632,56.22638174684251,57.00536640854526,55.14070846754049,43.99400107184531,54.53596732911495,54.392193649294555,57.09690187290034,58.29863953153399
300,47.61721085985804,52.70992082578644,54.9207624791713,56.42415791681098,57.185823931325345,55.3534523821983,44.24770057202874,54.748944150928594,54.605195817525555,57.323038822944696,58.55955892332499
301,47.89958294178595,52.93453064384705,55.15161149925102,56.590449512360394,57.3816093064636,55.59380525005929,44.49843650865956,54.97959746263803,54.83211932763701,57.50730963759554,58.79371523508201
302,48.19637691117322,53.04193692090799,55.38061842905729,56.79618994042478,57.53657910411032,55.810192205390685,44.68229936902512,55.18218013908122,55.02577080493026,57.64799330972923,59.029365002460175
303,48.42114065463662,53.07360129022233,55.652601151857525,56.948230349567694,57.70199577636513,56.06353401969735,44.8445331808594,55.42837132124685,55.23858920789547,57.878291784104576,59.30860200505047
304,48.74297208071866,53.25341200807936,55.8051518118468,57.17529162413204,57.86023245449541,56.24040801421516,45.1013817994379,55.5944140358755,55.44313672127841,58.08593873351009,59.542911318801416
305,48.977532826540155,53.25624927672706,56.07692534156947,57.44154779978814,58.02619814771302,56.42090418247794,45.32961943219366,55.889008078047056,55.717986876324865,58.29506136633458,59.76418183709079
306,49.30683261613494,53.39191861242391,56.25278708354644,57.58320156056009,58.261218002556056,56.64741009190982,45.565436210159945,56.17916626077288,55.929759942143484,58.52801774659165,60.02781462453783
307,49.48847714057526,53.473238914303934,56.38351934924556,57.69691082109018,58.43401002448228,56.88488857160448,45.885766606285216,56.35630575415374,56.13937025590779,58.73831016253869,60.25711992584573
308,49.78144507082573,53.554998375160565,56.495109978709266,57.82539529242909,58.62681641445867,57.08352029043955,46.15269844040381,56.624329855676635,56.35851036246883,58.9515568415472,60.48057834919622
309,50.0116775083403,53.64364535056754,56.65325033386828,58.00535707074337,58.83907807020482,57.275239249834556,46.47515966736622,56.84846760606417,56.56108101831365,59.129766722135244,60.6891115815049
310,50.26446722886865,53.670088324224466,56.81722308009544,58.216843540774434,59.060350147016315,57.5201203053949,46.71295214796881,57.066331870795295,56.757939958435685,59.313581647743554,60.903107741578175
311,50.45233648928317,53.743288020844474,56.996066426789426,58.44577317072462,59.24889255999087,57.67801498019837,46.94419505269648,57.264966966865416,57.04127187438674,59.49359945405806,61.12984301229892
312,50.69443255347098,53.82247679526163,57.213955666350444,58.69567762425261,59.45489420882647,57.85192963010647,47.13583412875489,57.488218221035616,57.254997707406396,59.75617365199215,61.38716491463799
313,50.9320181520248,53.9740813759711,57.37360033448582,58.89534889737652,59.59641364307471,58.05361428299809,47.38992999857718,57.75923884823009,57.52539258318632,59.929530436519386,61.606959000015685
314,51.157946979193746,54.062890766481296,57.559146607867426,59.10324812001505,59.76810182790406,58.30964403103025,47.570082232726776,58.00886519590879,57.71990118731453,60.11523756318675,61.79194418473828
315,51.38900008459804,54.28780061511071,57.77525626663951,59.301606776388624,59.94348756556816,58.50332923536609,47.82133011064937,58.23293822432686,57.92107422897336,60.33142087530272,62.0037762706935
316,51.64608799758032,54.34082447759454,57.90027686091078,59.44282641458475,60.21067793720901,58.746933515025724,48.000532843136426,58.427258065273556,58.15767291081503,60.50941125647616,62.18450467454324
317,51.84068748829728,54.4465824717491,57.97779897854854,59.65158403027269,60.41987727377154,58.94210196580204,48.222849803821816,58.655989166055356,58.36302777883133,60.699297442902335,62.36483204379974
318,52.102922208616945,54.51080904419402,58.08502236322541,59.85419422440248,60.57695126861425,59.17058018436844,48.44691261671892,58.85099472409606,58.602597747103104,60.87458506410417,62.55628541443667
319,52.32052043109419,54.56872206825905,58.21021468806066,59.95179306330426,60.75558956531359,59.42106309724501,48.64761738013262,59.06594177622409,58.79825741669733,61.05640752520395,62.79250601755225
320,52.49718078165942,54.77143245365737,58.36659633561386,60.12179981246042,60.92176505492798,59.69674269771272,48.873582403227395,59.28645142658561,58.97854693773799,61.23282671614857,62.99419815391744
321,52.67816221710494,54.82926978403631,58.431883161544675,60.273732912139934,61.05338534966403,59.85145099116927,49.14691803081987,59.48151544574941,59.14052151978151,61.42477900850321,63.1597380299549
322,52.900905529467664,54.966161079680106,58.49551994216715,60.497603659021124,61.26538091632209,60.01531117905583,49.42089008311786,59.61377434848886,59.37322915370849,61.6624456412034,63.39140885387029
323,53.197324055522735,55.051908307249576,58.65197489660983,60.666520340291676,61.43433049855105,60.22932219378813,49.637730753268755,59.8391378393788,59.617007476013015,61.87392863893234,63.61613312066721
324,53.40757001412276,55.115235216450344,58.80715080525384,60.774930533934636,61.64440051518667,60.42739795012364,49.91997183623468,60.02956193853635,59.75518983192231,62.10769424250508,63.86354292842871
325,53.60740037921676,55.202655629114346,58.860273213363214,60.92928615900175,61.8098788983862,60.58497858968207,50.11665749495313,60.223561069711884,59.95434176152333,62.32746101460215,64.02859393398828
326,53.84238508393517,55.382175592655614,58.94773008769014,61.067608725228595,61.91769073634226,60.79270364447079,50.38933262304987,60.45252332784708,60.12444589824014,62.54163189826916,64.26359968821193
327,54.03794525649208,55.480690422506804,59.044567245242995,61.22265239677074,62.07268166195878,60.93457642829554,50.59651988196928,60.644830301042376,60.30976866098099,62.73618137627503,64.46081790633531
328,54.284560584146305,55.55778821460153,59.16058620179436,61.386226550086235,62.31212622218914,61.09420988400449,50.84745394317763,60.797559872214755,60.53715033590857,62.95226774092988,64.64084839707152
329,54.47207518129268,55.58119209422219,59.259500961805045,61.511421133839214,62.453260659040446,61.28080349379127,50.978236429603506,61.00440059229912,60.77242297826484,63.134345014698326,64.91046332739394
330,54.66025593988824,55.67200554093512,59.39112106492074,61.602315965777024,62.58370456406151,61.5476881729212,51.20133837739602,61.18665793304716,60.94497106601304,63.341188829843034,65.13924506397912
331,54.8808494128921,55.74682679763061,59.51515219405351,61.77458862438171,62.75938193085317,61.76515819501661,51.43663595835606,61.30782287675309,61.17035516827083,63.493611219411136,65.29210343946687
332,55.130770612042426,55.79738144539874,59.573469154111194,61.9750901124103,62.939363457267774,61.909934025519696,51.709065958312195,61.62513853238184,61.319413611629024,63.682568744478864,65.49217623308348
333,55.36788025449013,55.78155625682141,59.67609067609377,62.12824844503652,63.096902716615865,62.14903538630491,51.92594491162675,61.721119272354755,61.55338887576834,63.869714999126245,65.64932562380841
334,55.57172675743547,55.81262300033376,59.744858795335034,62.35413200052369,63.24024036859598,62.357500898866036,52.13242424421763,61.888605659839754,61.73991917738657,64.01314241509736,65.8058895313263
335,55.84249770219436,55.89748973564659,59.88779257242399,62.52295223904692,63.36676777348307,62.56020894231984,52.314821027107364,62.04825140354405,61.94840294419649,64.21340239890678,66.0295231553563
336,55.96972522984118,55.9110427349832,60.15590554410534,62.72077159589489,63.531234012919356,62.743574742055266,52.528812528517086,62.169278451223654,62.144377368897494,64.39885027595362,66.19449402122018
337,56.20987471503038,56.036457500968126,60.26430947696839,62.92993186816821,63.73809122310765,62.89503215462792,52.758671084043876,62.32930306741654,62.34981359128828,64.5540808094148,66.36503120176579
338,56.39733117121053,56.135674830501955,60.45282391742247,63.107894313408195,63.84641634036024,63.08315340794907,52.90929358012006,62.4364354459481,62.570050189537376,64.7094981676021,66.55980665149573
339,56.540809488992636,56.17388012798605,60.539884935940144,63.30636378059993,63.99801677832525,63.25896110489004,53.10165892229634,62.563652853697825,62.76666775868356,64.88370381381273,66.72237786573412
340,56.76432638360344,56.179222567098506,60.682074797617645,63.42191631350331,64.1800725763459,63.4402627027567,53.256791220204505,62.72634262560898,62.97147444314402,65.0087779493891,66.86192353805532
341,56.91536430214551,56.144945715785546,60.86898364651881,63.58242154408816,64.30764619281334,63.639505599518905,53.427023070589684,62.90119507734884,63.16022620395877,65.15134570682459,67.0083801192896
342,57.1106392368379,56.29653815550485,60.94507820122149,63.72774774952148,64.42449910746942,63.83821205713216,53.59783615313515,63.0693402057394,63.40874547178173,65.27001333641923,67.17761207122551
343,57.293224831328615,56.38614231922138,61.10258520206199,63.93858178931491,64.61346098669017,63.9809405252129,53.7566897998296,63.26491348701001,63.61480600168282,65.42528688319273,67.40350766635427
344,57.46908983085971,56.420692238273936,61.16465415739971,64.08557455587298,64.7156321952686,64.18443356658388,54.01698285861779,63.454541740641965,63.80773565234734,65.58070887629837,67.59299013265664
345,57.684425232167825,56.47177292112996,61.25392032153911,64.18242672046348,64.84162832616447,64.36047604385521,54.241548258831116,63.57777454624286,64.04532286794314,65.6905434141188,67.78678631550787
346,57.86706459818082,56.55334021305421,61.40285760978914,64.32255280544727,65.01464050552025,64.50754994162057,54.4532145912388,63.76974616918801,64.25426833835489,65.9025678853133,67.95476342282824
347,58.0541908743781,56.572461245542186,61.48820443292477,64.43718123254877,65.10514687434136,64.61473280500097,54.68515670565669,63.957146024760235,64.44307305324746,66.04875298471612,68.09242421442922
348,58.249156098613206,56.72171164562012,61.58076569183189,64.553706810568,65.20259981704305,64.86206485297775,54.86358441081658,64.11806518700845,64.57015729833387,66.21509561382769,68.29656385006753
349,58.443271497369956,56.76497957719735,61.7389408554469,64.68696877618225,65.29785304564476,65.00377889169664,55.12115418588448,64.31418699565901,64.80866307561988,66.32310974515558,68.46766334736203
350,58.61356970468156,56.75892590610544,61.88560070610977,64.82889680889043,65.42783857632655,65.17026320486735,55.334537501549185,64.44860517017493,64.97717447887338,66.49460307273708,68.6040285875641
351,58.81563603475621,56.80746442088217,61.95457080755201,64.97945865379779,65.54040515866869,65.3209839636403,55.567354589055064,64.59044180513315,65.16736440642572,66.63407442782331,68.72994843127857
352,58.93619645055067,56.92340091448984,61.99683762175577,65.02356632070679,65.69905725346244,65.45060063206095,55.82306325312092,64.74724700822247,65.348345711187,66.8632503817949,68.87466030245426
353,59.10713437494978,56.981545006070064,61.98724327195866,65.14486731609429,65.883368055819,65.65077353043421,56.00783032555383,64.93710501363142,65.54484255204908,67.00261105440339,69.05657805752168
354,59.25501405381732,57.01377201273444,62.091240205575915,65.24159746892498,66.07694299537529,65.75377183471808,56.18194961245886,65.13010697950295,65.79090216663452,67.14893458075187,69.19966678181727
355,59.434847542382755,57.11066405096381,62.2622764545097,65.36695869918529,66.22275340744837,65.88290045758495,56.384636738266195,65.28271384932863,65.9501786534304,67.30368440282285,69.32347105389927
356,59.610795303338335,57.10094528614369,62.30008950903879,65.48334898823106,66.34323970195294,65.96064551448127,56.61284353545072,65.49668552214312,66.20432200858626,67.39941866419966,69.48505335375253
357,59.7942927672876,57.10276237052641,62.429294332321184,65.58470594607975,66.44916919574842,66.10745344744062,56.87490805787978,65.64809956508121,66.36058940083569,67.56260644974392,69.68648964528683
358,59.916504983902364,57.18205043078225,62.53779945034367,65.76015026313786,66.5489750149411,66.22058494442209,57.05790029323663,65.85926871533465,66.48354658498127,67.69953127325785,69.81967995781619
359,59.98928479642521,57.177864261721304,62.548724349864415,65.84000538090771,66.63638784934543,66.34477906550643,57.238706072088384,66.00303668086089,66.6224960007149,67.84023067591785,69.93953405107752
360,60.131090531588114,57.21742609781224,62.65474000704829,65.9574008315094,66.70736786998302,66.45747729657407,57.46611185821108,66.136531517748,66.8000075268825,67.99448099846302,70.10004531291236
361,60.31000122734115,57.34092507215066,62.71480772476098,66.07445831887985,66.86017186879037,66.59548728502315,57.69637343333739,66.3046403033251,66.94670578810906,68.10166869410914,70.2334683891193
362,60.45379491366455,57.32666368536188,62.78423834999738,66.12205441667022,67.0197407557479,66.73018917940502,57.87723810764977,66.46039858232066,67.13034286761774,68.2290356907553,70.39848962433396
363,60.62992891416607,57.35188634130879,62.848804354891385,66.37077489411459,67.13528578294861,66.85627205502675,58.04361377625118,66.65210550475946,67.26646382917723,68.34803550092437,70.56662062180226
364,60.79034063279747,57.449001792175345,62.96897083264113,66.53725244630566,67.22009716246498,66.92582057304637,58.21601620527688,66.79453796641214,67.45663552461893,68.50466467836426,70.66920791874426
365,60.916313987765456,57.494726052202516,63.08741636191794,66.65867865737431,67.3910750883059,67.05064124977739,58.45051552642424,66.9411783032721,67.65929062534389,68.64292203684171,70.80567733695167
366,61.06995007298251,57.4978113823294,63.24213276090392,66.79687450073394,67.56528091059717,67.19915561734662,58.707863645350486,67.0690832916983,67.80150941317694,68.75781338405567,70.94359810652034
367,61.204161432057056,57.56945746244712,63.32804552131967,66.9178633755066,67.7260505739284,67.37366993804332,58.896141421357704,67.23080978119027,67.94652018175766,68.90397307570146,71.03872742842024
368,61.405623019722114,57.59753477715564,63.375217237978134,67.00963917164152,67.83469204393829,67.53707048609317,59.014861563791456,67.40077273950735,68.06548731949292,69.06554340000602,71.1517762923387
369,61.56240860057554,57.670118055770494,63.40830168334644,67.10305275716134,67.9165212881814,67.66498899413267,59.22753254198828,67.5369436847489,68.25491775767921,69.20240349951023,71.23414413364594
370,61.740094364749694,57.68907642345241,63.518161155438705,67.22205693856702,68.0028440987552,67.79537240940667,59.38826728145216,67.68055483325475,68.42390004025482,69.37788285696634,71.40899759109084
371,61.87479377409576,57.70184078942345,63.57558890347062,67.33394876079437,68.10542761873823,67.9071575211031,59.564942340029106,67.81324542991203,68.5505619820362,69.50959755997562,71.55064250019119
372,62.01615015962045,57.7890333074209,63.61924509324328,67.44961419231926,68.24018196777739,68.0863388849883,59.75995018247766,67.93745547199372,68.7104902988466,69.60361539000384,71.66684193163893
373,62.16879583935771,57.794470326356,63.68033413965646,67.53746719395146,68.37298796618592,68.21841549717234,59.91141720521522,68.15062469086126,68.87453785193343,69.71989566076734,71.7797758798746
374,62.35446887076872,57.79095452633268,63.765710195332204,67.70033553168375,68.5442442903728,68.31713781493804,60.067101276260004,68.26680081415972,69.04977717206965,69.88198280322551,71.92123263094594
375,62.459374417635736,57.956267694571096,63.86870880388078,67.78446471333882,68.65609910136911,68.44750904435587,60.239751245056375,68.37019907270526,69.2379429972302,70.01075637224484,72.05226668992164
376,62.607949763395176,57.94624561317274,63.91737278953996,67.90465837287661,68.79182440787463,68.56897569411038,60.41108593750897,68.53255515831366,69.35316128793525,70.18934439149471,72.17339322538318
377,62.758049337405495,57.932274696517425,63.98268903275397,67.99824309629037,68.9045117825266,68.72554347975057,60.57652885705277,68.66513356957012,69.48976132683423,70.42140762917643,72.32051427101814
378,62.92458367895535,57.9810423102584,64.02783814542619,68.11308304966013,68.96441558156876,68.84254169809775,60.74922488989192,68.88001473875201,69.62304330000508,70.54903598027845,72.44723306049423
379,63.04786225326667,58.015867595544975,64.0763330619579,68.21357084441475,69.07218394691252,68.95211294411794,60.862066369573256,69.02302310729692,69.77503440685959,70.66289096376921,72.51742514119684
380,63.15493083536109,58.06361790891078,64.14939859503525,68.3878695593323,69.15742851388401,69.08024731565578,61.05238334195309,69.1270532368816,69.93706030475072,70.7968239957298,72.69637599716266
381,63.30008232074056,58.163350533255986,64.20143774670427,68.5374869196224,69.23226942474425,69.15157403648475,61.20561698749442,69.25583106541477,70.11916088926287,70.87682524814515,72.84254869823087
382,63.40709264914926,58.22272939427244,64.24456769454429,68.60258399597788,69.30006178435985,69.27699996269713,61.374628236390514,69.42054488800586,70.2386596400377,70.99617612583775,72.9666207056948
383,63.576630683454425,58.19213406122824,64.27177149968207,68.74592200968581,69.39123409251648,69.35665453196425,61.51318221752711,69.634526095105,70.39343499980316,71.14067278110537,73.08628371164204
384,63.63780917416905,58.251956547380054,64.29546347508355,68.84051303188998,69.4460853767702,69.4719953704261,61.668562480097236,69.7515138871908,70.5260252915566,71.27675411055272,73.2259726544086
385,63.8294769172355,58.23524364892789,64.29768602560083,68.99376293428017,69.53701146804516,69.5963488503777,61.9131742675876,69.89642813225052,70.66975825387823,71.47014961815466,73.34751166378192
386,63.99061706998685,58.25950962468159,64.39763205329703,69.14198075207649,69.62835990575987,69.73534382851851,62.10171770245435,70.02589578530875,70.81765099618852,71.55758025014518,73.46963182156402
387,64.17808267182404,58.244121207332014,64.49585122646745,69.24683735116265,69.7280985690877,69.85372813902804,62.2851392927356,70.1847262222162,70.98053291124964,71.67454440975933,73.62372398471369
388,64.32617144067316,58.286884402702896,64.55164962874984,69.33983705250517,69.8458270531991,69.93210271866205,62.518004464139935,70.32575276423889,71.08756766546456,71.83747018672939,73.71323807541737
389,64.491565546499,58.31504934034955,64.6502335999685,69.45172524045817,69.90583905498305,70.09845462814307,62.699730897443615,70.44668637645013,71.22556101294872,71.96771823932063,73.83303562016276
390,64.68770713872753,58.29689693589329,64.70710731035555,69.54753261394765,70.0276001708646,70.19599177344999,62.907735210730294,70.59964129956865,71.33753461286392,72.07165685551139,73.92762969430912
391,64.87008181738409,58.35560144464551,64.80907225260718,69.5699215164858,70.1354610586284,70.30828932131196,63.07062104140173,70.69588303255948,71.46146925115326,72.16964707715213,74.01483574945398
392,64.984228512652,58.38662878549453,64.88567029606726,69.66414786529536,70.25999462831719,70.42365549803054,63.22555863129029,70.86360402643032,71.58787458270596,72.2740959253454,74.13020032932882
393,65.13039658798635,58.39211633061488,64.94299789895811,69.76341811022118,70.42238451730661,70.47418016597237,63.39170817962882,70.99394233226982,71.75336679077895,72.41319869891133,74.24816983869256
394,65.23967698524311,58.36581388007174,65.04567716586709,69.8420380988279,70.51681407384173,70.56119399291183,63.56256741483762,71.11159448710936,71.84076875221284,72.53520300195812,74.34282567244061
395,65.33575224571247,58.37045813429519,65.10374518506315,69.9748924316762,70.57912493129778,70.73855012862192,63.722839971878464,71.22792590351533,72.01632681237001,72.6216962130755,74.51690190845505
396,65.51799305641906,58.32941438071128,65.14554330078532,70.06965162148964,70.66428912128863,70.84165888527541,63.86710996792782,71.38625327441298,72.15232977062944,72.73188741486392,74.57276879520536
397,65.61897177450932,58.338771555864966,65.18202087509906,70.09095922367818,70.75760416014411,70.95219016953862,64.05705521944382,71.51710694199328,72.30095114267408,72.91607441393532,74.70040852477501
398,65.77274384078252,58.358703389683555,65.2932798352717,70.13963925245604,70.86630363465538,71.02297713189807,64.22579168110347,71.60111830373064,72.3961042384975,73.05617783800365,74.837629710677
399,65.93475053725457,58.37542379053618,65.41211665735668,70.27894431947878,70.97800910193097,71.09729967593495,64.37857658262911,71.68758968515131,72.56051008239636,73.13871003023824,74.92758231829558
400,66.03897310756264,58.393000089051895,65.4036294615001,70.39099933982581,71.06696767770408,71.22163412830862,64.6292446903325,71.80166639182806,72.69824119959607,73.23117129562615,75.03152379463829
401,66.13884752897482,58.39220732481712,65.44250445605269,70.52357620943818,71.15389099800694,71.37630681748136,64.80670807451034,71.99772034094387,72.7866407958702,73.37298629669303,75.12607636844675
402,66.27323685369771,58.408936242966426,65.5360050837618,70.58993257545109,71.26611355509094,71.44479410514363,65.04961793709933,72.09705861848099,72.85463489167086,73.47178868675863,75.21966167528309
403,66.41853985954165,58.46586808130787,65.54900709960648,70.69711058711212,71.38432589211189,71.51615406537053,65.22459884488933,72.19814896514524,73.00333012065076,73.59472236460195,75.35431458510648
404,66.53166817461654,58.476410084072086,65.6373593309383,70.7999133491782,71.4581672035043,71.57758260515413,65.37296262444012,72.31140703277468,73.12598414610441,73.68531480925255,75.45962487391346
405,66.58820884842117,58.50777386888614,65.67972040373782,70.9034203395406,71.5626914390172,71.64525005334932,65.56730930451825,72.4049057951234,73.2579446432912,73.78208493327597,75.57427262490592
406,66.730465216493,58.538316850844005,65.75391529899667,70.95074896920828,71.6301319645475,71.7832661033161,65.74698101391903,72.4905119566983,73.3567678318669,73.85768245313169,75.71493543499273
407,66.88830015506691,58.53845700984493,65.76538737754016,71.05895393196305,71.71976687209006,71.91993808711558,65.89167090067637,72.58804859474695,73.45120262389506,73.97953764465343,75.79782453547195
408,67.01348907541902,58.594141957601686,65.80159073048308,71.12781832382105,71.76871833385883,71.99835307869776,66.04098968617195,72.73655451748749,73.55378708712021,74.08657472592957,75.89014957111927
409,67.13561604856173,58.611643883097905,65.813147678784,71.18759305174352,71.84668321444168,72.11180204454874,66.12426533942507,72.84987626965584,73.65783358944107,74.21686902735377,75.9876406799488
410,67.26259435307684,58.665303652452586,65.8627527496132,71.26821187106734,71.92907193420763,72.22253682241907,66.3253126843938,72.91989558147165,73.75348880152846,74.29844055571186,76.08308115487586
411,67.33488712459292,58.69086434672299,65.9251513165858,71.33332897196013,72.02194477066689,72.32567748844639,66.44931708979964,73.05745530188912,73.92577689571854,74.45574642415251,76.16042484598086
412,67.46485645105743,58.72797180872802,65.97475929530431,71.41992135975765,72.14755060587099,72.43602154225998,66.6051740978985,73.1372908819708,73.98647936801508,74.56077330894361,76.26632265779217
413,67.61231366371763,58.788048587108946,66.09654370423948,71.47528362640159,72.21175440875112,72.51851058360626,66.7358996935144,73.21447509372561,74.07546306619156,74.6870075843213,76.33238675354669
414,67.74487590509119,58.793216459749345,66.12806643232031,71.52380441365918,72.30201572026218,72.61834469239027,66.8626747413112,73.28321955474966,74.14982758548065,74.80425132141536,76.41126782025626
415,67.88316341490226,58.79957655841449,66.23497027276957,71.5321289253844,72.40506715412242,72.6820213589107,67.01340869151977,73.38330284224809,74.24667627754037,74.8850250076417,76.54797558820005
416,67.99401305553563,58.78745487446545,66.27084067886504,71.61771858937699,72.48029923912232,72.76599260872597,67.12896295616639,73.49888713527542,74.32675993146354,74.96147159352873,76.68202002264901
417,68.10511906259961,58.81587932254022,66.35288139000774,71.72795013328975,72.58677595274354,72.8234320225687,67.29209912483246,73.58928745697257,74.41767011796799,75.06082833389102,76.77509658403609
418,68.21500137909601,58.8283121316971,66.3807494401505,71.84835877337147,72.619865735684,72.92414519105535,67.41642989519218,73.67666810487708,74.5113281410534,75.13016846940363,76.8769585347635
419,68.33111742271291,58.808547399167566,66.44425610886603,71.92898951064936,72.74202697784611,72.99118181784333,67.57097973131506,73.75326624986074,74.5770180650471,75.23934740204993,76.93095088127663
420,68.4432198902968,58.82861868474221,66.46365134818879,72.02547291326705,72.82563991072163,73.08668369720229,67.75967202709829,73.81278144945765,74.67898268610378,75.31503702510113,77.04551705713666
421,68.58978236402649,58.87803375413602,66.49186775505387,72.07281316915292,72.89798203675981,73.16561825732921,67.89052544319935,73.89648527601153,74.77761242657868,75.37191878686156,77.11074796143272
422,68.70134778075024,58.87424833150718,66.56088986168648,72.11988188254179,72.96930682777582,73.25203759592486,68.05227771374908,73.98181409447409,74.82904081393468,75.42024467741513,77.20070087849876
423,68.82026133109265,58.85687383876497,66.59968949683649,72.16987656652859,73.03980697291458,73.30816173827724,68.27135313092066,74.06457418881939,74.93045983199409,75.48644956464564,77.25678630578798
424,68.94501122033576,58.85954672992128,66.60644120732258,72.18856955174029,73.1448431422575,73.36560613964997,68.38415521028384,74.14805865184135,74.97451607456485,75.56244303211977,77.34554974452377
425,69.0933923167571,58.86343518057415,66.69674132861938,72.25381288429338,73.25869504445166,73.48583435601645,68.54922961218786,74.25027121321239,75.13061219275616,75.6288021736722,77.43893288489078
426,69.21729759506582,58.910008844588425,66.71081558313661,72.3270853358,73.30010579265405,73.5663515441833,68.68112478549857,74.37717216282536,75.18542004113223,75.73751725614032,77.54245676381319
427,69.29247958653058,58.92903594363581,66.79714680966899,72.37044288811138,73.35611594469097,73.67846507592303,68.85432153171234,74.48113426593368,75.24958719673653,75.80374674074064,77.62930094174767
428,69.41142453617007,58.94274127137057,66.81417448320362,72.43453670595488,73.38276610446198,73.78014556770995,68.9551551560152,74.61952260842487,75.30329475986072,75.87096054229596,77.73453702878435
429,69.55201710726779,58.96150851424683,66.8260581009209,72.50367325807363,73.49215643807587,73.8289830631538,69.04213113728429,74.76898059171162,75.35673784098843,75.96383455417157,77.81573807349275
430,69.65903974509075,59.023920032903845,66.88488053108318,72.55761031574073,73.53811422435983,73.89596258416826,69.16953701675753,74.82773892227851,75.47526663724867,76.0608078986709,77.90198771725643
431,69.75209031115516,59.013883316224714,66.91433158021091,72.60285494825948,73.60116838331255,73.977558039047,69.27040406116427,74.91556056823178,75.55552501922989,76.12116804656013,77.97303314290276
432,69.85977261916663,59.02572022941981,66.95773084699822,72.62481276558856,73.65018730069546,74.06160814040972,69.36933813472115,75.00636386201893,75.6605902346561,76.23373434238144,78.07120492139171
433,69.98283026940636,59.03623259520485,66.9760867320568,72.65618551232198,73.70314177163544,74.12208938694614,69.48783797993363,75.13600561776468,75.76577334755706,76.32102420014814,78.1323668039058
434,70.08113134026,59.02874850571425,67.02473237155264,72.7993205826012,73.77979471098773,74.22955649397412,69.61601145173833,75.24540743047383,75.82180903579246,76.40505416302815,78.20094209911328
435,70.18627671523991,59.031840430971926,67.06226928130964,72.86846597220759,73.85818293739119,74.33541314096766,69.74724670453826,75.301985006792,75.8831788614946,76.4690601485991,78.29214053938807
436,70.29496977272133,59.0181445857775,67.1347101838811,72.92361026899563,73.91965583395981,74.42032764518586,69.85889745740594,75.36005760107851,75.95947594104754,76.5352146991662,78.36186480198549
437,70.45291803852051,59.01282570913205,67.1509141120853,73.00665189974565,73.98265559312182,74.53459548779085,69.97405411109561,75.44355632673015,76.02222570309745,76.62642444938277,78.41973382861514
438,70.57146075457558,59.05108135014729,67.28806778007548,73.05385131617898,74.07790314648173,74.59302334365591,70.1227746346304,75.5393853460228,76.08976533200762,76.66489586090894,78.50981712015897
439,70.65157286819183,59.052537119724335,67.31685544123242,73.10385751920252,74.15162596309779,74.68320386683762,70.2422864832501,75.61682140278212,76.2006183561513,76.78564691932434,78.57606586855206
440,70.7626086108916,59.0762321851955,67.3530724328291,73.1910016367087,74.21906927387235,74.77962852890376,70.41787469187436,75.73007651480934,76.2587908348655,76.85235558886514,78.64132316235111
441,70.88587604520394,59.07216933395454,67.3999679884022,73.25302855004152,74.29385293394638,74.81534057811739,70.51815813065252,75.83975314495478,76.33705963618898,76.90470497083349,78.68720399858634
442,70.96556629210357,59.01472135937118,67.45210073013388,73.31790326394633,74.34042834703963,74.9021484658401,70.62538536873912,75.92262593934758,76.40035469371605,76.97139567992922,78.71736278436245
443,71.06795333516234,59.04418453854288,67.55341580821892,73.32897412217127,74.43462955771234,75.00181981425784,70.70154797202892,76.00726548575456,76.45625409381532,77.04948875754525,78.7984872284547
444,71.17611278558422,59.0326817617809,67.57491071378196,73.34840449377255,74.49656459776011,75.03349842089877,70.85001991565761,76.04620873106539,76.5402122747198,77.13189873574731,78.85004278443179
445,71.27354952315851,59.03794790556982,67.64321468645177,73.40380541511952,74.51464513348046,75.08218812543178,70.98042212768145,76.12923226636721,76.6330156748883,77.15763576441742,78.93244907275786
446,71.35235443756756,59.045842129506475,67.59732093098472,73.46238355386762,74.60805029597654,75.1206005229536,71.10651730343612,76.21127803640142,76.71345141518846,77.23857570276066,79.01877485954579
447,71.41934622374373,59.073899894405756,67.63597016181338,73.46560470570473,74.64711244455299,75.19572948818026,71.17148629924269,76.28438977496977,76.77045443575506,77.2836763822338,79.10174636179036
448,71.54676410557072,59.08185871288526,67.64554676200862,73.52184856856509,74.68193818671199,75.28693268492678,71.25682648635238,76.36241555378336,76.84431976154046,77.33823097094859,79.17570030148374
449,71.61261528342185,59.107729333008585,67.73122854111473,73.59061480650381,74.70143316742528,75.35041614336268,71.3621325251432,76.47080269991932,76.92581822940244,77.3901392396707,79.24086536179335
450,71.72585465371021,59.10365199542264,67.75592357428957,73.63095186565988,74.75151638625532,75.39157007956598,71.4918438922432,76.54168634863662,77.00168377788881,77.46649295083796,79.28996388780008
451,71.84603244285351,59.11361698632799,67.78552605651983,73.70874041232288,74.79495280582492,75.49862145912122,71.6182053406065,76.57439043025231,77.07915686936776,77.51394826313519,79.34532900098165
452,71.92262342868594,59.08619994597603,67.81300371627539,73.73872276257963,74.83552166897383,75.59163027877952,71.70088261709353,76.64708427941468,77.13555096799416,77.60086839444985,79.40142057279226
453,72.00581143650253,59.112147833564634,67.84249331537154,73.83295462635924,74.91827556242262,75.62159665767426,71.79124981541943,76.6972377318169,77.26443703285965,77.69461900327738,79.48027659009163
454,72.0730251417791,59.13425894660696,67.87645186549902,73.86610145371709,74.95530796614933,75.66639706537354,71.87702983140687,76.73479550014395,77.30557970807502,77.77101594954924,79.54987027282793
455,72.16471566175774,59.12442037803585,67.90401254635577,73.923932163303,74.9902548059368,75.70958965658637,71.96998973587976,76.78391792502195,77.3640969704375,77.86031936887889,79.6249346986412
456,72.26588065617891,59.12055737913944,67.93557616619682,73.97418049419092,75.07202767599493,75.78565561708145,72.08867148405166,76.82403325404023,77.40463693665617,77.93714231295169,79.6586234027937
457,72.37897922986659,59.13603496661168,67.94316884464565,74.03923354887333,75.14642314950338,75.81964900572142,72.14137955770866,76.86928700128139,77.45906883988035,78.00793803967603,79.73661842053811
458,72.46426211473035,59.13221156543557,67.9584547592895,74.08160106592537,75.19025115271828,75.8708882670509,72.27326144904664,76.94568539521795,77.54734498201559,78.0601499606827,79.79946250256178
459,72.57757662205708,59.17377879475224,68.01093137633896,74.10095003565993,75.24478807557996,75.95665230770621,72.33355182784089,77.01628320850752,77.60941905461965,78.13143874842946,79.85417787680089
460,72.61690691044419,59.177214260367215,68.04633497179879,74.17321797717145,75.29633241729593,76.06207927867538,72.42864140660477,77.08051549655401,77.6786018156156,78.18052729585936,79.91637597873157
461,72.69992431310908,59.205677520951696,68.120876973613,74.22871033020168,75.34430324344258,76.07883124909289,72.52533002955649,77.16451523726408,77.77476412229524,78.24529975531003,79.95946671038104
462,72.78980185959941,59.206769481295886,68.16272773589478,74.27199708689662,75.37882681531788,76.2111398409471,72.62335095767833,77.24664126343554,77.80691461028711,78.28070615980002,80.02747924338736
463,72.85469934138767,59.200295276086976,68.1796545430411,74.31598597297234,75.42430618473954,76.29108529443096,72.71857022376538,77.29414501546472,77.8958567508295,78.32444431563985,80.08774491614308
464,72.940777327861,59.2477206307792,68.19879342021358,74.35493394464288,75.4949211333079,76.36287387579448,72.80106108866536,77.37514089831744,77.96753910958061,78.39436859862641,80.16530788533164
465,73.04026618056935,59.28228247066865,68.25992687916981,74.40739575396546,75.56958012816777,76.44148145950147,72.83535594973843,77.39875822066068,78.01337119953227,78.43508359950272,80.18998120285174
466,73.10320407478437,59.28988206060672,68.30803504814392,74.419876237878,75.57907561081126,76.48439662515622,72.9058346634968,77.45843982428332,78.06061183921274,78.49767540983233,80.23315487195255
467,73.17606608255132,59.26262171502834,68.33013261906324,74.45826818683301,75.60557442177092,76.55562974563394,72.96698876826804,77.50323166542995,78.14773577276274,78.57911483147598,80.33605264347736
468,73.22873155212037,59.28092596864055,68.34729663437699,74.4931205298745,75.6652553527156,76.60777215493681,73.0645957623708,77.56596535317259,78.21553542512753,78.62888230013598,80.38618836897426
469,73.3164719124434,59.249440602750035,68.36337030570309,74.50900465569103,75.67360216662456,76.6682879970637,73.16243283196026,77.62489638604958,78.26667246860525,78.67757100521592,80.46167384492789
470,73.40328960129229,59.286652171681645,68.37622938539829,74.56087332176784,75.7153667353122,76.71243709123655,73.25062173263014,77.68972588272615,78.32599184403696,78.72435191126118,80.53440481903455
471,73.49300081554782,59.28644388321441,68.39222477837247,74.59319074269142,75.74820265352334,76.7877494197368,73.33508332304648,77.77635762158789,78.39700526510988,78.78771246856596,80.62541500012381
472,73.54949882251582,59.30020433336236,68.43714170679861,74.62169645177451,75.75596626280871,76.88726687081565,73.47631336571054,77.84672395999412,78.46309757293955,78.86266262084088,80.6353135444015
473,73.6581553630451,59.3368580079223,68.45083489369911,74.66285971894156,75.85704134495272,76.94838693388049,73.60734227805068,77.93198731628758,78.50872285340616,78.94774509537476,80.70280916005116
474,73.72055567977216,59.34996215279051,68.47516771951216,74.72116509576894,75.90783947153507,77.01577777380773,73.68642098890524,77.97228356633127,78.58390013289389,79.01951063435268,80.76296782466076
475,73.80423083291018,59.36879435308654,68.49322317880596,74.77231686686925,75.96489142411787,77.04459318281751,73.79996918552222,78.01435301195781,78.61691509461937,79.0905233089461,80.84177944125176
476,73.89327144632348,59.3695127053897,68.49863374988934,74.81908986061876,76.03087990690206,77.09180612262995,73.84056099832468,78.09752428642116,78.66390182739545,79.15586153334469,80.91437709383415
477,73.9536669260397,59.349413942499005,68.5250180003288,74.86016104194134,76.07436719173054,77.13311655136569,73.89775124552152,78.13123668347502,78.71931086984507,79.226042334921,80.97599477893843
478,74.05603260995713,59.36857355165542,68.58660537704256,74.90128919884722,76.09674457862037,77.17225218618239,73.9610528850455,78.1542897593232,78.73224839949772,79.27082793741678,81.04700395854432
479,74.1659590039552,59.35879390621016,68.59473404304559,74.91986662814608,76.12875312560104,77.24816992560552,74.0125137752793,78.21319713321219,78.81219843759152,79.31333206326697,81.08234054096847
480,74.24246543516993,59.37631247708857,68.60830791881837,74.95295667937272,76.15267336627055,77.26783415800512,74.08445485439604,78.28311532884719,78.86036031337703,79.32671031876569,81.1200153078795
481,74.32193978554771,59.363903250857916,68.64757433715874,74.97691601114265,76.18322350344523,77.32656770104958,74.21656667183494,78.33844861820916,78.95442229841508,79.34903225605355,81.16031107434964
482,74.410585977484,59.42562144783399,68.69819193276162,75.07441588676542,76.23208225282752,77.3483461534394,74.28580266885301,78.39740380403366,79.05597196542142,79.42832787532726,81.22745603730066
483,74.49712955679578,59.43490265136751,68.7781275639627,75.08480712818927,76.27437180239868,77.3754567555835,74.36222345146896,78.4408327638952,79.11401531923742,79.48055116199089,81.26628265304528
484,74.59578800173884,59.41693372334576,68.81671942734549,75.1198337243754,76.30922499688731,77.4231835868512,74.43008428080043,78.51054401018226,79.17488794945741,79.54185539023216,81.33004448787771
485,74.72519355654295,59.44039574485661,68.80571676439531,75.12834255371712,76.35281204247754,77.497958117247,74.54367898864345,78.5650486930122,79.210027969389,79.61125475634597,81.37193802865889
486,74.76108265976194,59.45189550214387,68.85487059521198,75.1560371969505,76.3999382208278,77.52012436922917,74.59488647364257,78.62570078641826,79.25582111710258,79.66112201107661,81.47048218343842
487,74.8236040318473,59.49704327695752,68.86157180756729,75.18439555500031,76.46564091674024,77.54823025755036,74.67067642230916,78.66970784365955,79.27078018905601,79.70590376090881,81.50335707399586
488,74.8694013243883,59.52083070615244,68.88671230610738,75.20283375418067,76.5026358449685,77.5824685521145,74.77317543197248,78.7299275458289,79.32882221990005,79.76204184477433,81.52200249805333
489,74.9663181962806,59.52035005087857,68.88877197589566,75.22043744877031,76.54787900927569,77.64472004814819,74.85542363478045,78.76321774412004,79.40850323592385,79.78178314038206,81.54786238324782
490,75.09887717555644,59.489560253859786,68.89798342774853,75.23939598978775,76.56014800371945,77.70296208122316,74.90380475025064,78.81866520362455,79.46138356713777,79.83215643468776,81.58176223116672
491,75.17301406489489,59.490592639007055,68.90627361674916,75.2730557060745,76.62509087638459,77.73502847137928,74.96550916046694,78.87284061045423,79.51960429914914,79.89339772871551,81.62773895721017
492,75.23690073337443,59.4973652397402,68.92246653442207,75.29537014146472,76.65743613056544,77.78892335520463,75.03046238828634,78.91330780055449,79.57116622108691,79.93754693497968,81.6842852867363
493,75.30012904780139,59.51165809301361,68.96406773808255,75.37028205844585,76.71680004505112,77.84612956910921,75.12465171037096,78.98078143626776,79.60210993697386,79.98063832075981,81.73383661844548
494,75.45005874682258,59.506995781364566,68.99571181109555,75.39577232208396,76.7496786998648,77.90086824862978,75.153479665607,79.00586722676735,79.64600064330087,80.00906501338592,81.77701541818604
495,75.53745163119386,59.513103969364835,69.06385387583408,75.43814182093784,76.7738386401661,77.94222191119994,75.2727987421591,79.03692816640782,79.68930277404176,80.05479099226065,81.81852645675751
496,75.58835478168085,59.52898329000582,69.1032580111396,75.47948071502036,76.80521644551335,78.02528979448516,75.32048662694254,79.09314375051446,79.72017443260174,80.1230997618236,81.86589460971767
497,75.61976318962995,59.52651653054721,69.14325631366188,75.50743741161472,76.84597170784392,78.06248495146727,75.3453328080702,79.13881605510964,79.74101817528974,80.2386207044015,81.90301342586454
498,75.7016700206888,59.536811456976615,69.13447644254683,75.54485567534374,76.90345277526787,78.0923241228732,75.40971894194946,79.19280979625482,79.77651229181157,80.28368012852688,81.98821043428738
499,75.78315736701617,59.57371874302755,69.1593572973374,75.5602322908846,76.94160380347175,78.11433425011452,75.47206644828948,79.25169483198462,79.84490284713989,80.34178548516499,82.02313503351077
