Comparison stage no.,data//output//runtimePerformance//DECMO//SolutionSetSize200//,data//output//runtimePerformance//DECMO2//SolutionSetSize200//,data//output//runtimePerformance//DECMO2++//SolutionSetSize200//,data//output//runtimePerformance//SPEA2//SolutionSetSize200//,data//output//runtimePerformance//GDE3//SolutionSetSize200//,data//output//runtimePerformance//NSGA2//SolutionSetSize200//,data//output//runtimePerformance//MOEAD_DRA//SolutionSetSize200//
0,0.005430931667100793,0.05933924297822612,0.0,0.00538892493764408,0.0,0.016344138966195198,7.85593080533228E-4
1,0.005430931667100793,0.05933924297822612,0.0,0.00538892493764408,0.0,0.016344138966195198,7.85593080533228E-4
2,0.17440766773172448,0.0647331213437814,0.022600114837660445,0.00538892493764408,0.038532095580799806,0.20111723576920645,0.030048562455884432
3,0.17440766773172448,0.0647331213437814,0.022600114837660445,0.00538892493764408,0.038532095580799806,0.20111723576920645,0.10901028610057788
4,0.2865289484302423,0.574918037510131,0.7100610308304005,0.016407143849274258,0.12198902217353211,0.41167412806951975,0.6199931143822397
5,0.2865289484302423,0.574918037510131,0.7100610308304005,0.016407143849274258,0.12198902217353211,0.41167412806951975,1.0774318269403647
6,1.109296845805457,2.4335339740854773,3.835645348368118,0.5898327142002533,0.3336542462489534,1.5292766775536588,2.147608591059225
7,1.109296845805457,2.4335339740854773,3.835645348368118,0.5898327142002533,0.3336542462489534,1.5292766775536588,4.000116480044823
8,2.4700495389380195,7.619090639666356,9.630116615689701,1.8639325049734825,0.7156318575734366,4.352165073745673,5.786167460294285
9,2.4700495389380195,7.619090639666356,9.630116615689701,1.8639325049734825,0.7156318575734366,4.352165073745673,7.831999032717715
10,5.860194106164956,13.910114079507697,17.563944493073173,4.235097093603697,1.6331379472295855,8.835405633671348,10.872907026486883
11,5.860194106164956,13.910114079507697,17.563944493073173,4.235097093603697,1.6331379472295855,8.835405633671348,13.044228344698963
12,10.906289881724868,21.008823467874013,26.295791873916492,8.862606093373275,2.3563955798670477,14.838266674586837,15.435220915352845
13,10.906289881724868,21.008823467874013,26.295791873916492,8.862606093373275,2.3563955798670477,14.838266674586837,16.936022490400283
14,16.637848734175577,28.26307150203531,33.80109840657227,14.092118865818898,4.05379906665173,22.541669233336236,19.101727012761977
15,16.637848734175577,28.26307150203531,33.80109840657227,14.092118865818898,4.05379906665173,22.541669233336236,20.62802644169264
16,21.58131494860478,34.57089395037682,40.38530420778461,20.265798223475162,6.630230614421414,29.00984686046041,22.320657452193654
17,21.58131494860478,34.57089395037682,40.38530420778461,20.265798223475162,6.630230614421414,29.00984686046041,24.50397502824286
18,26.54029496939769,40.201951402797256,45.615772781058524,26.259761931640725,9.08109774873202,34.58066723991473,26.491400378148466
19,26.54029496939769,40.201951402797256,45.615772781058524,26.259761931640725,9.08109774873202,34.58066723991473,27.377242427513103
20,31.56625889809826,45.09794971689483,50.389973698073945,31.962400278644953,11.055207647958,39.26531188489838,29.024344784914664
21,31.56625889809826,45.09794971689483,50.389973698073945,31.962400278644953,11.055207647958,39.26531188489838,30.531628720924235
22,36.34344970315395,49.21106312693483,54.573144297811595,36.59791303572302,14.38300604220101,43.51319340265,31.33511910779093
23,36.34344970315395,49.21106312693483,54.573144297811595,36.59791303572302,14.38300604220101,43.51319340265,32.61677994992163
24,40.15444715369349,52.63517131244989,57.97954283666864,41.36594131789891,17.856888755392074,47.3933041956179,34.05505904420272
25,40.15444715369349,52.63517131244989,57.97954283666864,41.36594131789891,17.856888755392074,47.3933041956179,35.37097179931426
26,43.96889347900279,55.752448876619944,61.14157719091141,44.86559695715553,20.93156165078324,51.23357519773239,36.69930914619462
27,43.96889347900279,55.752448876619944,61.14157719091141,44.86559695715553,20.93156165078324,51.23357519773239,37.621957830037836
28,47.21883686577741,58.84935472649162,64.19347511743136,48.52657189242564,23.957741649286024,54.798409191993315,38.20702951591327
29,47.21883686577741,58.84935472649162,64.19347511743136,48.52657189242564,23.957741649286024,54.798409191993315,38.98769749358804
30,50.042165817284044,61.721744831637025,66.88682605970793,51.81688377968208,26.797800560277015,57.92286947028615,40.31942010021517
31,50.042165817284044,61.721744831637025,66.88682605970793,51.81688377968208,26.797800560277015,57.92286947028615,41.46900777275524
32,52.640943963011324,64.32507382620736,69.29432497614873,54.763204412880164,29.44853351740784,60.7643070553438,42.549160881199604
33,52.640943963011324,64.32507382620736,69.29432497614873,54.763204412880164,29.44853351740784,60.7643070553438,43.62158610255142
34,55.379155353770784,66.70021158384779,71.60365651453093,57.27878495872375,32.26725678190324,63.46787142597366,44.525469150289844
35,55.379155353770784,66.70021158384779,71.60365651453093,57.27878495872375,32.26725678190324,63.46787142597366,45.51720637399971
36,57.80669348620798,68.91005969384342,73.59855667167899,59.903741518496844,34.84552787175175,65.95445309795402,46.50780047901019
37,57.80669348620798,68.91005969384342,73.59855667167899,59.903741518496844,34.84552787175175,65.95445309795402,47.356649767460816
38,59.901895514904865,70.92701919092659,75.40531788155661,62.46291143172337,37.1036909639083,68.20686307103087,48.10810743157737
39,59.901895514904865,70.92701919092659,75.40531788155661,62.46291143172337,37.1036909639083,68.20686307103087,49.29597939540043
40,62.05675648445108,72.89986539303686,77.01867706758091,64.59666069095198,39.46197632235912,70.44135729892909,50.53695692485416
41,62.05675648445108,72.89986539303686,77.01867706758091,64.59666069095198,39.46197632235912,70.44135729892909,51.46652274924139
42,64.31025819988017,74.60830397722619,78.62374537299499,66.55902334029768,41.453835781688944,72.51228805630272,52.27572429341534
43,64.31025819988017,74.60830397722619,78.62374537299499,66.55902334029768,41.453835781688944,72.51228805630272,53.12332167716542
44,66.29998704768282,76.22583801653529,80.02228033528118,68.52632508192579,43.6768396631418,74.42445448515164,53.95148684055408
45,66.29998704768282,76.22583801653529,80.02228033528118,68.52632508192579,43.6768396631418,74.42445448515164,54.664980121366604
46,68.00074202772389,77.73835696426042,81.3880124860619,70.54119448842766,45.981737796869794,76.24481434145211,55.50158657900327
47,68.00074202772389,77.73835696426042,81.3880124860619,70.54119448842766,45.981737796869794,76.24481434145211,56.15876123513517
48,69.66814572206316,79.13625918749206,82.54125316166433,72.38623846166847,48.0389240650191,77.85156252792696,56.79633686524338
49,69.66814572206316,79.13625918749206,82.54125316166433,72.38623846166847,48.0389240650191,77.85156252792696,57.58307578293957
50,71.25124685416564,80.45722097811235,83.64245595355099,74.14079951274928,49.81102575587924,79.43555469608282,58.46402722595121
51,71.25124685416564,80.45722097811235,83.64245595355099,74.14079951274928,49.81102575587924,79.43555469608282,59.087555419805895
52,72.77200780946455,81.60421226705726,84.65021306000091,75.70918930087353,51.34472502085061,80.79865850073047,59.87358307972885
53,72.77200780946455,81.60421226705726,84.65021306000091,75.70918930087353,51.34472502085061,80.79865850073047,60.650582321070814
54,74.23169800599943,82.71432312257029,85.48797539526781,77.23206963541416,53.10413100202847,82.02164990694219,61.29261895963337
55,74.23169800599943,82.71432312257029,85.48797539526781,77.23206963541416,53.10413100202847,82.02164990694219,61.96555007503209
56,75.46440715507758,83.67880778393491,86.26619325833525,78.59363443251884,54.697364931064726,83.20650595617454,62.66952568766075
57,75.46440715507758,83.67880778393491,86.26619325833525,78.59363443251884,54.697364931064726,83.20650595617454,63.30170397887092
58,76.61553298673061,84.56731964585296,87.04808240240729,79.84130482728975,56.27337229068993,84.29219701068422,64.03038290860229
59,76.61553298673061,84.56731964585296,87.04808240240729,79.84130482728975,56.27337229068993,84.29219701068422,64.5835630939266
60,77.79768516173978,85.41978822185436,87.76633013913974,81.01970810299132,57.81084992508351,85.26068259224661,65.03775501621536
61,77.79768516173978,85.41978822185436,87.76633013913974,81.01970810299132,57.81084992508351,85.26068259224661,65.52533488380118
62,78.89904948064247,86.1580032153936,88.41715306507008,82.07170131735442,59.32706412824741,86.12108542385384,66.14177146529086
63,78.89904948064247,86.1580032153936,88.41715306507008,82.07170131735442,59.32706412824741,86.12108542385384,66.8621563297011
64,79.98149105912651,86.8604092591526,89.02403963494017,83.09069761499359,60.739771643774255,86.92674650407687,67.40827775238044
65,79.98149105912651,86.8604092591526,89.02403963494017,83.09069761499359,60.739771643774255,86.92674650407687,67.93376816587666
66,81.02977783594608,87.4789185676968,89.52453270139769,83.93068840382051,61.90414029233974,87.62755079614854,68.40049151642738
67,81.02977783594608,87.4789185676968,89.52453270139769,83.93068840382051,61.90414029233974,87.62755079614854,68.9511291571191
68,81.94555656424821,88.09197276829136,90.04035864001948,84.82344598628983,63.326380782841575,88.31967251442711,69.6145996692143
69,81.94555656424821,88.09197276829136,90.04035864001948,84.82344598628983,63.326380782841575,88.31967251442711,70.16752197746445
70,82.77136731791374,88.61882508577243,90.46841401456241,85.52199312137793,64.63489797669808,88.93437343590907,70.68808828776208
71,82.77136731791374,88.61882508577243,90.46841401456241,85.52199312137793,64.63489797669808,88.93437343590907,71.0998726652776
72,83.5654993669869,89.12342926635489,90.89723377229234,86.25112984697996,65.82997749852157,89.50577050386592,71.53900845904678
73,83.5654993669869,89.12342926635489,90.89723377229234,86.25112984697996,65.82997749852157,89.50577050386592,71.92116620194531
74,84.20796831644078,89.53013208069744,91.22753212677668,86.91687667072387,67.01668415715805,90.06056841220534,72.35150595143543
75,84.20796831644078,89.53013208069744,91.22753212677668,86.91687667072387,67.01668415715805,90.06056841220534,72.75501165031287
76,84.87176839599721,89.97308648687866,91.5742927091317,87.57124085916014,68.04219220172041,90.54924644258725,73.23350819367334
77,84.87176839599721,89.97308648687866,91.5742927091317,87.57124085916014,68.04219220172041,90.54924644258725,73.6901863986885
78,85.48342878316349,90.33395456509268,91.84448043871949,88.18724319198779,69.11147510987199,90.98572764461304,74.10257507453343
79,85.48342878316349,90.33395456509268,91.84448043871949,88.18724319198779,69.11147510987199,90.98572764461304,74.55332813684389
80,86.08465354063613,90.72182318417015,92.17305779897185,88.66620526249768,70.2285585464148,91.40791393035703,74.95511758611256
81,86.08465354063613,90.72182318417015,92.17305779897185,88.66620526249768,70.2285585464148,91.40791393035703,75.44423148364763
82,86.6747415936354,91.04302209727433,92.42470156441611,89.1683342638162,71.11690085960745,91.7922516068955,75.79772498294274
83,86.6747415936354,91.04302209727433,92.42470156441611,89.1683342638162,71.11690085960745,91.7922516068955,76.15676254699386
84,87.19139191195208,91.40518457517575,92.71361945099514,89.6236720004192,72.06725529610746,92.16493948927196,76.53275174968222
85,87.19139191195208,91.40518457517575,92.71361945099514,89.6236720004192,72.06725529610746,92.16493948927196,76.90403822529707
86,87.70092272456627,91.7038096602117,92.91985054672152,90.03418937966487,73.00554336950334,92.50844563275854,77.20996743588921
87,87.70092272456627,91.7038096602117,92.91985054672152,90.03418937966487,73.00554336950334,92.50844563275854,77.5252237418388
88,88.13037490702413,92.00861145391757,93.19378528357412,90.42353579255415,73.91404968659405,92.81468447647427,77.87745062474112
89,88.13037490702413,92.00861145391757,93.19378528357412,90.42353579255415,73.91404968659405,92.81468447647427,78.21050855259148
90,88.56165921036029,92.26989132902219,93.35927064924184,90.78657967224613,74.78016731789248,93.1130230642972,78.52088254411709
91,88.56165921036029,92.26989132902219,93.35927064924184,90.78657967224613,74.78016731789248,93.1130230642972,78.88644477831015
92,88.94105762933579,92.5539463820623,93.56690966420344,91.1212386547653,75.54017162572423,93.37357338450953,79.20178791411158
93,88.94105762933579,92.5539463820623,93.56690966420344,91.1212386547653,75.54017162572423,93.37357338450953,79.55601871434177
94,89.31920066779504,92.76502746311547,93.71256597232225,91.42104755110647,76.31694030653817,93.61080056067948,79.920888719334
95,89.31920066779504,92.76502746311547,93.71256597232225,91.42104755110647,76.31694030653817,93.61080056067948,80.23425812490504
96,89.65874001304904,92.97715149144832,93.92520392574724,91.72538588209966,77.0472342622002,93.83964935928935,80.49914752736812
97,89.65874001304904,92.97715149144832,93.92520392574724,91.72538588209966,77.0472342622002,93.83964935928935,80.82558588106691
98,89.9931403148056,93.16522237849945,94.06126819912753,91.99348787963334,77.79488466262934,94.05982992956018,81.12009359230461
99,89.9931403148056,93.16522237849945,94.06126819912753,91.99348787963334,77.79488466262934,94.05982992956018,81.43605648109848
100,90.32817445145785,93.34995464882462,94.20942986973121,92.255497981161,78.41089020035614,94.27229927550643,81.69099105016004
101,90.32817445145785,93.34995464882462,94.20942986973121,92.255497981161,78.41089020035614,94.27229927550643,81.98497673821451
102,90.68629042713457,93.53252059070302,94.33695234564733,92.49674397542707,79.07298164463636,94.47206726782946,82.29654045183737
103,90.68629042713457,93.53252059070302,94.33695234564733,92.49674397542707,79.07298164463636,94.47206726782946,82.57803157304846
104,91.00324763162988,93.72211694235985,94.50603837650216,92.72761261825543,79.72619292138273,94.65280670470138,82.84386473414443
105,91.00324763162988,93.72211694235985,94.50603837650216,92.72761261825543,79.72619292138273,94.65280670470138,83.11019637065615
106,91.27355432570481,93.87447133421793,94.61333277889827,92.93640924329463,80.33333928717474,94.83322144558578,83.35875972870691
107,91.27355432570481,93.87447133421793,94.61333277889827,92.93640924329463,80.33333928717474,94.83322144558578,83.63923790768989
108,91.50658114549759,94.04501958405947,94.76160655900239,93.13034642464892,80.89332804113576,95.01162270103684,83.87056809978719
109,91.50658114549759,94.04501958405947,94.76160655900239,93.13034642464892,80.89332804113576,95.01162270103684,84.10106479900948
110,91.76168153616243,94.20074684496105,94.85137152524749,93.32474429434542,81.4713712553612,95.18700748926082,84.35826919544871
111,91.76168153616243,94.20074684496105,94.85137152524749,93.32474429434542,81.4713712553612,95.18700748926082,84.62055454680133
112,91.98842584239108,94.34239403750867,94.97263856660567,93.50657063397641,82.03455716479985,95.34554724328018,84.84860950452462
113,91.98842584239108,94.34239403750867,94.97263856660567,93.50657063397641,82.03455716479985,95.34554724328018,85.04128682325376
114,92.19630584286557,94.46122491006811,95.06936190385302,93.68870202937319,82.572818450907,95.48669390978209,85.25463978090545
115,92.19630584286557,94.46122491006811,95.06936190385302,93.68870202937319,82.572818450907,95.48669390978209,85.43578231877422
116,92.40473728749643,94.59252419902114,95.18359340189825,93.83859082289057,83.05837647735213,95.62187052800284,85.61191314423067
117,92.40473728749643,94.59252419902114,95.18359340189825,93.83859082289057,83.05837647735213,95.62187052800284,85.83486314069349
118,92.6066489527853,94.71974589959206,95.2734041526488,93.98668446801479,83.55630393902216,95.74249802959312,86.04112333874463
119,92.6066489527853,94.71974589959206,95.2734041526488,93.98668446801479,83.55630393902216,95.74249802959312,86.22753304006142
120,92.77449154312976,94.83253621865119,95.36903984942992,94.12334743765555,84.01497825278632,95.8732928818248,86.43847566852885
121,92.77449154312976,94.83253621865119,95.36903984942992,94.12334743765555,84.01497825278632,95.8732928818248,86.62749042697186
122,92.95967920915065,94.94202497035432,95.45305170472534,94.26349202765918,84.43213880826427,95.99216230629656,86.84615547940618
123,92.95967920915065,94.94202497035432,95.45305170472534,94.26349202765918,84.43213880826427,95.99216230629656,87.02359900131093
124,93.16034467599218,95.04589270762557,95.550048306762,94.39047421086245,84.89887581144404,96.11386616001963,87.2241260000873
125,93.16034467599218,95.04589270762557,95.550048306762,94.39047421086245,84.89887581144404,96.11386616001963,87.41441563594371
126,93.32063555271613,95.13776657486038,95.63073686420482,94.51343611827677,85.3191005028494,96.21325518466709,87.57751035971044
127,93.32063555271613,95.13776657486038,95.63073686420482,94.51343611827677,85.3191005028494,96.21325518466709,87.72486426956803
128,93.45314394186676,95.24550440241015,95.71506930082167,94.6219418278732,85.70887668931496,96.31659558905206,87.86836582428057
129,93.45314394186676,95.24550440241015,95.71506930082167,94.6219418278732,85.70887668931496,96.31659558905206,88.0333309675413
130,93.62326566825287,95.32563849527632,95.78375121363037,94.74480699458604,86.09150072117369,96.41574222806925,88.19304997922907
131,93.62326566825287,95.32563849527632,95.78375121363037,94.74480699458604,86.09150072117369,96.41574222806925,88.37475894862536
132,93.76686242901,95.42070980620052,95.86569172448216,94.8374494490571,86.51315992497422,96.5034860788613,88.50426226631043
133,93.76686242901,95.42070980620052,95.86569172448216,94.8374494490571,86.51315992497422,96.5034860788613,88.63583136882497
134,93.895912028167,95.49963958636401,95.92878473655993,94.94763965562626,86.86282127235462,96.59487079339131,88.78648371279633
135,93.895912028167,95.49963958636401,95.92878473655993,94.94763965562626,86.86282127235462,96.59487079339131,88.97263100714417
136,94.0133403200449,95.58107499899597,96.01209248196898,95.05127589455331,87.23663302507886,96.6841633980524,89.11012933753766
137,94.0133403200449,95.58107499899597,96.01209248196898,95.05127589455331,87.23663302507886,96.6841633980524,89.22569218985151
138,94.1264743220597,95.65562398958363,96.08113692675477,95.14461451839932,87.54779799960856,96.76735856257861,89.3653040667508
139,94.1264743220597,95.65562398958363,96.08113692675477,95.14461451839932,87.54779799960856,96.76735856257861,89.49415772433996
140,94.24604451209696,95.72863598847962,96.13736672342667,95.22750554532387,87.85105697957339,96.84572218235607,89.60690629195749
141,94.24604451209696,95.72863598847962,96.13736672342667,95.22750554532387,87.85105697957339,96.84572218235607,89.74128846967821
142,94.3640340577225,95.79836910515633,96.19467507154047,95.31986008515877,88.15050441614336,96.9207218665379,89.85986077476825
143,94.3640340577225,95.79836910515633,96.19467507154047,95.31986008515877,88.15050441614336,96.9207218665379,90.01236513330673
144,94.48507511919095,95.87606040977573,96.2623847709957,95.40712961039505,88.46203583575473,96.9889378309734,90.14127038168368
145,94.48507511919095,95.87606040977573,96.2623847709957,95.40712961039505,88.46203583575473,96.9889378309734,90.256330823757
146,94.59234784390539,95.94686113042987,96.33041550762161,95.48976990793462,88.7322831558498,97.05234915504823,90.36568667946253
147,94.59234784390539,95.94686113042987,96.33041550762161,95.48976990793462,88.7322831558498,97.05234915504823,90.46826266164852
148,94.69334235563387,96.02388028784405,96.38177815064513,95.56649284567715,89.02349654316782,97.11991670217644,90.60115063220415
149,94.69334235563387,96.02388028784405,96.38177815064513,95.56649284567715,89.02349654316782,97.11991670217644,90.72282376882815
150,94.78055549316474,96.09352338095803,96.44305513034918,95.64874114561594,89.30131788597396,97.18282844224751,90.81815053530637
151,94.78055549316474,96.09352338095803,96.44305513034918,95.64874114561594,89.30131788597396,97.18282844224751,90.90207162794594
152,94.8892615493524,96.15497905876732,96.50540646004617,95.71978994393638,89.54798214833522,97.2487987586792,91.0185110770033
153,94.8892615493524,96.15497905876732,96.50540646004617,95.71978994393638,89.54798214833522,97.2487987586792,91.12613039853088
154,94.97701358096641,96.21432606106548,96.56335265997642,95.80159827934507,89.80051965834085,97.30686815230483,91.22355546113812
155,94.97701358096641,96.21432606106548,96.56335265997642,95.80159827934507,89.80051965834085,97.30686815230483,91.32149374079054
156,95.06347395853368,96.2698827847019,96.61308369261093,95.87206875816682,90.0270149444472,97.36382578717937,91.42210190937449
157,95.06347395853368,96.2698827847019,96.61308369261093,95.87206875816682,90.0270149444472,97.36382578717937,91.52486844671257
158,95.14724206752335,96.33087825093662,96.658627196905,95.92502760904864,90.23422027350487,97.42010727180057,91.615656853777
159,95.14724206752335,96.33087825093662,96.658627196905,95.92502760904864,90.23422027350487,97.42010727180057,91.71918996147936
160,95.2229129006156,96.3957740859338,96.71241135747916,95.99343839229863,90.43683631960727,97.47047807520306,91.82030503285795
161,95.2229129006156,96.3957740859338,96.71241135747916,95.99343839229863,90.43683631960727,97.47047807520306,91.92502617576089
162,95.31565277839923,96.45313778533286,96.76587394142527,96.05578959715118,90.64990353575148,97.52035888257068,92.03034779752227
163,95.31565277839923,96.45313778533286,96.76587394142527,96.05578959715118,90.64990353575148,97.52035888257068,92.1241552819067
164,95.39534736508539,96.51572781719646,96.82382296703945,96.10727627144976,90.86090004091713,97.56564261138114,92.21028504978027
165,95.39534736508539,96.51572781719646,96.82382296703945,96.10727627144976,90.86090004091713,97.56564261138114,92.28625933277385
166,95.47209035828601,96.55926228281054,96.87031360851375,96.15824192095657,91.07054068292578,97.61057103813987,92.37108206721679
167,95.47209035828601,96.55926228281054,96.87031360851375,96.15824192095657,91.07054068292578,97.61057103813987,92.45927892983049
168,95.55600898532774,96.61345253917257,96.92595215558698,96.21104140906769,91.25483672170762,97.65554625222674,92.53746245644767
169,95.55600898532774,96.61345253917257,96.92595215558698,96.21104140906769,91.25483672170762,97.65554625222674,92.61308992696333
170,95.62255852287058,96.66382468655235,96.96950057086465,96.26370969199033,91.45006453191313,97.70199060568834,92.70479610847737
171,95.62255852287058,96.66382468655235,96.96950057086465,96.26370969199033,91.45006453191313,97.70199060568834,92.77320835148876
172,95.68400900826711,96.71472061365628,97.01175470344518,96.32634718338367,91.6251532503484,97.73967349869307,92.84572771562004
173,95.68400900826711,96.71472061365628,97.01175470344518,96.32634718338367,91.6251532503484,97.73967349869307,92.92357960117637
174,95.75146572234112,96.75611362540556,97.04498188832018,96.38111700102257,91.80119334517366,97.77985902986568,92.9924192007043
175,95.75146572234112,96.75611362540556,97.04498188832018,96.38111700102257,91.80119334517366,97.77985902986568,93.05058264799914
176,95.81575851521133,96.80419692283947,97.08543129264297,96.43229870660511,91.96511636481928,97.82009025927243,93.12213542309804
177,95.81575851521133,96.80419692283947,97.08543129264297,96.43229870660511,91.96511636481928,97.82009025927243,93.18959587442556
178,95.87293817834482,96.84286583221365,97.1231714188412,96.47450933730516,92.12064660054253,97.8594679779204,93.26785951678632
179,95.87293817834482,96.84286583221365,97.1231714188412,96.47450933730516,92.12064660054253,97.8594679779204,93.32020076116335
180,95.93387619397802,96.88278929720394,97.16814919718489,96.52322047812345,92.28007254653383,97.89769861996143,93.38049092071361
181,95.93387619397802,96.88278929720394,97.16814919718489,96.52322047812345,92.28007254653383,97.89769861996143,93.43255879475645
182,95.99650111375513,96.92326498215736,97.20768014505126,96.56878154620678,92.44625099864933,97.92970676349634,93.49008439585553
183,95.99650111375513,96.92326498215736,97.20768014505126,96.56878154620678,92.44625099864933,97.92970676349634,93.5619609211875
184,96.06195229819924,96.97809226543795,97.24638629751644,96.61134355278188,92.58347800563301,97.96436047159042,93.62054338211577
185,96.06195229819924,96.97809226543795,97.24638629751644,96.61134355278188,92.58347800563301,97.96436047159042,93.68119091366813
186,96.12399794152574,97.03005712233254,97.27967259455606,96.65322066096525,92.73017306657309,98.00063264359346,93.74001004090134
187,96.12399794152574,97.03005712233254,97.27967259455606,96.65322066096525,92.73017306657309,98.00063264359346,93.78651884358754
188,96.17525654221112,97.06384647992269,97.32364059920253,96.69576337664677,92.8628257712532,98.0348891687402,93.8555456864468
189,96.17525654221112,97.06384647992269,97.32364059920253,96.69576337664677,92.8628257712532,98.0348891687402,93.92061549307914
190,96.2236661889749,97.09638419583494,97.35372158341806,96.743843327551,92.99802328122324,98.06553978483632,93.96632218455713
191,96.2236661889749,97.09638419583494,97.35372158341806,96.743843327551,92.99802328122324,98.06553978483632,94.02525145884594
192,96.27660906059249,97.13368511458886,97.38637947783272,96.78968823048815,93.11595077103702,98.09531609809561,94.06169365303172
193,96.27660906059249,97.13368511458886,97.38637947783272,96.78968823048815,93.11595077103702,98.09531609809561,94.12042174427955
194,96.32372268873767,97.16898798595484,97.41356049243372,96.82684400198596,93.24043818336406,98.12539479245345,94.180487575444
195,96.32372268873767,97.16898798595484,97.41356049243372,96.82684400198596,93.24043818336406,98.12539479245345,94.23358481554882
196,96.37039665350578,97.20701886491041,97.44533270712493,96.86613932448556,93.36746878050498,98.15342894969857,94.28117099955124
197,96.37039665350578,97.20701886491041,97.44533270712493,96.86613932448556,93.36746878050498,98.15342894969857,94.3284287227554
198,96.4185399327937,97.23862020504109,97.47824056544862,96.90252939223484,93.48865898747292,98.18054215037462,94.3828560481905
199,96.4185399327937,97.23862020504109,97.47824056544862,96.90252939223484,93.48865898747292,98.18054215037462,94.43876132707692
200,96.45734114728259,97.27948262769837,97.50948313992248,96.9355493475825,93.61152706718714,98.20744792779264,94.49150977486207
201,96.45734114728259,97.27948262769837,97.50948313992248,96.9355493475825,93.61152706718714,98.20744792779264,94.54082284961906
202,96.50620126003152,97.31123281517739,97.54564296668285,96.9783134922373,93.72620461798331,98.23278214056094,94.58898165264658
203,96.50620126003152,97.31123281517739,97.54564296668285,96.9783134922373,93.72620461798331,98.23278214056094,94.64251977393987
204,96.55998472521595,97.35406680271399,97.58061951874745,97.00679706129789,93.83703498633128,98.2580414874928,94.68797879317036
205,96.55998472521595,97.35406680271399,97.58061951874745,97.00679706129789,93.83703498633128,98.2580414874928,94.73446352632318
206,96.60052409501019,97.38641234574169,97.61563201578582,97.04527750782201,93.94460914347707,98.28081056374546,94.77984969147128
207,96.60052409501019,97.38641234574169,97.61563201578582,97.04527750782201,93.94460914347707,98.28081056374546,94.82533035305197
208,96.64499998383491,97.4166587493184,97.6449639966562,97.08673069448393,94.0574863682133,98.30478388651768,94.8626584019061
209,96.64499998383491,97.4166587493184,97.6449639966562,97.08673069448393,94.0574863682133,98.30478388651768,94.90362533615047
210,96.69358950121838,97.44932312008496,97.6723600500011,97.11738053763104,94.16755184810275,98.32555464075652,94.94718842701796
211,96.69358950121838,97.44932312008496,97.6723600500011,97.11738053763104,94.16755184810275,98.32555464075652,94.98487065645018
212,96.7332904371781,97.48168043082403,97.70181859085083,97.15269124358413,94.2793180039773,98.34942042809375,95.02063476746268
213,96.7332904371781,97.48168043082403,97.70181859085083,97.15269124358413,94.2793180039773,98.34942042809375,95.0737873363213
214,96.77141309092106,97.51251874840548,97.72258835659478,97.19262274653553,94.37563772838506,98.36637991286331,95.1218423064497
215,96.77141309092106,97.51251874840548,97.72258835659478,97.19262274653553,94.37563772838506,98.36637991286331,95.16432313313935
216,96.81195598306384,97.54354866880092,97.75055204011585,97.22289079278201,94.47311571326009,98.38910323915071,95.20390689859192
217,96.81195598306384,97.54354866880092,97.75055204011585,97.22289079278201,94.47311571326009,98.38910323915071,95.24071594217253
218,96.84834350579601,97.57272478894937,97.77242733919361,97.25659350816663,94.55775584790642,98.41127827907776,95.275799597744
219,96.84834350579601,97.57272478894937,97.77242733919361,97.25659350816663,94.55775584790642,98.41127827907776,95.31881879389363
220,96.87661816595637,97.60900546455606,97.80398041615551,97.28458456622744,94.6438705594718,98.43286588902812,95.35617745679669
221,96.87661816595637,97.60900546455606,97.80398041615551,97.28458456622744,94.6438705594718,98.43286588902812,95.38948659613725
222,96.91655379178702,97.63290668095448,97.82113726466872,97.31634320550498,94.72274014713207,98.45229365498074,95.42023648588659
223,96.91655379178702,97.63290668095448,97.82113726466872,97.31634320550498,94.72274014713207,98.45229365498074,95.45185754881813
224,96.94616270727538,97.6631588434481,97.84231264217397,97.34665185029813,94.81280700806876,98.47001918238807,95.48204513387621
225,96.94616270727538,97.6631588434481,97.84231264217397,97.34665185029813,94.81280700806876,98.47001918238807,95.50934186018264
226,96.98943187540281,97.68769680421813,97.86100909016966,97.3753999439675,94.88630546031035,98.4882452428051,95.54067139140334
227,96.98943187540281,97.68769680421813,97.86100909016966,97.3753999439675,94.88630546031035,98.4882452428051,95.57882270617323
228,97.02045220291566,97.71450994553143,97.88293024548359,97.4063035767658,94.9669546911022,98.50304022805474,95.608834510419
229,97.02045220291566,97.71450994553143,97.88293024548359,97.4063035767658,94.9669546911022,98.50304022805474,95.64143340390335
230,97.05405838858742,97.740035977394,97.9032697527898,97.4288426619742,95.04302200066478,98.51948041412848,95.67588430534894
231,97.05405838858742,97.740035977394,97.9032697527898,97.4288426619742,95.04302200066478,98.51948041412848,95.71065845456079
232,97.08862759732864,97.77044011267093,97.9246513140722,97.46600361225795,95.11932490684742,98.53430992973632,95.74791880319971
233,97.08862759732864,97.77044011267093,97.9246513140722,97.46600361225795,95.11932490684742,98.53430992973632,95.7765326371335
234,97.11730763381212,97.78961431596557,97.94366488453356,97.49124776025823,95.18701545316041,98.55030611336929,95.8119126977873
235,97.11730763381212,97.78961431596557,97.94366488453356,97.49124776025823,95.18701545316041,98.55030611336929,95.84804097338954
236,97.15081277685242,97.81474916628666,97.96301104944641,97.5211269849954,95.24965778090038,98.56715686720293,95.87307174385552
237,97.15081277685242,97.81474916628666,97.96301104944641,97.5211269849954,95.24965778090038,98.56715686720293,95.90149705194538
238,97.18089419051614,97.83442099537137,97.98271397774425,97.54320846191045,95.30782076150027,98.58101910690444,95.92780385168663
239,97.18089419051614,97.83442099537137,97.98271397774425,97.54320846191045,95.30782076150027,98.58101910690444,95.95467260683567
240,97.20507727056533,97.85492081804227,98.00569106288519,97.56520216497053,95.36810568279695,98.5964831529243,95.98083485601796
241,97.20507727056533,97.85492081804227,98.00569106288519,97.56520216497053,95.36810568279695,98.5964831529243,96.00548458653081
242,97.2370691177671,97.87511737970642,98.02711643256536,97.58451558409767,95.43293100955387,98.6137419519445,96.03282891832498
243,97.2370691177671,97.87511737970642,98.02711643256536,97.58451558409767,95.43293100955387,98.6137419519445,96.05423225726084
244,97.2669980907847,97.89244117693747,98.04865907225303,97.60868480929734,95.48975212028472,98.62904158569256,96.08042859960089
245,97.2669980907847,97.89244117693747,98.04865907225303,97.60868480929734,95.48975212028472,98.62904158569256,96.09709634708948
246,97.28862017285584,97.91456388394487,98.06682161005344,97.62981386068722,95.5444047437423,98.64062270365754,96.11438843919093
247,97.28862017285584,97.91456388394487,98.06682161005344,97.62981386068722,95.5444047437423,98.64062270365754,96.14182627915224
248,97.31682268261991,97.94010763899415,98.0865419444273,97.65479662076524,95.60006076195761,98.6567399761382,96.15873596291075
249,97.31682268261991,97.94010763899415,98.0865419444273,97.65479662076524,95.60006076195761,98.6567399761382,96.17704788015935
250,97.34909668705681,97.95909901999472,98.09905449584612,97.67514855132687,95.65998253655842,98.66957559308622,96.19420534345852
251,97.34909668705681,97.95909901999472,98.09905449584612,97.67514855132687,95.65998253655842,98.66957559308622,96.21272075284467
252,97.37105997391268,97.97957777009871,98.12362618445934,97.69704779424436,95.71526054073536,98.68220646004703,96.23905029486735
253,97.37105997391268,97.97957777009871,98.12362618445934,97.69704779424436,95.71526054073536,98.68220646004703,96.25814689013283
254,97.3926902107404,97.99383023559982,98.13699299439565,97.71767565246586,95.77721427869152,98.69657300984095,96.27888068581942
255,97.3926902107404,97.99383023559982,98.13699299439565,97.71767565246586,95.77721427869152,98.69657300984095,96.29817558175608
256,97.42049403745045,98.01708664321635,98.15535913691774,97.73891201202377,95.82664894437742,98.70807480117104,96.31714312556774
257,97.42049403745045,98.01708664321635,98.15535913691774,97.73891201202377,95.82664894437742,98.70807480117104,96.3427468039411
258,97.44356905507576,98.03446431576111,98.16924588891494,97.75807662337887,95.86653204915642,98.71919327017102,96.36383569452197
259,97.44356905507576,98.03446431576111,98.16924588891494,97.75807662337887,95.86653204915642,98.71919327017102,96.38261840936372
260,97.4614285964653,98.0495005028469,98.19121810117119,97.7780288031668,95.91211045263596,98.73153620050196,96.40622411229191
261,97.4614285964653,98.0495005028469,98.19121810117119,97.7780288031668,95.91211045263596,98.73153620050196,96.42528181914588
262,97.48213925350387,98.06614046663626,98.20210746906308,97.8046496189057,95.95230053470334,98.74429754709409,96.44770903446087
263,97.48213925350387,98.06614046663626,98.20210746906308,97.8046496189057,95.95230053470334,98.74429754709409,96.4724531806273
264,97.50751939491367,98.08974119433621,98.21629222155464,97.8217289554567,95.99403809642016,98.75606723804316,96.49675759638795
265,97.50751939491367,98.08974119433621,98.21629222155464,97.8217289554567,95.99403809642016,98.75606723804316,96.51730384559839
266,97.53133039309238,98.10232304165783,98.22888301526763,97.8388492557356,96.03683968971531,98.76618858728315,96.54382236510276
267,97.53133039309238,98.10232304165783,98.22888301526763,97.8388492557356,96.03683968971531,98.76618858728315,96.56885152537053
268,97.55458209525611,98.11830109532484,98.24059767724563,97.86064155855605,96.08257308338544,98.7768235321248,96.57894552803002
269,97.55458209525611,98.11830109532484,98.24059767724563,97.86064155855605,96.08257308338544,98.7768235321248,96.60358406310678
270,97.5820765312519,98.13980988864414,98.2524267929043,97.88134922232675,96.13318773191862,98.78636524318382,96.62286997574428
271,97.5820765312519,98.13980988864414,98.2524267929043,97.88134922232675,96.13318773191862,98.78636524318382,96.64328789727237
272,97.61795699151558,98.15764193964405,98.2684902510132,97.90528322240944,96.18582178977229,98.79854176193672,96.66039969458453
273,97.61795699151558,98.15764193964405,98.2684902510132,97.90528322240944,96.18582178977229,98.79854176193672,96.6739862869366
274,97.64245860019366,98.16977850842783,98.28028748681268,97.92476332309536,96.22440060896128,98.8085487129702,96.68914254327122
275,97.64245860019366,98.16977850842783,98.28028748681268,97.92476332309536,96.22440060896128,98.8085487129702,96.70639834574557
276,97.6581631671051,98.18843622652088,98.29349686946516,97.94727654329658,96.25334366726997,98.8178589936758,96.7125559975457
277,97.6581631671051,98.18843622652088,98.29349686946516,97.94727654329658,96.25334366726997,98.8178589936758,96.72489257894773
278,97.68287808697033,98.19964361136888,98.30588728316538,97.9649663633672,96.29113268781371,98.82749477716801,96.73968757202425
279,97.68287808697033,98.19964361136888,98.30588728316538,97.9649663633672,96.29113268781371,98.82749477716801,96.75862785510594
280,97.69538601397387,98.21350696848533,98.3163338932321,97.98166041107856,96.32108851640623,98.83632053283182,96.77016720756536
281,97.69538601397387,98.21350696848533,98.3163338932321,97.98166041107856,96.32108851640623,98.83632053283182,96.78747140956636
282,97.71260654832949,98.22886025371783,98.32911984766353,98.00073989172397,96.35330775640156,98.84485125836653,96.8067890047336
283,97.71260654832949,98.22886025371783,98.32911984766353,98.00073989172397,96.35330775640156,98.84485125836653,96.82693995376256
284,97.73211432148848,98.24021379614909,98.34313787827254,98.0190547552563,96.39162806771456,98.85558400834513,96.8470744719562
285,97.73211432148848,98.24021379614909,98.34313787827254,98.0190547552563,96.39162806771456,98.85558400834513,96.86975141186377
286,97.75639559443344,98.25860296481702,98.35704830478427,98.04746209697718,96.43056379086505,98.86511722177482,96.88489975996143
287,97.75639559443344,98.25860296481702,98.35704830478427,98.04746209697718,96.43056379086505,98.86511722177482,96.90219038603999
288,97.77547125603873,98.27334758280315,98.36668818164638,98.06303641640747,96.46233214586985,98.87234411450471,96.91763268374851
289,97.77547125603873,98.27334758280315,98.36668818164638,98.06303641640747,96.46233214586985,98.87234411450471,96.93343014082245
290,97.7944867275,98.2874704948307,98.37677030583468,98.08363123341873,96.50040223848843,98.88211821488218,96.95110636164215
291,97.7944867275,98.2874704948307,98.37677030583468,98.08363123341873,96.50040223848843,98.88211821488218,96.97272765189209
292,97.81803312486394,98.30038504463889,98.3890548874708,98.1017905972114,96.531264739684,98.89115691635584,96.99337396995351
293,97.81803312486394,98.30038504463889,98.3890548874708,98.1017905972114,96.531264739684,98.89115691635584,97.01165373841059
294,97.83780250963525,98.31309154401131,98.40092956837358,98.11931454807109,96.56528352853144,98.90006754958145,97.0319945513317
295,97.83780250963525,98.31309154401131,98.40092956837358,98.11931454807109,96.56528352853144,98.90006754958145,97.04652639737664
296,97.85012415555005,98.32662967862065,98.41196716056818,98.13770629575143,96.59990861018164,98.90834741060513,97.06357443336974
297,97.85012415555005,98.32662967862065,98.41196716056818,98.13770629575143,96.59990861018164,98.90834741060513,97.07771766600045
298,97.86768806418706,98.33999410863933,98.42386983336566,98.15625227363631,96.62980734857763,98.91647938918682,97.09119558862108
299,97.86768806418706,98.33999410863933,98.42386983336566,98.15625227363631,96.62980734857763,98.91647938918682,97.10288045150253
300,97.88141933511332,98.35773260576205,98.44094946205797,98.17288004081603,96.6656917372789,98.9247561098772,97.11714504253472
301,97.88141933511332,98.35773260576205,98.44094946205797,98.17288004081603,96.6656917372789,98.9247561098772,97.13188639133949
302,97.89590694654277,98.3668382339826,98.45303263320534,98.18806874409778,96.69221795566162,98.93230079725126,97.1447602124346
303,97.89590694654277,98.3668382339826,98.45303263320534,98.18806874409778,96.69221795566162,98.93230079725126,97.16055398480289
304,97.91017359932277,98.37364894578116,98.47022211748394,98.2036373571922,96.72240008559426,98.93778407118408,97.17554367755618
305,97.91017359932277,98.37364894578116,98.47022211748394,98.2036373571922,96.72240008559426,98.93778407118408,97.18833316337954
306,97.92231856915778,98.38581528532825,98.48318929366141,98.21766283407587,96.75483835682374,98.94640661639274,97.20090439720775
307,97.92231856915778,98.38581528532825,98.48318929366141,98.21766283407587,96.75483835682374,98.94640661639274,97.21541950467216
308,97.94758352595645,98.39940195514775,98.49447815711677,98.2311885076127,96.78835274806431,98.95383042864853,97.22912042144135
309,97.94758352595645,98.39940195514775,98.49447815711677,98.2311885076127,96.78835274806431,98.95383042864853,97.24383361886694
310,97.96261997228301,98.4094140287723,98.50522131712762,98.24648098749155,96.81990211005314,98.96102953656217,97.25742155181652
311,97.96261997228301,98.4094140287723,98.50522131712762,98.24648098749155,96.81990211005314,98.96102953656217,97.27087385277262
312,97.9776660415343,98.41828450337783,98.51542752908165,98.2633197416431,96.84342256878948,98.96820496661093,97.284298404175
313,97.9776660415343,98.41828450337783,98.51542752908165,98.2633197416431,96.84342256878948,98.96820496661093,97.29586219866891
314,97.99594518883269,98.42800307863165,98.52633798518664,98.27766726399219,96.86853129583949,98.97542956341448,97.30590244659791
315,97.99594518883269,98.42800307863165,98.52633798518664,98.27766726399219,96.86853129583949,98.97542956341448,97.32393569270558
316,98.01184962812405,98.44244746164891,98.5379788061994,98.29221469695923,96.89571157336327,98.98301163293276,97.33366442962117
317,98.01184962812405,98.44244746164891,98.5379788061994,98.29221469695923,96.89571157336327,98.98301163293276,97.33887746213946
318,98.02744859231827,98.45715743376844,98.54812008272029,98.30538696017793,96.91964628126858,98.99062422118337,97.34574317130463
319,98.02744859231827,98.45715743376844,98.54812008272029,98.30538696017793,96.91964628126858,98.99062422118337,97.3589188329263
320,98.0363984901796,98.46661842503529,98.55708508512292,98.31886072954647,96.94686404690066,98.99724634766943,97.37140930673893
321,98.0363984901796,98.46661842503529,98.55708508512292,98.31886072954647,96.94686404690066,98.99724634766943,97.38552480905693
322,98.05446714303615,98.476319512763,98.56740163948875,98.33516706551539,96.97136073200451,99.0036172247296,97.39802573054567
323,98.05446714303615,98.476319512763,98.56740163948875,98.33516706551539,96.97136073200451,99.0036172247296,97.40795229388097
324,98.07245845093473,98.48835946694676,98.5787408960264,98.34824975195272,96.99407038094103,99.0090971032126,97.41735363385337
325,98.07245845093473,98.48835946694676,98.5787408960264,98.34824975195272,96.99407038094103,99.0090971032126,97.4300274939925
326,98.0875547817366,98.49619604966765,98.58893370586011,98.36303796511486,97.01723245648301,99.0136623855928,97.43969014961215
327,98.0875547817366,98.49619604966765,98.58893370586011,98.36303796511486,97.01723245648301,99.0136623855928,97.45131235326937
328,98.10005277154836,98.5050904493672,98.60372015271744,98.37424411079053,97.0454260714629,99.02068512479322,97.45771775481406
329,98.10005277154836,98.5050904493672,98.60372015271744,98.37424411079053,97.0454260714629,99.02068512479322,97.46929313430546
330,98.11464927170431,98.51395342144359,98.61072815923526,98.38836894841359,97.0702074270195,99.02461108354312,97.48229303233512
331,98.11464927170431,98.51395342144359,98.61072815923526,98.38836894841359,97.0702074270195,99.02461108354312,97.49056683552769
332,98.12888639055852,98.52121541999736,98.62009101134132,98.40103229782432,97.09209851174329,99.03035612680198,97.50188742568527
333,98.12888639055852,98.52121541999736,98.62009101134132,98.40103229782432,97.09209851174329,99.03035612680198,97.51389255315794
334,98.14183115410513,98.5302395911932,98.62845698762669,98.41268841146773,97.1232093245856,99.03673372948107,97.52190393698143
335,98.14183115410513,98.5302395911932,98.62845698762669,98.41268841146773,97.1232093245856,99.03673372948107,97.53335420444526
336,98.1539200315159,98.53992903111704,98.64446530045737,98.42623608885587,97.14417973895308,99.04143578339624,97.54606787212502
337,98.1539200315159,98.53992903111704,98.64446530045737,98.42623608885587,97.14417973895308,99.04143578339624,97.55680856503241
338,98.16235699749267,98.54688638796269,98.65258381125788,98.43598229606667,97.1683287127548,99.04778763049171,97.56954926465697
339,98.16235699749267,98.54688638796269,98.65258381125788,98.43598229606667,97.1683287127548,99.04778763049171,97.57969227029511
340,98.1689298238923,98.5543921841508,98.66209578704533,98.44677336212348,97.18836951030869,99.05266374368063,97.59323590198599
341,98.1689298238923,98.5543921841508,98.66209578704533,98.44677336212348,97.18836951030869,99.05266374368063,97.60219140433524
342,98.18112460228602,98.56807094915114,98.67112954392533,98.46006480941053,97.20392509791797,99.05824149969688,97.61504533396415
343,98.18112460228602,98.56807094915114,98.67112954392533,98.46006480941053,97.20392509791797,99.05824149969688,97.62326731746376
344,98.19584576579608,98.5756553605984,98.67818284297296,98.47179982949592,97.23025242476133,99.06242156360364,97.62993621127615
345,98.19584576579608,98.5756553605984,98.67818284297296,98.47179982949592,97.23025242476133,99.06242156360364,97.63744824934847
346,98.2110932971628,98.58472227536684,98.6855359086023,98.4823230231016,97.25116938755464,99.06664100641724,97.64614329840511
347,98.2110932971628,98.58472227536684,98.6855359086023,98.4823230231016,97.25116938755464,99.06664100641724,97.6541595854131
348,98.22302211411284,98.59550974933198,98.69460555418868,98.49651781110921,97.27249110718827,99.07309462890917,97.66405543151345
349,98.22302211411284,98.59550974933198,98.69460555418868,98.49651781110921,97.27249110718827,99.07309462890917,97.67655264430859
350,98.23423811877332,98.6015558483235,98.70076009184588,98.50848010662148,97.29190663241552,99.08016283948541,97.68965060736934
351,98.23423811877332,98.6015558483235,98.70076009184588,98.50848010662148,97.29190663241552,99.08016283948541,97.69811799289262
352,98.24690811757131,98.61326215521551,98.7079689755296,98.51838408575811,97.31273637459917,99.0840384607285,97.7033053875838
353,98.24690811757131,98.61326215521551,98.7079689755296,98.51838408575811,97.31273637459917,99.0840384607285,97.71275710474717
354,98.26007500704904,98.62101343191138,98.71247909798576,98.53012225014365,97.33764361780358,99.08820130938321,97.72296133747639
355,98.26007500704904,98.62101343191138,98.71247909798576,98.53012225014365,97.33764361780358,99.08820130938321,97.73024012527962
356,98.2726165856843,98.62810481091955,98.71974555786954,98.53878700181065,97.35787387581445,99.09303844294529,97.73564438127562
357,98.2726165856843,98.62810481091955,98.71974555786954,98.53878700181065,97.35787387581445,99.09303844294529,97.74629040652724
358,98.28682221242583,98.63541789861245,98.7261282728054,98.5513169132712,97.37141157737763,99.09765807052963,97.75867049790175
359,98.28682221242583,98.63541789861245,98.7261282728054,98.5513169132712,97.37141157737763,99.09765807052963,97.76563141703096
360,98.29598617783302,98.64229875659575,98.73323455084432,98.56217936762302,97.38951766908953,99.10242401905687,97.77606350219777
361,98.29598617783302,98.64229875659575,98.73323455084432,98.56217936762302,97.38951766908953,99.10242401905687,97.7841297310318
362,98.30758602418379,98.65113148015323,98.74110932780177,98.57168440437948,97.41115452946258,99.10765445143994,97.79368689072415
363,98.30758602418379,98.65113148015323,98.74110932780177,98.57168440437948,97.41115452946258,99.10765445143994,97.80355395422502
364,98.31963226754554,98.6573425839254,98.74772905052365,98.5808491326289,97.42396800715419,99.11119025699239,97.81030588237685
365,98.31963226754554,98.6573425839254,98.74772905052365,98.5808491326289,97.42396800715419,99.11119025699239,97.81990803045261
366,98.32721584749,98.6640166496263,98.75421953223315,98.5929962495554,97.44386251433596,99.11491033641236,97.82845518408963
367,98.32721584749,98.6640166496263,98.75421953223315,98.5929962495554,97.44386251433596,99.11491033641236,97.83367509642342
368,98.33541821104184,98.67268036895449,98.76419424830766,98.60309868371921,97.46701576976331,99.11830986015427,97.83954922936736
369,98.33541821104184,98.67268036895449,98.76419424830766,98.60309868371921,97.46701576976331,99.11830986015427,97.84424033765002
370,98.34490697307658,98.67847297569368,98.77240370789727,98.613600153089,97.48432975299102,99.12172023241651,97.85067366976885
371,98.34490697307658,98.67847297569368,98.77240370789727,98.613600153089,97.48432975299102,99.12172023241651,97.85989082250275
372,98.35803153479068,98.68738412382127,98.77828659427351,98.62555750837117,97.49968842303196,99.12526687912384,97.86810910707361
373,98.35803153479068,98.68738412382127,98.77828659427351,98.62555750837117,97.49968842303196,99.12526687912384,97.87627169237001
374,98.36710604663647,98.69456889495899,98.78680618548219,98.63785168050353,97.51833655647448,99.12804598532362,97.88449457403074
375,98.36710604663647,98.69456889495899,98.78680618548219,98.63785168050353,97.51833655647448,99.12804598532362,97.89147336800752
376,98.37849674974407,98.70593418156548,98.7940093450614,98.64654012757852,97.53985795939275,99.13198023581408,97.89570466968213
377,98.37849674974407,98.70593418156548,98.7940093450614,98.64654012757852,97.53985795939275,99.13198023581408,97.90317418401487
378,98.3870535377456,98.71543417919841,98.80219247101158,98.65501569036371,97.55911550562351,99.13665237343304,97.91301120077718
379,98.3870535377456,98.71543417919841,98.80219247101158,98.65501569036371,97.55911550562351,99.13665237343304,97.9226246065253
380,98.39283990207402,98.72409459055136,98.80889771441396,98.66253198789451,97.57365090326282,99.14107145643297,97.92610661877534
381,98.39283990207402,98.72409459055136,98.80889771441396,98.66253198789451,97.57365090326282,99.14107145643297,97.92929897195344
382,98.40127848873728,98.73027798113613,98.81532969041925,98.67263256583574,97.59271046260004,99.14596357172786,97.93674700462539
383,98.40127848873728,98.73027798113613,98.81532969041925,98.67263256583574,97.59271046260004,99.14596357172786,97.93573294432582
384,98.40938669042484,98.73738159021666,98.8216124098381,98.68231350463398,97.60629913397894,99.15017918704403,97.93816394759656
385,98.40938669042484,98.73738159021666,98.8216124098381,98.68231350463398,97.60629913397894,99.15017918704403,97.94557953815384
386,98.42125895884755,98.74412105713972,98.82806023020629,98.69401521802364,97.62792611000535,99.15390772088118,97.9456526371548
387,98.42125895884755,98.74412105713972,98.82806023020629,98.69401521802364,97.62792611000535,99.15390772088118,97.9488622930063
388,98.43343103388654,98.75013025767778,98.83449652829424,98.70201167781248,97.64497600526163,99.15837035218377,97.95477528154754
389,98.43343103388654,98.75013025767778,98.83449652829424,98.70201167781248,97.64497600526163,99.15837035218377,97.96655496901506
390,98.4419609327221,98.75530869155482,98.84153701657087,98.71075938896125,97.65743293730047,99.16304815759946,97.97210483134329
391,98.4419609327221,98.75530869155482,98.84153701657087,98.71075938896125,97.65743293730047,99.16304815759946,97.98080400766955
392,98.45070184731716,98.76268722925464,98.84871293104646,98.71886949161677,97.67126323968624,99.16708993367601,97.98957565160742
393,98.45070184731716,98.76268722925464,98.84871293104646,98.71886949161677,97.67126323968624,99.16708993367601,97.99931606009461
394,98.4583800411427,98.76858631233289,98.8531733879408,98.72686315228624,97.68322946154416,99.17077539993993,98.00504579302677
395,98.4583800411427,98.76858631233289,98.8531733879408,98.72686315228624,97.68322946154416,99.17077539993993,98.01465075872754
396,98.46693410679975,98.77523361617838,98.856739399077,98.73562169855035,97.69750755153646,99.17559944559665,98.01989507504007
397,98.46693410679975,98.77523361617838,98.856739399077,98.73562169855035,97.69750755153646,99.17559944559665,98.02388215143439
398,98.47604006322636,98.77903962147668,98.86269336768505,98.74492869661788,97.70977843566247,99.17826543415451,98.03358721433116
399,98.47604006322636,98.77903962147668,98.86269336768505,98.74492869661788,97.70977843566247,99.17826543415451,98.04177327726295
400,98.47781830984452,98.7844839310261,98.86689209227491,98.75258650224104,97.7236975798506,99.18244189487916,98.05006916441441
401,98.47781830984452,98.7844839310261,98.86689209227491,98.75258650224104,97.7236975798506,99.18244189487916,98.05384770614052
402,98.48741086073075,98.79110713926656,98.87102006447043,98.75962679520296,97.73729443450736,99.18648390752756,98.0591012656023
403,98.48741086073075,98.79110713926656,98.87102006447043,98.75962679520296,97.73729443450736,99.18648390752756,98.06507966002378
404,98.49626282741094,98.79634215232912,98.8772859706895,98.76689089269557,97.74958994091345,99.19037322683462,98.07252399262529
405,98.49626282741094,98.79634215232912,98.8772859706895,98.76689089269557,97.74958994091345,99.19037322683462,98.0817726792156
406,98.5080528815389,98.80257619391064,98.88205581256146,98.77536941104273,97.76160944645015,99.1930750031136,98.08655206877732
407,98.5080528815389,98.80257619391064,98.88205581256146,98.77536941104273,97.76160944645015,99.1930750031136,98.09196398723367
408,98.51823409998758,98.80700938212678,98.88693427905771,98.78479017999447,97.77259835509409,99.19601332372898,98.09711138196401
409,98.51823409998758,98.80700938212678,98.88693427905771,98.78479017999447,97.77259835509409,99.19601332372898,98.10293442602146
410,98.52730044354101,98.81263015483022,98.89017919188757,98.79348088961004,97.78978761461237,99.19956718890893,98.11193192949233
411,98.52730044354101,98.81263015483022,98.89017919188757,98.79348088961004,97.78978761461237,99.19956718890893,98.11983442838591
412,98.53642108151831,98.81699114876747,98.89569344345959,98.79960694607587,97.80183159253761,99.20414041297472,98.1241990808452
413,98.53642108151831,98.81699114876747,98.89569344345959,98.79960694607587,97.80183159253761,99.20414041297472,98.12914470588262
414,98.54348672261719,98.82192771360435,98.89887424636079,98.80660224510271,97.81378907477023,99.2071635840994,98.13458042242094
415,98.54348672261719,98.82192771360435,98.89887424636079,98.80660224510271,97.81378907477023,99.2071635840994,98.13822987355874
416,98.54959861614908,98.82760375240358,98.90580578985353,98.81444260275555,97.82884326917166,99.21026101291905,98.14663428251264
417,98.54959861614908,98.82760375240358,98.90580578985353,98.81444260275555,97.82884326917166,99.21026101291905,98.15185076145359
418,98.55868823216157,98.83226364183244,98.90979591597059,98.82044409604968,97.8416813231946,99.21365646137278,98.15821239525006
419,98.55868823216157,98.83226364183244,98.90979591597059,98.82044409604968,97.8416813231946,99.21365646137278,98.16356172598405
420,98.55989191870542,98.83609986823555,98.91549055693336,98.82627363728906,97.85072617980553,99.216136819902,98.1664785443023
421,98.55989191870542,98.83609986823555,98.91549055693336,98.82627363728906,97.85072617980553,99.216136819902,98.17229161488183
422,98.56819096024564,98.84101167301021,98.92089813176491,98.83493602197167,97.87064210230136,99.2182354896415,98.179512514436
423,98.56819096024564,98.84101167301021,98.92089813176491,98.83493602197167,97.87064210230136,99.2182354896415,98.18962275520835
424,98.57642328581827,98.85406736482634,98.92642091392479,98.84322313559251,97.87926081464046,99.22187744719376,98.19557663821715
425,98.57642328581827,98.85406736482634,98.92642091392479,98.84322313559251,97.87926081464046,99.22187744719376,98.20273025528442
426,98.58644468076514,98.85912150862403,98.92931619016628,98.85102423125073,97.88809027853671,99.22539527165075,98.21202688255603
427,98.58644468076514,98.85912150862403,98.92931619016628,98.85102423125073,97.88809027853671,99.22539527165075,98.22087283686975
428,98.59338846604763,98.86365210435413,98.9330176768481,98.85654457969488,97.8965106190967,99.22923158796515,98.22842888754691
429,98.59338846604763,98.86365210435413,98.9330176768481,98.85654457969488,97.8965106190967,99.22923158796515,98.23317414431077
430,98.60305608846247,98.86924493697491,98.93633262240036,98.86340258812001,97.90687813620386,99.23217409659645,98.23885982524158
431,98.60305608846247,98.86924493697491,98.93633262240036,98.86340258812001,97.90687813620386,99.23217409659645,98.24478895660606
432,98.61030032638483,98.8730214392974,98.93959040246993,98.87121059203741,97.916146180711,99.23351501757813,98.24861503748527
433,98.61030032638483,98.8730214392974,98.93959040246993,98.87121059203741,97.916146180711,99.23351501757813,98.252432428895
434,98.61871384036503,98.87953444199468,98.94446589022041,98.87633585928198,97.92758828075887,99.23640599147232,98.25642750035581
435,98.61871384036503,98.87953444199468,98.94446589022041,98.87633585928198,97.92758828075887,99.23640599147232,98.26113122978651
436,98.62450213032831,98.88473411105318,98.94859324747634,98.88289337328638,97.93929361178584,99.23722572857194,98.26769955659589
437,98.62450213032831,98.88473411105318,98.94859324747634,98.88289337328638,97.93929361178584,99.23722572857194,98.27152507407368
438,98.63362124103901,98.88983023647405,98.95369276069516,98.89013076425971,97.9531633137169,99.23913504801062,98.27533767716572
439,98.63362124103901,98.88983023647405,98.95369276069516,98.89013076425971,97.9531633137169,99.23913504801062,98.27933982381902
440,98.63414179575365,98.89474295285783,98.95761754538033,98.89684228507117,97.96398011243734,99.24091934075595,98.282675611102
441,98.63414179575365,98.89474295285783,98.95761754538033,98.89684228507117,97.96398011243734,99.24091934075595,98.2878588385571
442,98.64208652409769,98.90034452978817,98.96103470191464,98.90224531881253,97.97566469609045,99.24702946891928,98.2902196269739
443,98.64208652409769,98.90034452978817,98.96103470191464,98.90224531881253,97.97566469609045,99.24702946891928,98.29261265170663
444,98.64994980439964,98.90479448592001,98.96352467062799,98.90884324539996,97.98752645473938,99.25039182516079,98.29742183823683
445,98.64994980439964,98.90479448592001,98.96352467062799,98.90884324539996,97.98752645473938,99.25039182516079,98.30081680074996
446,98.65715858865875,98.90985371810709,98.96711213984261,98.91689976163147,97.99750191304717,99.25214851539337,98.30710217399884
447,98.65715858865875,98.90985371810709,98.96711213984261,98.91689976163147,97.99750191304717,99.25214851539337,98.3125111497623
448,98.66438968908481,98.91593377373336,98.97163902026378,98.92284624600511,98.0059075774067,99.25397317153737,98.31581795551945
449,98.66438968908481,98.91593377373336,98.97163902026378,98.92284624600511,98.0059075774067,99.25397317153737,98.3200790296744
450,98.67248937259421,98.92013406013216,98.9769000847346,98.92783616622143,98.01428104324486,99.2563198710645,98.32404025871968
451,98.67248937259421,98.92013406013216,98.9769000847346,98.92783616622143,98.01428104324486,99.2563198710645,98.32948592650425
452,98.67968778047162,98.9247198776711,98.98076676691998,98.93281351481413,98.0223130181216,99.25897971988182,98.33175155392857
453,98.67968778047162,98.9247198776711,98.98076676691998,98.93281351481413,98.0223130181216,99.25897971988182,98.33431579596017
454,98.68816129248161,98.92944426610673,98.98538743474211,98.93916220563634,98.03265752567629,99.26136221361453,98.3399082368328
455,98.68816129248161,98.92944426610673,98.98538743474211,98.93916220563634,98.03265752567629,99.26136221361453,98.3447624370273
456,98.69672466960758,98.93286211506185,98.98956770499785,98.94439898154744,98.0400649871076,99.26450103532184,98.34946760667401
457,98.69672466960758,98.93286211506185,98.98956770499785,98.94439898154744,98.0400649871076,99.26450103532184,98.35466406974832
458,98.70313615078831,98.93724613996808,98.99335763653664,98.95009539564929,98.0536844575834,99.2661149960442,98.35713396805016
459,98.70313615078831,98.93724613996808,98.99335763653664,98.95009539564929,98.0536844575834,99.2661149960442,98.36101131743625
460,98.70232726886938,98.94126026237181,98.99575173247156,98.95674011201116,98.06210716808489,99.26834487078423,98.36353229431275
461,98.70232726886938,98.94126026237181,98.99575173247156,98.95674011201116,98.06210716808489,99.26834487078423,98.36603141775291
462,98.70870744755445,98.94479716902492,98.99954592933035,98.9625269107035,98.07109271913384,99.27056733417842,98.36998111142361
463,98.70870744755445,98.94479716902492,98.99954592933035,98.9625269107035,98.07109271913384,99.27056733417842,98.37469378168034
464,98.7136732324683,98.94845079572829,99.00329388148025,98.96905673033248,98.07899059598702,99.27261927695244,98.3790893665298
465,98.7136732324683,98.94845079572829,99.00329388148025,98.96905673033248,98.07899059598702,99.27261927695244,98.38496008697126
466,98.71982415172239,98.95379193652877,99.00734290621925,98.97592652760419,98.08909985137208,99.27635088181785,98.38996538513985
467,98.71982415172239,98.95379193652877,99.00734290621925,98.97592652760419,98.08909985137208,99.27635088181785,98.39422247666411
468,98.72560929207106,98.95675457774239,99.01032789020816,98.98363753871797,98.10128827104842,99.27669884266628,98.39802309302951
469,98.72560929207106,98.95675457774239,99.01032789020816,98.98363753871797,98.10128827104842,99.27669884266628,98.40194094937661
470,98.73054661965756,98.95972192704696,99.01401002725532,98.99058747293401,98.1104541542545,99.27959100706983,98.4067002632142
471,98.73054661965756,98.95972192704696,99.01401002725532,98.99058747293401,98.1104541542545,99.27959100706983,98.41062527433878
472,98.7362050271407,98.96421851038325,99.0178210424447,98.99544216923924,98.12051630492603,99.283748308946,98.41426094834888
473,98.7362050271407,98.96421851038325,99.0178210424447,98.99544216923924,98.12051630492603,99.283748308946,98.41714488639015
474,98.74314399792493,98.96775037403498,99.0205807226363,99.00074748298681,98.13059682762876,99.28651771633643,98.42002248916211
475,98.74314399792493,98.96775037403498,99.0205807226363,99.00074748298681,98.13059682762876,99.28651771633643,98.42274290764033
476,98.74779461000684,98.97005655471375,99.02398171445608,99.00739048353137,98.14223344025885,99.28848776940033,98.42842717275734
477,98.74779461000684,98.97005655471375,99.02398171445608,99.00739048353137,98.14223344025885,99.28848776940033,98.42905005736856
478,98.7552069052054,98.97378117200209,99.02754091693184,99.0141845562961,98.15464350097471,99.2892142636071,98.4291878008565
479,98.7552069052054,98.97378117200209,99.02754091693184,99.0141845562961,98.15464350097471,99.2892142636071,98.43524503063946
480,98.7571222991068,98.97700163912268,99.03074808955513,99.01893346022881,98.16140053072515,99.29161774103846,98.43835989021927
481,98.7571222991068,98.97700163912268,99.03074808955513,99.01893346022881,98.16140053072515,99.29161774103846,98.44070313727107
482,98.76410100271868,98.98246604269923,99.03454133415951,99.02372133922434,98.16681224595737,99.29445172239573,98.44423312959282
483,98.76410100271868,98.98246604269923,99.03454133415951,99.02372133922434,98.16681224595737,99.29445172239573,98.44756299359696
484,98.77073334666828,98.985079584143,99.03946169599419,99.0285681688401,98.17300064938765,99.29710441501132,98.44951378331574
485,98.77073334666828,98.985079584143,99.03946169599419,99.0285681688401,98.17300064938765,99.29710441501132,98.45019321522402
486,98.77855277479766,98.989956205977,99.04222438983497,99.03878723233994,98.18199196154757,99.29922783398646,98.45075734242108
487,98.77855277479766,98.989956205977,99.04222438983497,99.03878723233994,98.18199196154757,99.29922783398646,98.45332103175532
488,98.78578390941132,98.99415831475223,99.04528496065134,99.04525621031455,98.19031917243315,99.30171258100606,98.45712902897438
489,98.78578390941132,98.99415831475223,99.04528496065134,99.04525621031455,98.19031917243315,99.30171258100606,98.45768999779776
490,98.79060183702657,98.99633170828834,99.04899118344933,99.05075368886293,98.1958855780446,99.30355427365073,98.45900343458538
491,98.79060183702657,98.99633170828834,99.04899118344933,99.05075368886293,98.1958855780446,99.30355427365073,98.46181674542234
492,98.79756904712461,99.00132780357528,99.05211552665276,99.05557810346357,98.20569161129569,99.3060275127448,98.46541657710651
493,98.79756904712461,99.00132780357528,99.05211552665276,99.05557810346357,98.20569161129569,99.3060275127448,98.46434420844791
494,98.80463145816896,99.00484670491832,99.05531748743354,99.06130899658564,98.2117766896424,99.30668175698221,98.46708705843838
495,98.80463145816896,99.00484670491832,99.05531748743354,99.06130899658564,98.2117766896424,99.30668175698221,98.46882676196321
496,98.81046196044014,99.00670581765475,99.05799897072806,99.0672033935179,98.22077294707607,99.31014380928073,98.47487769132563
497,98.81046196044014,99.00670581765475,99.05799897072806,99.0672033935179,98.22077294707607,99.31014380928073,98.47954801638643
498,98.81607535580522,99.00971973503316,99.0599545367811,99.07390578740132,98.22790291779324,99.31336509612188,98.48442056000445
499,98.81607535580522,99.00971973503316,99.0599545367811,99.07390578740132,98.22790291779324,99.31336509612188,98.48683772078857
