Comparison stage no.,data//output//runtimePerformance//DECMO//SolutionSetSize100//,data//output//runtimePerformance//DECMO2//SolutionSetSize100//,data//output//runtimePerformance//DECMO2++//SolutionSetSize100//,data//output//runtimePerformance//SPEA2//SolutionSetSize100//,data//output//runtimePerformance//GDE3//SolutionSetSize100//,data//output//runtimePerformance//NSGA2//SolutionSetSize100//,data//output//runtimePerformance//MOEAD_DRA//SolutionSetSize100//
0,0.0,0.0,0.0,0.0,0.0,0.0,0.0
1,0.0,0.0,0.0,0.0,0.0,0.0,0.0
2,0.0,0.0,0.0,0.0,0.0,0.0,0.0
3,0.0,0.0,0.0,0.0,0.0,0.0,0.0
4,0.0,0.0,0.0,0.0,0.0,0.0,0.0
5,0.0,0.0,0.0,0.0,0.0,0.0,0.0
6,0.0,0.0,0.0,0.0,0.0,0.0,0.0
7,0.0,0.0,0.0,0.0,0.0,0.0,0.0
8,0.0,0.0,0.0,0.0,0.0,0.0,0.0
9,0.0,0.0,0.0,0.0,0.0,0.0,0.0
10,0.0,0.0,0.0,0.0,0.0,0.0,0.0
11,0.0,0.0,0.0,0.0,0.0,0.0,0.0
12,0.0,0.0,0.0031031771464291673,0.0,0.0,0.0,0.0
13,0.0,0.0,0.02484003547664024,0.0,0.0,0.0,0.0
14,0.0,0.0,0.03611254600446714,0.0,0.0,0.0,0.0
15,0.0,0.008726385351667285,0.11962294268308224,0.0,0.0,0.0,0.0
16,0.0,0.131402104037819,0.37332507950053107,0.0,0.0,0.0,0.0
17,0.0,0.3233754003423347,0.9629470885590398,0.0,0.0,0.0,0.0
18,0.0,0.8427132923760519,2.0175082829115185,0.0,0.0,0.0,0.0
19,0.0,1.4275070881587408,3.3187158671011465,0.0,0.0,0.0,0.0
20,0.0,2.3341751264649564,4.846858099489785,0.0,0.0,0.0,0.0
21,0.0,3.4908944627092877,6.585494563608594,0.0,0.0,0.0,0.0
22,0.0,4.692819349585528,8.65771552846246,0.0,0.0,0.0,0.0
23,0.0,6.9145879712092295,10.17787385450172,0.0,0.0,0.0,0.0
24,0.021064925292164496,8.979487738387137,12.313135095094658,0.0,0.0,0.004432880861264576,0.0
25,0.029690669594839472,11.377768141873572,14.298991914088987,0.0,0.03561037446144188,0.006617184825537525,0.0
26,0.06475862286241969,14.079534685649083,16.556116582562538,0.0,0.041238438061608734,0.026334134778299878,0.0
27,0.09020754148076136,16.438561622752406,18.415940906763584,0.0,0.0652385961474089,0.038532189273894416,0.0
28,0.21697891292827817,19.37052265426169,20.701887115185,0.0,0.20135479862699923,0.06151467611463235,0.0
29,0.4640149823517957,22.144131176647086,22.73026818227932,0.0,0.39896714194311755,0.08862911075665156,0.0
30,0.8020115473417108,24.818684273845225,25.07624550663705,0.0,0.8789074664546613,0.16756944203187274,0.0
31,1.538043676672613,27.415506449566447,26.831566747128132,0.0,1.7673249877678523,0.2519784842844315,0.0
32,2.473261816044456,30.10044630098291,28.85678466763203,0.0,2.994468906176098,0.40172902194351345,0.0
33,3.5899209939754844,32.51032593329906,30.653346796728048,0.0,4.404712699995425,0.59525061657726,0.0
34,5.061762085806681,35.00215815471116,32.85320605536433,0.0031442494381523547,6.599155423129764,0.866591526595568,0.0
35,7.000212438015742,37.3722497173213,35.323677277616085,0.01388244492802995,8.550788543541975,1.2372092803838972,0.0
36,9.55649248877242,39.83055792423877,37.20601188803952,0.02178734035126683,11.148969106091918,1.702801737526041,0.0
37,11.887369864504109,42.16026974712889,39.53928011951336,0.049300714306720506,14.309632126440718,2.217219688322174,0.0
38,14.67578627459993,44.31650771840878,41.588462125641286,0.07919004996216067,17.337778815717716,2.837542580806534,0.0
39,17.31167969052106,46.3750564690625,43.38247781248261,0.11538561763873675,20.57683613258556,3.6496926124832583,0.0
40,19.92443243598151,48.367436114524345,45.235622902868336,0.16002239181203937,24.019831277468008,4.426194122855571,0.0
41,23.03569209395049,50.172557002323735,47.134617420342565,0.23660581282443538,27.78205444730821,5.31774654441341,0.0
42,26.16684508265284,52.19494164144267,49.3527556978127,0.3416100253227343,31.169804766607463,6.560873346914989,0.0
43,29.22522851360767,53.9937136622038,50.984165920474545,0.4884718477986401,34.6052980450985,7.824640873999996,0.0
44,32.0601302467265,55.531573991237195,53.08486743794932,0.6343509424862371,38.014797547876114,9.201552649727864,0.0
45,34.519017880708574,56.993543745228116,54.947608868244366,0.8873417022565839,41.14225794339058,10.605450618978455,0.0
46,37.39376933809317,58.365155989961096,56.77385131494705,1.1514320923236039,44.13921327562914,12.014596396030932,0.0
47,40.322333159374324,60.10161743030441,58.31861397737178,1.437725259585609,47.27605625051114,13.505365627927905,0.0
48,42.98038562991449,61.626093004245696,59.827800933215904,1.8549612857650417,50.16791360744739,15.307956254525253,0.0
49,45.43064364209732,63.50428674209222,61.4818981260978,2.229366203007432,53.04798045073791,17.06058448034842,0.0
50,47.6227084959656,64.88569660079425,63.02905336823519,2.6950959481582335,55.687889826379624,18.809414254877943,0.0
51,50.28340016191678,66.34155827144257,64.48512910160561,3.3062122107198206,58.485558275020836,20.62063236563292,0.0
52,52.62010410306939,67.47378697067937,65.77316161494427,3.7613346632112936,60.89044433379729,22.416823394715127,0.0
53,54.76675737380775,69.16540456605148,67.06430092797592,4.3527194332775165,63.106577355240404,24.260907855149725,0.0
54,57.057683473493896,70.46408537511844,68.43826973413688,4.971452528335389,65.40268522280594,26.159298100525923,0.0
55,59.15409263364073,71.73873282532682,69.81653389814136,5.656140190036674,67.61346546700656,28.17249203983114,0.0
56,61.37093852071096,72.7488222074855,71.16109560887706,6.455148574028764,69.68827890739288,30.220105116304623,0.0
57,63.307048404774605,74.03130251034452,72.19808046121688,7.288455739126806,71.60052823248468,32.25266024786509,0.0
58,65.1118570195983,75.27842356024448,73.72727947017155,8.146697456730204,73.28947464551415,34.460995601738645,0.0
59,66.88157113590856,76.54868322008812,75.4620258890408,9.220258784810742,75.04053779514047,36.35699445975891,0.0
60,68.42724728459442,77.83524086016028,76.45859095973049,10.170392236304266,76.5548143283828,38.298080964689234,0.0
61,70.09890050566061,79.07644704221407,77.64543343806145,11.145615676640684,78.0265075621766,40.306158212764075,0.0
62,71.54062880558327,80.19058805317559,78.89661228428231,12.078120537168981,79.43546258449874,42.41832323519131,0.0
63,72.94721324570416,81.2372883014525,80.06096911322804,13.055788405359248,80.74870211463065,44.275867270129446,0.0
64,74.28525435412219,82.47275030357947,80.87677111885812,14.033081948711454,81.99521731774776,46.23556846429917,0.0
65,75.49903024297171,83.60128374122513,81.82248150083824,15.034032666000744,83.16230708509417,48.11405832900457,0.0
66,76.64159078236808,84.71286287116017,82.8397334807889,16.20458705485798,84.22972457709946,49.87204817957876,0.0
67,77.78841892089342,85.87542725030448,83.61664300073063,17.275875052888253,85.25437805688281,51.56678008130014,0.0
68,79.04310087229926,86.43688077534733,84.38499810211947,18.372171983397,86.18061793181417,53.31459631765174,0.0
69,80.01755013505823,87.1671203099932,85.2308525849515,19.511931156794933,87.01194831538936,55.00520690470926,0.0
70,80.86278684294106,87.96012551663392,85.88434277232521,20.559933325077537,87.82004336514736,56.68857116187952,0.0
71,81.89762229954306,88.94697854900944,86.55074762196494,21.866607695876862,88.58008864481376,58.32795721145191,0.0
72,82.70555523839919,89.73874162856451,87.2057919354824,22.890670363720165,89.3100531187683,60.04494097961084,0.0
73,83.44386030615642,90.40398408400138,87.78822942324496,23.91774815017949,89.97811797031211,61.45890987369847,0.0
74,84.18628286548741,91.02633783025013,88.39412845572683,25.03815943525789,90.60464629887908,62.74568509615301,0.0
75,84.89927088554239,91.70639232291978,88.77031978156005,26.178615300245173,91.19862621018945,64.0895749444623,0.0
76,85.61236729128066,92.38313256005036,89.24714281978953,27.438769280382157,91.75168107554074,65.50972322786788,4.446945665774143E-5
77,86.19990950048715,92.73812699873253,90.08421794480627,28.654507408241912,92.26616309126705,66.76665103804788,0.0
78,86.83017288580861,93.18647628315588,90.44665105534028,29.67723674318018,92.72461804914889,67.91694248550247,0.0012497965212934876
79,87.35652325462257,93.58703542537374,91.17611366922546,30.62136724162428,93.14774065737727,69.05072582613954,0.0020115694114422014
80,87.86460949790553,93.92966822965326,91.68227836954213,31.56058599461346,93.52533878150741,70.20535199718043,0.0022980492912632287
81,88.39198353261702,94.29183407542051,92.36483975418822,32.67744625192783,93.88989484507677,71.2224282205092,0.002545605668326383
82,88.9400760916326,94.65619068245319,92.58142061118276,33.94678145375553,94.20504521484108,72.2971697344372,0.01876993671394579
83,89.37837838597459,94.85150307465844,92.90922831300101,35.001176263586125,94.50609171125483,73.41720007568236,0.01876993671394579
84,89.94124640007365,95.08237018351274,93.23500133227901,35.923365110698114,94.78618085047066,74.41014561622511,0.026785806155604438
85,90.2617167159867,95.25371017815957,93.5972469202036,36.96681053077027,95.0511064531681,75.3312387321267,0.02816320159946125
86,90.84638062741082,95.50497491532965,93.8238186014137,38.07130046016238,95.28927548887339,76.19911393683729,0.02866069549978284
87,91.26009699832849,95.67807653187083,94.2048635233848,39.1324183895414,95.49512602003163,77.19324632930278,0.03034779328300228
88,91.56382867456048,95.90423755878352,94.46381670328549,40.12053504409238,95.68382649503985,78.09973852893684,0.027308736702411004
89,91.92474943713651,96.04489594801016,94.76049305347576,41.257537945003705,95.86583272895746,78.89117561467715,0.03557049519162804
90,92.30000371250618,96.13472779761769,95.00116409634306,42.3898473670778,96.03162848553028,79.64262261366888,0.032137179294422745
91,92.5876103119188,96.22440547751664,95.25568323496091,43.400560752217814,96.19822437479925,80.3758279574785,0.07031807032201196
92,92.84913957216366,96.30889819048701,95.41781300961428,44.18430211898127,96.34742875834053,81.11586609827751,0.06953180065155118
93,93.45225312107976,96.42353297840236,95.61373621502011,45.015844999590506,96.48523374385059,81.73775282994326,0.06928639030976752
94,93.66875439734874,96.49714071793373,95.8288532317039,45.95233588122847,96.61426644893768,82.43603805611752,0.07252252881941333
95,93.89354762916143,96.59319038975971,95.99903864970419,46.69710919903887,96.7334506461279,83.02090804065695,0.048256179746805954
96,94.11059576156336,96.66828841647661,96.22186916282423,47.75299909355899,96.84990250387159,83.60351950470728,0.05432515848599275
97,94.32579456938801,96.72186111855376,96.3043477113759,48.66727592003227,96.95133503078995,84.33649389110995,0.05899587761875832
98,94.50683245961015,96.78006807796694,96.38963144688627,49.7577850756119,97.05341252670299,84.91303391682092,0.06144055375323904
99,94.6834395555295,96.82886839775237,96.45452039480779,50.63337728045204,97.14750852608564,85.3994589320102,0.06058075339465689
100,94.87525065609817,96.88176332031364,96.51947839426748,51.782503009474425,97.23324995454819,85.87133561248598,0.09192098246876904
101,95.02700422765845,96.92851141317473,96.61120343325356,52.65064494417655,97.31600925356908,86.3597703703735,0.09486196456300455
102,95.20401926848623,96.96550823734277,96.66796412370569,53.40652152921109,97.38986524776841,86.77359961114011,0.09466235311962315
103,95.34395180042449,97.0075386774414,96.7195290761661,54.2331269108755,97.4580617439961,87.2250884075552,0.09153208543154084
104,95.45690547324817,97.04037349703987,96.78437315171726,55.08538117900563,97.52456872039801,87.57081305074675,0.09738475165942179
105,95.56236301656496,97.0719538451254,96.8269488340822,55.88252699878926,97.58945795382587,87.99812919908065,0.1006596491387777
106,95.68532443281667,97.09976573330036,96.86839319451468,56.8659294448212,97.64950395491651,88.34779910490572,0.15786029980414684
107,95.79880246520277,97.13148967975519,96.90808677784531,58.17427852034546,97.70407211151114,88.67704388493586,0.16309618656629074
108,95.89933165063277,97.15554345519472,96.951954554708,59.26685285042,97.75664688170266,89.00333277321653,0.1647760678503397
109,95.99924104448789,97.17846149427884,96.98720077432107,60.516701841937035,97.808330520032,89.34443838658287,0.17372546571814657
110,96.08917075880441,97.2079818478851,97.02131905716078,61.342370297982654,97.85433905358147,89.67715799544715,0.1797158403207024
111,96.18094473424077,97.23732857595832,97.05194011312535,62.31124978974092,97.8994828941831,89.94766234581954,0.19994263282511088
112,96.26964053533304,97.25532422803428,97.07864390595225,63.60447498064373,97.94131828849149,90.25148714670924,0.24522670798771423
113,96.35158650747734,97.27978065888344,97.11212219081261,64.45240668915962,97.97776550003103,90.50563991447056,0.24756521241090437
114,96.42122869434974,97.3060828212089,97.13622661514262,65.67544078516931,98.0164177913038,90.71026547377905,0.2681094468753399
115,96.48315869372426,97.31761673469353,97.16619511052626,66.36626192956375,98.05328654268962,90.93871895377339,0.27267764592304466
116,96.55530910931424,97.33251181479369,97.18126624243477,66.99461424387043,98.0858873199631,91.15285712482427,0.28976259516986613
117,96.61255644420831,97.34976845611376,97.20740014334706,67.69428101760022,98.11957809522337,91.3545923767724,0.3023078182630806
118,96.68110164531797,97.36239978985995,97.23835326606552,68.51395403526394,98.15049852348484,91.55886533340409,0.32103263197358634
119,96.74363073667053,97.37820922271271,97.26013462103607,69.39976838487208,98.17938852240667,91.78846772545293,0.3547582096411784
120,96.79091151435547,97.39538715006887,97.28234594018885,70.13816452194864,98.20495428962901,92.05930423124919,0.37767554306340007
121,96.85246402277417,97.40726688416524,97.30615252298865,70.69147738604396,98.23013314103919,92.27758295513588,0.3963425795671005
122,96.90451109817371,97.42638030727743,97.32714505392713,71.36096105200087,98.25211629532,92.51469345930076,0.41677205275366974
123,96.96098865283068,97.4444187694851,97.3393711193639,72.0881954940118,98.2758253832775,92.68028832640455,0.4519810254923806
124,97.00358795707052,97.4551382807646,97.35669392974437,72.96366162553164,98.29811507621802,92.84550517789093,0.512646768427512
125,97.038680618035,97.47050158426049,97.37567013128007,73.70312539341893,98.31860808174375,93.02821707357884,0.5158776390297055
126,97.08543447383357,97.48237189104475,97.39343094949565,74.50832621341168,98.3381522682191,93.20231564177591,0.5344553351743212
127,97.13407396068303,97.49855793284327,97.40874828985702,74.92426819114364,98.35637226499121,93.36241516645795,0.6009993580103298
128,97.18013091511654,97.5198789628246,97.4243717334374,75.34367704922899,98.37394188755201,93.50451746617391,0.6572397500697348
129,97.22358034392401,97.53217247079594,97.4451557828111,75.80968295478077,98.3911875823303,93.63915967461952,0.7255452194003931
130,97.25078327038116,97.54823972623319,97.46066769459702,76.30297562331954,98.40651996480052,93.79209607860136,0.7804582676071817
131,97.29079413099262,97.55740621988085,97.47166583058085,76.87150259000302,98.42293346145382,93.91365334309381,0.8060539897908953
132,97.32664488499519,97.56872251948468,97.48296830004384,77.39548202239108,98.43732511616604,94.04111338686842,0.8082825663248033
133,97.3555841208088,97.57237631657149,97.49301462371825,78.06214547710158,98.45211351613212,94.15968025963389,0.8234171337270916
134,97.38699134286313,97.5799498966006,97.50449789758893,78.44234360699203,98.4646490446461,94.27141913005642,0.8630533074481781
135,97.4097040175413,97.59126299641575,97.51033216847091,79.24100257862997,98.47708548888293,94.43886472370976,0.919052710919736
136,97.44292839479922,97.60309577810585,97.52295100923675,79.85421413205937,98.48952503297828,94.55056076248843,0.9708719328343958
137,97.46693683247325,97.60993203189098,97.53711975158197,80.28471040212796,98.50121405706777,94.66597867359583,1.0230804070982888
138,97.50040317367765,97.6213131904595,97.54646923801307,80.59395286213712,98.51210930566444,94.78200414617359,1.1258525281406522
139,97.53057833875977,97.63654944084276,97.55603078808463,81.00038107552929,98.52194192378967,94.86799692446222,1.185078114508217
140,97.54108874661321,97.63831877265322,97.57032269803335,81.37180835153003,98.5326660103173,94.95961845858088,1.2237767234891417
141,97.56851061102232,97.64437102551388,97.57672651420799,81.70255926314297,98.541931584281,95.05615904590499,1.368814460564239
142,97.58930284067718,97.65282711099388,97.58843708740213,82.04091967070083,98.55075030675867,95.13682829826965,1.4109704546802015
143,97.60745971921082,97.65010208254164,97.59896521900502,82.49575599534303,98.55987162471177,95.22006440117343,1.502431901670582
144,97.63187467040694,97.65051482030105,97.60215584092555,83.05299640377505,98.56789925035115,95.30405518785663,1.5889924825087398
145,97.63505136762458,97.66204961754275,97.61434615282482,83.46262179591082,98.57597484743911,95.3801204170848,1.7136029033111355
146,97.66126495533085,97.66416634211767,97.62334222718239,84.01900565243682,98.58372870033436,95.45387583644263,1.8591860340128539
147,97.67937119807445,97.67181672103654,97.62784902791867,84.40630904946738,98.59170664918736,95.5278539349868,1.9977408695550356
148,97.69808820340458,97.68056640253627,97.63780808991929,84.60099117532076,98.59936304185692,95.59747709823212,2.13071101284234
149,97.71727641828555,97.69211956619347,97.64479193060343,84.87757247764989,98.60572449180026,95.66371843751459,2.2085584483380662
150,97.72811851405802,97.69123528218144,97.65268156616789,85.13890055876294,98.61237430838793,95.73376819611796,2.314353426568595
151,97.74558891671951,97.69809418560246,97.65297517540621,85.58327476846577,98.61783679124868,95.78481053073897,2.475869724314293
152,97.75932646392326,97.70119953188082,97.65705964107103,85.92637948206561,98.62424802028089,95.82959556436289,2.604677312468467
153,97.7764361980257,97.70155836983649,97.66232293818473,86.35997666733927,98.62957889807453,95.89441898542275,2.8285634025670268
154,97.79603268989325,97.70503071672411,97.66605863780426,86.54982664778375,98.63480996176602,95.95052966604167,3.0399539399028996
155,97.79393173095146,97.70868401755047,97.66831075695391,86.8376907426032,98.63973985281878,96.00646479739704,3.200016491285406
156,97.81272159836072,97.7139708144987,97.67227268809673,87.4263400321038,98.6449707870305,96.0483124680032,3.427857670754908
157,97.82853565519875,97.72131390129188,97.67791190711081,87.6613480772423,98.64948280401454,96.1031261476901,3.4876368123826516
158,97.84213492675266,97.72676747830805,97.68466967879668,87.92570750027696,98.65389805599226,96.15354930654051,3.7177444762699596
159,97.85332926412856,97.72640181171137,97.68803997069593,88.15095506885034,98.65779134082698,96.20211139610892,3.89506402093497
160,97.85438955706903,97.72978233733026,97.68785676519758,88.50389958707379,98.66269400234536,96.26085721053215,4.041851186417163
161,97.86350346309764,97.73080734499253,97.69123990766064,89.04281676153826,98.66675450759162,96.30393050275626,4.2512536554683
162,97.87850221874046,97.73540285708548,97.69390117424643,89.38670326150609,98.66993094530106,96.35256522487465,4.4894401452778885
163,97.89070769464391,97.73664091871258,97.69252065637814,89.74157007958281,98.67283228888112,96.38509201764829,4.751511987677613
164,97.90021806494231,97.74649264854013,97.6916263026189,89.9944445175821,98.67565283866698,96.42470277178629,4.902624744890245
165,97.8997299711502,97.75686504049145,97.69739465170488,90.27593114905054,98.6792543663166,96.47527841593781,5.225899404079609
166,97.91275179282151,97.75594094266765,97.7001404180544,90.76765088404524,98.68305028334238,96.51524717586771,5.535061801494153
167,97.91944877976675,97.75565308729789,97.70592247311353,90.93151530839943,98.6860445255798,96.54756509540557,5.853438235360688
168,97.92925849928965,97.756088752294,97.69930814358959,91.14070161660933,98.68893134688507,96.59513170527923,6.156081336424967
169,97.93476913431185,97.7532172867259,97.70062394666245,91.35726001604309,98.69167417216009,96.62784634437521,6.49112977788862
170,97.92461111884941,97.75304829602604,97.70351079714096,91.63611788593013,98.69508127951407,96.6644992885975,6.895008434063526
171,97.93373601024014,97.75595473566474,97.70086660542387,91.91560835422244,98.6974552169203,96.69257230140697,7.210524699526003
172,97.94982481096805,97.75128832392072,97.70482023903787,92.10344413597153,98.69989038695883,96.7395626868269,7.693870524782442
173,97.96102466117048,97.74908591770092,97.7097119549284,92.31323237024532,98.70186963220422,96.78048716388274,8.049993645958187
174,97.97038267034533,97.75652922093325,97.71575518261619,92.47940304551851,98.70435642704702,96.8218582669204,8.357400470039805
175,97.96917904165312,97.75772405639678,97.7138080447564,92.6698674565041,98.70603472606561,96.84645643952905,8.820560153721287
176,97.97149898513725,97.76704097832193,97.71978905798377,92.83076780120504,98.70751023783657,96.88989812351274,9.24669657933602
177,97.97899916260289,97.76537468568702,97.72271405230893,92.94433676567743,98.70942870055774,96.91680925635461,9.62153984631393
178,97.98334575495412,97.76404699437816,97.72390802354145,93.09411312748746,98.711269674176,96.936689450528,10.01475801541949
179,97.99140300465781,97.76627020938541,97.72228393781072,93.23334300705304,98.71296329918445,96.95826602823955,10.558486400595674
180,97.98575284416935,97.76642562889589,97.71474081196375,93.41240358884902,98.71484770303346,96.99106199765387,11.176572223202209
181,97.99388907274562,97.76949695805274,97.71618024256286,93.5146552889038,98.71671559494749,97.01890253142942,11.712570213059742
182,97.99987674357565,97.772236173803,97.72515425527392,93.67623740525332,98.71885525883286,97.05725000753708,12.205877916389644
183,98.00452363588741,97.77156798182503,97.72781695191281,93.88187720905073,98.72069403218453,97.0910859574622,12.738386156577922
184,98.01652907591956,97.77163679613108,97.72759704925359,94.07924218000107,98.72238591074053,97.11527904905695,13.161244174485628
185,98.01640941853732,97.77371417901098,97.73291966842474,94.24272484203662,98.7234643314568,97.13914414037069,13.601642491379643
186,98.02364675685222,97.77675370057028,97.72482512449459,94.37262216552678,98.7243529687781,97.16441123422291,14.287971484429002
187,98.0250120986538,97.78310806246998,97.7330043148177,94.49717209884167,98.72525610093587,97.1853159532291,14.762414206196242
188,98.03449379855084,97.78129831837603,97.73214668904238,94.68445792158207,98.7265891476806,97.20838273563366,15.342075005289182
189,98.04160139641178,97.78363463865132,97.73261723706051,94.79037114045524,98.7275339249408,97.22548315295575,15.869724561031731
190,98.03495564290061,97.78272050176042,97.73322273622642,94.88784006783983,98.7290117964647,97.25693098586491,16.36428035299211
191,98.04134048271119,97.77956627875064,97.73014805155638,94.95015804607532,98.72978859885843,97.27945059637713,16.991405484618895
192,98.04993433779056,97.78249021124057,97.73125460942131,95.16289733798884,98.73034428755258,97.29169472592285,17.75882445674481
193,98.05018156467891,97.78773250657582,97.73517494047822,95.31858160797238,98.73139735653355,97.30739113200356,18.4115010868527
194,98.0550690926774,97.78252015272923,97.72688988385603,95.42147457062592,98.73266924124289,97.31836449336987,19.114476221837922
195,98.0478386416848,97.784237582689,97.7255212175582,95.5336933131135,98.73350406317984,97.34818322756563,19.698835924227037
196,98.05128533103408,97.78329642117484,97.73099012013864,95.5816103014413,98.73400757187338,97.3658625130849,20.412507720457604
197,98.05708545629018,97.78824043325078,97.73576073657374,95.67630445161895,98.73499038330019,97.389199050176,20.980149167519595
198,98.06017661418463,97.77839011109539,97.73125285745598,95.77835029281475,98.73549469105828,97.40354890769804,21.631304123443137
199,98.06664060941607,97.7778189841038,97.73738144090959,95.83837557406574,98.73594074741798,97.43374692386867,22.28207307886245
200,98.05864911421119,97.7735568895122,97.73961063391144,95.8999149704734,98.73672649653444,97.4540774944886,22.987025067332773
201,98.05962631038156,97.77261400510113,97.73890370288031,95.96770661147787,98.7369542915366,97.47293933394494,23.607839851566787
202,98.06085682840668,97.77711988325565,97.73694694269194,96.03102310128054,98.73770523829994,97.48404518775348,24.180422585335528
203,98.06697009570611,97.77725164234009,97.74047763449086,96.08947196326503,98.7386547795194,97.50315210010007,24.99144319255561
204,98.07148244150659,97.78312170041211,97.7351987276232,96.1217622613544,98.7403263921104,97.51369633162045,25.75539399895483
205,98.06315588775209,97.78394240286028,97.73492331910089,96.20764713043269,98.74098113745812,97.53306709131361,26.384601560400515
206,98.0652931729275,97.78253912763839,97.73640216653754,96.32718050731033,98.74148141870366,97.55481730280206,27.03566797505042
207,98.06486686593769,97.78250785675516,97.72716521055784,96.36966803210039,98.74240243302593,97.57485254937158,27.77048649288635
208,98.06763764534236,97.78299441055485,97.72366709463881,96.46492308568183,98.74335520335117,97.5859365515637,28.38216026118554
209,98.07416451131353,97.79188378166992,97.72744890786585,96.50995575457294,98.74384529786616,97.59167989635911,29.135467417691334
210,98.06505114633453,97.79483707836259,97.73203488700928,96.53919029310944,98.74399738065965,97.60645538765048,29.951328971468914
211,98.06863359633033,97.80236693986862,97.73127573686176,96.59392401790878,98.74434051152008,97.61563830320345,30.8793619451306
212,98.07533010027936,97.79827838082076,97.72768506917869,96.62340886293194,98.74481942020296,97.63916140730001,31.538247020132808
213,98.07550235183332,97.7973842334147,97.72324356318384,96.65861979081855,98.74503749327044,97.65800712813983,32.33878110054524
214,98.07435656079299,97.80162329308351,97.72964943381609,96.71419120858545,98.74543859649596,97.65685015757786,33.06196902568421
215,98.0709120354714,97.80181790569638,97.72970180115367,96.82047789859281,98.74592652051622,97.66938321237497,33.8180370423083
216,98.07533232094364,97.79949552547376,97.72687009224305,96.87506012381145,98.7466154771851,97.6826839461891,34.49893520274332
217,98.07273602780128,97.796786521656,97.72493585311679,96.96828263533591,98.74659452801946,97.69168831984518,35.19201409586435
218,98.08221452608133,97.7933373527711,97.73496586788413,96.99955377199714,98.74704864826506,97.70061944872032,36.09809439038102
219,98.08946727609619,97.79412949714202,97.73074936486988,97.04555908561325,98.74687887591035,97.71431749203455,36.8343004435441
220,98.07735555592961,97.79536057807418,97.72874376054723,97.07355723169071,98.74739739960188,97.72337616870463,37.78905140670036
221,98.07896839285313,97.79743640077037,97.72349279786758,97.16779243360973,98.7474450580957,97.7369883977719,38.48471021114242
222,98.0819462930906,97.79386187919036,97.72228199040663,97.19292071428269,98.74736261224574,97.73117869678651,39.21544946268335
223,98.09029364592105,97.79563309844325,97.72382866163518,97.21485246161508,98.74724156254936,97.74442987355762,39.79441058713808
224,98.0853247364214,97.79793385138812,97.7248817165441,97.23984923111682,98.74727389974443,97.75748585792354,40.47749392822394
225,98.08119078665547,97.80013196244155,97.7288448095069,97.2681622771024,98.74777830610034,97.76983819459315,41.27196797519293
226,98.08422761975488,97.80358650523898,97.72606821365358,97.28887911172741,98.74767418148555,97.78643873642979,41.95577243849938
227,98.08324609019034,97.80871236752418,97.72981665379918,97.43969398902824,98.74820899693081,97.78817837352345,42.68707162746451
228,98.08759644614396,97.80469397580968,97.72730918848035,97.46652186381547,98.74878078321888,97.79487692821009,43.50001554093807
229,98.09392763802661,97.80550488810242,97.7303738421667,97.48261770234606,98.74883588520895,97.8133561197843,44.17603306857926
230,98.08112137107936,97.80318336616827,97.73374985182909,97.50121542699247,98.74920934363915,97.82949747494764,44.94246882946545
231,98.08430502437322,97.80646204833144,97.73568120072675,97.52472322217368,98.74930717413314,97.84203196330046,45.69619269552929
232,98.08511147157213,97.80757878034447,97.7371651501859,97.54703396581574,98.74988197888591,97.84668634976505,46.35489475233642
233,98.08650727891856,97.80895167643622,97.74116347086988,97.61149548529534,98.74986385630372,97.85424642510013,46.969203072012284
234,98.08405437239233,97.8150465976638,97.74181831038852,97.64227401064974,98.75060323047163,97.85949547353754,47.665667155853164
235,98.06948588559084,97.81634510702571,97.73928647181515,97.66739778925222,98.75033237196364,97.86075998458344,48.38789720033835
236,98.06822787311506,97.81645509474323,97.7415482382456,97.70914982312148,98.74994542515564,97.87285551201884,49.01735959157151
237,98.06975579076635,97.81264304807142,97.7389046025638,97.73436257565052,98.7503839597166,97.86845782530382,49.59591309906237
238,98.07087792636317,97.81258487368791,97.74224587951734,97.7473707269832,98.75014258067863,97.87403816212753,50.3679570899925
239,98.07636321683218,97.81161442236429,97.74496642903487,97.76089700103468,98.75035949060873,97.89218756701564,51.13729188070902
240,98.07153508281874,97.80317338098088,97.7453219458578,97.77742328249917,98.75145824367486,97.9104539468579,51.924783868690795
241,98.07505587685155,97.8088440953428,97.74266282779871,97.80268169252052,98.75127724202352,97.91707745102018,52.62970001681197
242,98.07699031563727,97.80692109450162,97.7435762781248,97.81979730621019,98.75154939660608,97.92490921109376,53.25172603500733
243,98.07409838784493,97.80500215849668,97.73565736558534,97.83090282386343,98.75213058022409,97.93751717657224,53.93258892730648
244,98.08073752342641,97.81015459378047,97.73634711360113,97.8413358146588,98.75146943738491,97.95157634800913,54.56016440362509
245,98.06844871578068,97.8015090376997,97.73511833510942,97.8589591616892,98.75199469310682,97.95517708498583,55.209715447295125
246,98.07444672101661,97.80045636968204,97.73447977361897,97.88345896357359,98.75235581609124,97.96164073735967,55.81069459609891
247,98.0815477304068,97.80554093964894,97.73708081511673,97.89932866414533,98.75296101004578,97.96312786913133,56.42618673935309
248,98.08893793764352,97.80811913649107,97.73318112480818,97.91365975344286,98.75283579826535,97.97346588395719,56.989846390943356
249,98.08700441822354,97.80389559589183,97.73512696737423,97.93593476302127,98.75277376791156,97.98032026408447,57.621114654573525
250,98.0747722050721,97.80254676710568,97.73865240389866,97.95641202656135,98.7533281595687,97.97988870157343,58.06536262818632
251,98.0778686917624,97.8011271670662,97.74324416287644,97.97393848504325,98.75329589355277,97.99587124447486,58.64025148618316
252,98.07838568046137,97.79814952624858,97.74622925865084,97.98322618978997,98.7530359773946,98.00225273658333,59.209790938259374
253,98.0844959210554,97.80403616232577,97.7457455932299,97.99887667060352,98.75318078579946,98.00237644178118,59.7707356457765
254,98.08686664824869,97.79991718348084,97.7505631446858,98.01298070808433,98.75323713293757,98.00305474242732,60.30814039656208
255,98.0816194036847,97.80292832352848,97.74587975196171,98.02421515593652,98.75266903170662,98.00001948020477,60.849084228555306
256,98.08840095086711,97.80390509119626,97.74656821255066,98.03526008885112,98.75295026999825,97.9954380707711,61.44722740440363
257,98.09178735270417,97.7984623750704,97.74742455440398,98.0528512645026,98.75307575753621,98.00905534630967,62.055364265288404
258,98.0943206763842,97.80087031022323,97.74148948322106,98.06483969336851,98.7528921218277,98.02265087904111,62.52760740296982
259,98.09539358969937,97.80153394904661,97.7425237683182,98.07945474164023,98.75201175209008,98.02214824439517,63.04896356107687
260,98.08669139705911,97.79461349524009,97.74728533349383,98.08922067977836,98.75241933609185,98.02384190818533,63.52734962788201
261,98.08927555284328,97.79351905574461,97.7435033026969,98.09873215380294,98.75310339019825,98.03560328938508,64.0782791933328
262,98.0920504003757,97.7977230082739,97.74397098160462,98.11342243244063,98.75302793584443,98.0428646063462,64.57617831778997
263,98.09103354069345,97.7964146710891,97.73513349244229,98.12334568377617,98.75286962436907,98.05049992700489,64.98470205601079
264,98.09589476008153,97.7976802660593,97.73472524358966,98.13096506528514,98.75266585720546,98.05725008545696,65.44225704763434
265,98.08752817763599,97.79465820656903,97.73050116615143,98.14048192874512,98.75278301707468,98.0548017560462,65.94764635729275
266,98.08924807351643,97.79957144040927,97.73675437804943,98.15289583186649,98.75338822115604,98.05448207043018,66.40871558953681
267,98.0903470169008,97.80231532969276,97.73950146872453,98.16749127868688,98.75301971105081,98.0682975654176,66.92389583303233
268,98.0956486283312,97.80788578669487,97.73689679790618,98.17835127780599,98.75328447834225,98.0671464522042,67.39451006235286
269,98.10155417179853,97.80229471642173,97.73752104100143,98.19100320621378,98.75374972696765,98.0757889239643,67.83628953304171
270,98.09111704684518,97.79302648951919,97.74163918782823,98.206294712812,98.75400477876026,98.07511645063643,68.35057542917167
271,98.09620795463111,97.79451889138008,97.74426079596962,98.21502483771143,98.75413398584277,98.0837492979937,68.7731027445666
272,98.09711728011114,97.79180277715518,97.75006921597993,98.22011249794448,98.75422975272099,98.09249654790709,69.2875817161281
273,98.10486000173177,97.78854852736659,97.75059713356163,98.22821952244989,98.75459412581026,98.09828898879088,69.66866299530288
274,98.10588350731439,97.78810082152809,97.75600380853763,98.23716455206257,98.75518441057288,98.09785179575275,70.13683182334171
275,98.10783045491955,97.7898701552527,97.75352219588913,98.24677589974382,98.75524020116468,98.09423784483472,70.610722656962
276,98.10965255947146,97.78973250060803,97.74990768383752,98.25293174765838,98.75496926515318,98.09783504984298,71.06791136763493
277,98.10609535458069,97.7910162604333,97.74840459856773,98.25983375640702,98.75456944925546,98.09815320674791,71.57328418375907
278,98.10847982672608,97.78836578883588,97.74173701616752,98.26762627282778,98.75429674121175,98.10035201688618,72.00020227264262
279,98.1084757412659,97.7957485271863,97.74197406656491,98.27241188790539,98.75464241328093,98.10676222269129,72.44141075479867
280,98.09564272433504,97.79224960600116,97.73543085784073,98.27997631235729,98.75444313784793,98.12275734594947,72.82744576192486
281,98.09980305787472,97.79192986235061,97.73031236018565,98.2936135034546,98.75432908422913,98.12743448818621,73.28884015246082
282,98.10598433404262,97.7955910667957,97.72659311989648,98.30209388464353,98.75442807934229,98.1190129871112,73.72003108508397
283,98.10705981527003,97.78929458768957,97.72850849339781,98.30887957543551,98.7545603478395,98.12245879615358,74.23258341643063
284,98.1088650595965,97.79521561875028,97.73267541971167,98.31365589804236,98.7550359963432,98.1183419824472,74.78285452399062
285,98.09293207487396,97.79288998870676,97.73859975091024,98.32188415704712,98.75497117675667,98.12378732641196,75.19760735635755
286,98.097393976595,97.79659643263906,97.73940592328934,98.32912710280651,98.75458100055519,98.13410775756245,75.60406827523249
287,98.09860915445864,97.7997583374957,97.74634282916676,98.33440555396483,98.75475749077302,98.14312144194992,76.02994978936032
288,98.10220216206491,97.79910538384726,97.74624498796321,98.33707217418517,98.75428811543591,98.13768001030242,76.40588447475147
289,98.10626649576966,97.79499241899342,97.74956585488492,98.3438426929041,98.75437193628274,98.15058344972405,76.82896322946982
290,98.09815632814927,97.79394935976792,97.75151007245277,98.34792750530477,98.7537555865367,98.14541325803998,77.14943765491314
291,98.10505995949529,97.79546797871572,97.76240997846143,98.35459898178092,98.75372904921826,98.14699977247031,77.46033260600872
292,98.10897832886931,97.7915317151738,97.75976639309293,98.35949743139214,98.75375099578936,98.14741845175467,77.78305338821511
293,98.11213172768302,97.79329662948314,97.7617455087459,98.36432042707268,98.75381058476016,98.15270683111466,78.12247254810231
294,98.11127774676726,97.79131566283432,97.75947950430565,98.36801039603142,98.75350249689399,98.14627533877052,78.44628448279013
295,98.0998193747377,97.79445222512999,97.76178399283594,98.37384975984243,98.75351721492005,98.15689167638327,78.82262594661212
296,98.09949720094369,97.79396495084808,97.76712674527528,98.37958390557479,98.75333752441178,98.15497549166308,79.13138611328974
297,98.10795548293038,97.79717157392928,97.77214932269732,98.38385899242651,98.75362041186419,98.15219365103145,79.3935240181366
298,98.10885938302495,97.79878197971023,97.77700136612498,98.38959248289011,98.75357694223315,98.1679461805192,79.68401257176653
299,98.11230571836069,97.80048735351214,97.77456612248237,98.3926770497846,98.75341723478645,98.16829358195263,80.00091866402231
300,98.10924449877615,97.79710047624788,97.77371739187704,98.39769739047185,98.75360548903312,98.17223753853905,80.3346991625108
301,98.1047463064432,97.80665540899302,97.77082156047547,98.40157494268081,98.75350364364546,98.17894356154099,80.65123489688942
302,98.10214716105583,97.8108483395093,97.76767526378391,98.4085560923387,98.75379061745106,98.18725859460541,80.93106171846728
303,98.1039345575455,97.81426089566796,97.76909168791235,98.41399003400522,98.75367371459579,98.18487393782807,81.26813053859368
304,98.10119906009174,97.81680854115504,97.77098634805145,98.41825150276586,98.75413484792428,98.17858203848814,81.54622558707997
305,98.09276419632116,97.81225190645841,97.77004688839455,98.42038275996904,98.754127917735,98.18657556455342,81.81111620571812
306,98.1011753137527,97.80774881330473,97.77225043736904,98.42610380803852,98.75438177741549,98.18341215797159,82.11493190287821
307,98.09882378156168,97.80513326894474,97.76742894947498,98.42974139263266,98.75428341616605,98.17866126132479,82.38321600842698
308,98.09660272821858,97.80951153695622,97.76482869515986,98.43083163323953,98.75458965601817,98.19386675972608,82.63988803830917
309,98.1030096005988,97.80973236865418,97.75819628259607,98.43500552680085,98.75472401741604,98.19766268028698,82.87891214426467
310,98.09234987177273,97.80752922803049,97.75603018915369,98.43844787178045,98.75507104089408,98.20985693990643,83.12459550637728
311,98.09557057214968,97.80629013393636,97.75061867930975,98.44392613995247,98.75453956681685,98.20208409661103,83.39138942767762
312,98.09261473220633,97.79776911146318,97.75180738691738,98.44719026215532,98.75384646353929,98.20079972111687,83.62318648827056
313,98.0981671216251,97.80114562470841,97.74387002269994,98.45202707267131,98.7537838024899,98.2054226001725,83.85743036760996
314,98.09939895018391,97.80246467957777,97.74595788298595,98.4560731690649,98.75410500322666,98.20602511833798,84.11040190122087
315,98.08851813554341,97.79773137107257,97.73994938085085,98.45908794069133,98.75443524466348,98.20392664598593,84.35128524506247
316,98.08670011809932,97.79886603789261,97.73891117612585,98.46209752341483,98.75463965094737,98.19730604507262,84.5862851261165
317,98.09584824226089,97.8006809899155,97.73865970816169,98.46631811422166,98.75478466406791,98.19066821692829,84.81338287410941
318,98.10276620073132,97.80691901491778,97.73994736187556,98.4694100228131,98.75451086379542,98.19368457691476,85.028383384963
319,98.10813183192477,97.80257511837219,97.74383173001945,98.47050209542701,98.75454061712013,98.20538371789793,85.26348797705091
320,98.09878615312827,97.79881895049766,97.73722456512375,98.47507009635498,98.75465044706479,98.20132231197825,85.47927496284812
321,98.1027006915039,97.79661752082424,97.7361473217057,98.47894540174012,98.75528426856043,98.20382451482894,85.69747202207682
322,98.10735142779812,97.8001175302093,97.7368346724013,98.48183153874926,98.7547058300436,98.20535696921911,85.92545252480765
323,98.10681860973267,97.80526712546455,97.74017712883158,98.4858115244731,98.75486666724552,98.19902059872247,86.1301732766863
324,98.10748099206404,97.80601444787708,97.74003937061654,98.49015947583612,98.75480823041859,98.1991135104812,86.32215135247523
325,98.10039851062392,97.80491587344594,97.74419296640099,98.49438939306603,98.75468721233871,98.213167229538,86.5345592199867
326,98.1025205265559,97.79876881239889,97.74878658823383,98.4953825235648,98.75469164652824,98.22078499174089,86.74717564886838
327,98.10124569442867,97.79902001238658,97.74966093125406,98.4977864778978,98.75497635100547,98.21660821146948,86.93310414243848
328,98.10608415591156,97.7934631711653,97.74133003341355,98.49946076448137,98.75542941221521,98.21498983880505,87.13555028080832
329,98.11212564263862,97.79118790000445,97.74836295440112,98.50202625801879,98.7547058123228,98.22337153300234,87.33732496051563
330,98.10293969535752,97.78030931571617,97.75367261050376,98.5058463693768,98.75485045432478,98.23266224488827,87.52381601973225
331,98.10343997747947,97.78630169243286,97.75762955327258,98.50870979899963,98.7548916857865,98.22694658632771,87.7326950696932
332,98.1047673561967,97.78405734712995,97.75791348391948,98.51048757329626,98.754863151633,98.22790168425722,87.94245779159867
333,98.10259117525052,97.79139863846895,97.7603290813004,98.51342358134926,98.75478530308362,98.2302890632715,88.13460082343133
334,98.10940190958803,97.79240439421547,97.75903433742447,98.51606162372718,98.75472305857811,98.2318017399618,88.31986620342667
335,98.09988010349284,97.79105298978384,97.76278849523938,98.52136448820666,98.75505141489083,98.23758595983087,88.51806451802061
336,98.09835721446304,97.80157888855146,97.76206252893337,98.52249480164122,98.75478566375432,98.23539848441399,88.68982339183684
337,98.1036004777754,97.80127421409951,97.76772386891635,98.52431853640581,98.75504235814554,98.24297524101019,88.91248392615103
338,98.1074626178585,97.79991981088179,97.77178586393724,98.52863089484333,98.75495106891356,98.24983781960911,89.09429102092696
339,98.10808821928875,97.79326667275896,97.7717887549217,98.53060688115279,98.7549159526206,98.24861802930113,89.27962323785854
340,98.09718312878258,97.78987916282249,97.77358251893179,98.53322226003151,98.75485870652861,98.24936509155644,89.44383912210003
341,98.0979786546748,97.79466206118215,97.76881000856206,98.5331653215899,98.75459005600221,98.25204703743844,89.58156466162315
342,98.09918334870247,97.78957094174545,97.76665057554666,98.53517715095467,98.75496510502568,98.24666305727689,89.73661075981254
343,98.10295391764848,97.79480118834144,97.76557975660005,98.53763038603499,98.75515126828508,98.24788573492653,89.91358163129753
344,98.10623138078354,97.79384398426842,97.76593011975527,98.53901304131003,98.75496483474913,98.25630619999588,90.07691045818899
345,98.09210246821056,97.80256282928849,97.76481002530261,98.54172336197755,98.75419630846406,98.2543672663658,90.21833852776125
346,98.09658869237268,97.80086262689187,97.7656331545395,98.54446266251571,98.75389981804385,98.26412543194495,90.35963012398058
347,98.09117703177978,97.79482724842315,97.75846582154085,98.54813287944484,98.75387833725125,98.26423804517326,90.505965774897
348,98.0920489255548,97.7959330287375,97.75938836968245,98.54841539424953,98.75419057606179,98.25510399444158,90.63399285983351
349,98.0994379071646,97.79420883497146,97.75825980539938,98.55196488156389,98.75442036158601,98.25940500595127,90.78198082191437
350,98.08923025360131,97.79529714389915,97.75129896897606,98.55165012918228,98.75477175210786,98.25976798605747,90.93468149880603
351,98.09027634677089,97.79488459711823,97.75165515130712,98.55538065585006,98.75510675545081,98.2578519468313,91.06460199970319
352,98.09622270513634,97.79302508536355,97.7578297257816,98.5572352902318,98.75474782646359,98.25492710506718,91.1935477250357
353,98.0946936653774,97.79554880738854,97.75547132589334,98.55965194789457,98.75459241821417,98.24727411215306,91.30651157904646
354,98.10018255470445,97.80101273438139,97.75817145234299,98.56118279722551,98.75485666484794,98.24847004889648,91.4240351444279
355,98.09025213963942,97.80233284440878,97.75993149906431,98.56353802912176,98.75490687234912,98.2555406372698,91.57120934961817
356,98.09744686513494,97.79769439923216,97.7584431631336,98.56402627597055,98.7550588230977,98.25725768624287,91.68838344123856
357,98.09876507135881,97.80736348151109,97.75912700783138,98.56595683053467,98.7546260495374,98.25699006935793,91.81054993871841
358,98.10026991783799,97.80880126132551,97.76049107672752,98.56746330934551,98.75456176518139,98.26264334372574,91.91582496873716
359,98.10175107068024,97.81028504865573,97.76001417221576,98.56866552372863,98.754749368369,98.26904743951044,92.03967735042701
360,98.0948151813247,97.80757898217016,97.75564339343923,98.57052234264958,98.75503940062917,98.2706522009658,92.13571259008862
361,98.09615635442907,97.80600273020018,97.75519754347083,98.5729081297001,98.75535981319926,98.25458226214312,92.25597467962055
362,98.09861390537465,97.80407329055517,97.75949205053425,98.57436578969995,98.75510683855536,98.2665927976385,92.37957306028851
363,98.10283612482172,97.80489035048488,97.76530403791722,98.57488807199233,98.75503644190925,98.25593206303142,92.50530131194189
364,98.0976287052874,97.80156437632027,97.76263824280291,98.57580608291073,98.7553237117237,98.24573465576842,92.60177018162169
365,98.08623861285388,97.80550337772307,97.76252273703649,98.57879851020314,98.75572344437455,98.24801838716768,92.70544832217426
366,98.09046383246077,97.80781068011846,97.76303940541018,98.58220793821944,98.75640732586949,98.25215894529354,92.80744361940633
367,98.09338076066992,97.81704944032617,97.76777313918323,98.58238442129884,98.75614887912681,98.26171694001351,92.9245771144796
368,98.0965607099904,97.82433696609446,97.76478470258981,98.5836458211254,98.75550926630522,98.26224771742018,93.03686255798902
369,98.09048285370318,97.81996051752944,97.7631714928213,98.58746303506554,98.75517183068771,98.26939757709177,93.14489244496764
370,98.08159311664573,97.81732738802617,97.76630393704488,98.58796710314321,98.75508315949128,98.27185363577773,93.25583118233205
371,98.08486468753918,97.81718160656507,97.76288139406337,98.59006545709856,98.75478658086259,98.27670054588008,93.34887305016284
372,98.08794564264426,97.82087426118557,97.76338366382116,98.58962703821474,98.75485072657942,98.26576828279443,93.45231922548633
373,98.08511645963226,97.81825662153118,97.75310519390409,98.58909789363364,98.75502943993061,98.26418784095856,93.57478216918567
374,98.08556668052923,97.82248483646914,97.7601707549504,98.5918009922145,98.75506827572009,98.26215333230176,93.66788132601998
375,98.07702530945585,97.81980383922367,97.76043482822436,98.59224331905249,98.75532332342306,98.2648407713122,93.76215653706458
376,98.07043388799823,97.81262060970218,97.76677119623005,98.59430371665634,98.75485298013817,98.2686673317621,93.8483204671138
377,98.08310955230301,97.80799494276792,97.76807037206628,98.59402203883634,98.75494249818243,98.26900862251104,93.9320376393134
378,98.08269707480595,97.81399726403487,97.75948630250586,98.59688305501675,98.75503804582407,98.2776443700852,94.01176032859482
379,98.09122714802176,97.81628223041066,97.75954778708535,98.5986714673572,98.75469150125525,98.26120273789445,94.10852537203182
380,98.0745240875912,97.81132820554255,97.75857716029651,98.60152961452893,98.75473965545372,98.2647874648634,94.19257914146294
381,98.08224035729715,97.81305955769126,97.761983917159,98.60241419423909,98.7547032470125,98.2780518371797,94.27275269816235
382,98.08521614756789,97.81325390835013,97.7662190530635,98.60225327567724,98.75490170561007,98.27881706034024,94.3512391263388
383,98.08378325303107,97.81895385396818,97.76673384891545,98.60343996127546,98.75443382134928,98.28450031606424,94.41992236163975
384,98.08434427814608,97.82170588747056,97.76598247225137,98.60454359676977,98.75469633422156,98.2815887185913,94.48475821735212
385,98.07041916295901,97.82216756678746,97.76187675873874,98.60542790812477,98.75481715317456,98.2777069432581,94.5794472870578
386,98.07687272457487,97.81931851739444,97.76596325543314,98.6072603130442,98.75493350786499,98.27125183667756,94.65974460977357
387,98.08031499469135,97.82050033713932,97.76442587888812,98.60759603535624,98.75458252653334,98.27381531932232,94.73349953343252
388,98.08384471105181,97.81738761414648,97.76024147142041,98.61001571637074,98.75473523240527,98.27916199984189,94.80294102625001
389,98.08785564960448,97.81372971999599,97.75586238509933,98.61313082235425,98.75518040605986,98.2760172357442,94.86964192017146
390,98.08534654331002,97.81003000933053,97.75512340590323,98.61481012987986,98.75443755591525,98.27985939677535,94.92766465198729
391,98.08469184399502,97.80606424198966,97.75571173526824,98.6150050710199,98.7545237793597,98.28417533763783,95.00093144210133
392,98.09091016400733,97.79574664990032,97.75108917729287,98.61530864810848,98.75458123427087,98.28221065700454,95.07057493434883
393,98.09321118754201,97.79673704689529,97.75444696361629,98.616551073665,98.75453870026968,98.2761198064585,95.13480101093957
394,98.0987003760427,97.8011950968579,97.75446097672102,98.61872084691319,98.7550121709182,98.2778094048927,95.19402169937193
395,98.08545646284956,97.80463714363272,97.75317532198855,98.62063041921843,98.75479888325386,98.28576403396862,95.25155566888192
396,98.08711987702338,97.80324449564671,97.75606395755638,98.62013648889523,98.75473591868419,98.27812013073519,95.30101270271399
397,98.0857059776698,97.8057404196246,97.75725433178735,98.6217892733105,98.75465807755384,98.28316132436153,95.36158817831094
398,98.08448606592474,97.79991416054432,97.75597173974172,98.6218027286845,98.75417023952221,98.28192873748411,95.42247408284817
399,98.0861007186,97.80534862614574,97.76368614599754,98.62457225809452,98.75409774027247,98.28162681157835,95.47854495983033
400,98.07608559108472,97.80274706740065,97.76232396731686,98.6242596769303,98.75461449022782,98.27945792113277,95.53267081935654
401,98.07810416890948,97.79853099007654,97.76154925787203,98.6261844740929,98.75523610782793,98.2869317075195,95.58174722297358
402,98.0819163494404,97.79858419748534,97.76043257711704,98.62639074800164,98.75584321620977,98.28048028894689,95.63162757222658
403,98.08543243847274,97.79333656375728,97.75433337585942,98.62763411771286,98.75587901394414,98.28616154681308,95.68619123802924
404,98.07768607013197,97.79715951784742,97.75770134811552,98.62816629572085,98.75590485511509,98.28417837973515,95.74361857104873
405,98.0655281374394,97.79708176503948,97.75418528828831,98.62728187514469,98.75571170345206,98.28121847422938,95.79101398932747
406,98.07017143780867,97.79435321067433,97.75610560456015,98.63069306698607,98.75586109140664,98.28074545451864,95.83435112431674
407,98.07738048023096,97.7965479111662,97.76057238087442,98.63155790917523,98.75606425602396,98.28313820206239,95.88032463976079
408,98.07802338192822,97.79521007253271,97.75499119420157,98.63254232904991,98.75597203694117,98.28343773399922,95.92330261160855
409,98.08405565088071,97.79797208274759,97.75346835542928,98.63319942192062,98.75620238424469,98.27756151684477,95.9791520507847
410,98.07379324939635,97.8005843520272,97.7548028121993,98.63383999698121,98.75547722375958,98.28151294159014,96.03227755814716
411,98.07382140696804,97.80188153352537,97.75596638655249,98.6352438467739,98.755492061455,98.29617699038656,96.07483800432954
412,98.08011998228588,97.80629121445276,97.75944106004835,98.63367745796823,98.756156132837,98.29725697638112,96.11650193097317
413,98.07909619297203,97.8031967994055,97.76129536550944,98.63661425501522,98.75615492048928,98.2966103703485,96.1566934967624
414,98.0802269851629,97.8066722464072,97.76198326052466,98.63908494393401,98.75650536108218,98.29218989115105,96.19281878245333
415,98.06523410916026,97.80258345085774,97.766150151015,98.64028429209915,98.75591503143781,98.29538831632767,96.24260178770885
416,98.07303508849928,97.80677278830635,97.76697249875376,98.6392682457771,98.75625846292117,98.288982459724,96.28553265377754
417,98.08021370882395,97.8058648980129,97.77213736748155,98.64108736392055,98.75590448550696,98.29720804664449,96.32362055097182
418,98.08421010439062,97.80380539685221,97.77797402253046,98.64274995156558,98.75628027004907,98.30418464007937,96.3591320808472
419,98.08714951094981,97.80503724403226,97.77787976339401,98.64267516771456,98.75534020334578,98.29849313555505,96.39130871479884
420,98.0786290318095,97.8053890376194,97.77190188895253,98.6451801458615,98.75546481978452,98.2953157080628,96.4253836720323
421,98.08266749984382,97.80687464061539,97.77243546253506,98.64601754524901,98.75515282752227,98.29135793888739,96.46423610602464
422,98.08673722891001,97.8034948721127,97.77418649841933,98.6457916241792,98.75527463258801,98.28637725731589,96.50337625485716
423,98.09305790768316,97.80615289661344,97.77207086321783,98.64586130191927,98.75546792011295,98.28781599588169,96.53906329068856
424,98.09573787860747,97.80199580412845,97.77267674962252,98.64551071802524,98.7553911290322,98.28216445439715,96.5678643563339
425,98.09006832969287,97.80611945851423,97.76787380452586,98.64525242781743,98.75571999181925,98.28042250005774,96.60023489316639
426,98.09216258208019,97.8060903979524,97.75751634919887,98.64488507347569,98.75559030585562,98.28094495180058,96.62807893928138
427,98.0941731233536,97.80769844207398,97.76247076364201,98.64606073316776,98.75600643069745,98.28630539078418,96.65852828810878
428,98.1011209974386,97.8094171111823,97.7565541804284,98.64758994284524,98.7561246761872,98.28541691558767,96.68652394747315
429,98.10064762314792,97.80872114741076,97.7460390557325,98.64642657652713,98.75555513911654,98.29070940780808,96.7173845248967
430,98.09030882741344,97.8120187515053,97.74643692223802,98.64558193719253,98.7555282066403,98.29193564055899,96.74131976267934
431,98.08854877853022,97.81403017746116,97.7435966582557,98.64620798366208,98.75596734962765,98.29257174177984,96.76710393001622
432,98.08525656487866,97.81600486681353,97.74761540255206,98.64772248431221,98.75559499487846,98.29041242451821,96.79266558100578
433,98.08441041318282,97.81006109123008,97.75083141959692,98.64815062299787,98.75560498134834,98.28544994498415,96.8243831540613
434,98.0910336596263,97.80855974232047,97.74593190225065,98.6494173920701,98.75542587746119,98.28820507697193,96.84964532644584
435,98.08220018447625,97.80456355435884,97.74959804561342,98.64847777531634,98.75495109157106,98.29044336347769,96.87720399562863
436,98.08234186198796,97.79975681963002,97.75611899900277,98.64835764006291,98.75501826989515,98.28619066762498,96.90094544195188
437,98.0893940224017,97.7968791573295,97.75596846693554,98.650053506029,98.75473499200498,98.28692089003964,96.92299782302248
438,98.09634701563695,97.80253503512985,97.75148794172527,98.65258933605514,98.75489992046754,98.29225589216374,96.94515995963968
439,98.09517041173098,97.8062658925269,97.74743230742075,98.65342902894092,98.75470334450388,98.28897407347439,96.97584620856189
440,98.08462689685321,97.80742637251174,97.74738249393084,98.65299679144871,98.75533413522909,98.2929562721079,97.001274552805
441,98.08824672659489,97.8086598320277,97.741488660325,98.65233068040058,98.75536862932188,98.29748445367808,97.02503193384425
442,98.09580822146373,97.80106554948848,97.7398871391128,98.65288999890146,98.75543380558487,98.3062953642309,97.04752445082616
443,98.09191575986445,97.80435991644275,97.73412940682837,98.65370929486876,98.75479599671952,98.30028363819271,97.06699664854025
444,98.09498199403413,97.80040046162432,97.72669097456293,98.65382235773563,98.75459729501316,98.30740210878635,97.084358103709
445,98.08546561538675,97.8000124117528,97.7289947782523,98.65428953951889,98.75465148569342,98.30370728033859,97.11149820908356
446,98.08635300752917,97.7965152083374,97.7309864608711,98.65369796410323,98.7545060572128,98.3025148011637,97.13526537049982
447,98.08661970668948,97.79686705506238,97.73458914819294,98.65375800442801,98.75459208207846,98.28590090292208,97.15461807813227
448,98.0972577914809,97.7926051415533,97.73562360624094,98.65453870788102,98.75430793791148,98.29267450644316,97.17631343910169
449,98.09959549137874,97.7935418857201,97.72965413413958,98.65524909610203,98.7546011739303,98.29484007917077,97.19337248278977
450,98.09022505678932,97.79441984523324,97.72563774109209,98.65693251572992,98.7547129448139,98.29606799999274,97.21070967601683
451,98.09572644268086,97.7928956120214,97.72311315410599,98.65828623013455,98.75464878722259,98.29713588523526,97.23414470660133
452,98.09779938529071,97.79256526129257,97.7287035770433,98.66089674359705,98.75474677864061,98.29716187203853,97.2559981469747
453,98.09315439126308,97.79565491645202,97.72919845838425,98.66163322819395,98.75532960268526,98.29832918810351,97.2775470107533
454,98.08860788213644,97.79409886526285,97.72048820351047,98.6623653064401,98.75532832585836,98.30075789915408,97.29883474486688
455,98.0806167447424,97.79544991299049,97.72691741089524,98.66259057571902,98.75612591149101,98.30551189696594,97.31629120402408
456,98.08876576754788,97.79862018338798,97.7298486687472,98.66131444803906,98.75589572418019,98.3013703563989,97.3340345454882
457,98.09017978890982,97.79960481324288,97.72679531519134,98.66056394562085,98.7562664400319,98.30652170929294,97.35700826910455
458,98.08988577377772,97.79713316422176,97.71973835664812,98.66286243343546,98.75625328593993,98.30234914995106,97.37489606399745
459,98.09423987562124,97.79771431489036,97.72458787992245,98.66420549133665,98.75606813222235,98.29690963224286,97.39210238510564
460,98.08766043798293,97.79579694768111,97.72111854503818,98.66592368515948,98.75590537636243,98.30060214036669,97.40726311690116
461,98.093664520254,97.79088145935661,97.72049475582796,98.66648795957441,98.75574917788867,98.30241145752662,97.42577676337454
462,98.09366682630812,97.78796837901618,97.71829707306945,98.66758200497856,98.75605927300825,98.30183057172357,97.4428158434706
463,98.09729140336336,97.79578867063594,97.71575905461903,98.66784293908125,98.75561777497876,98.28840487367042,97.46329105369745
464,98.10178120961487,97.80462131438476,97.72305814948838,98.66520468790631,98.75557109559499,98.28558447070537,97.48133128684486
465,98.08659541654903,97.8012395161601,97.72633021452225,98.66517049245601,98.75610436168056,98.29022614762063,97.49759332377879
466,98.08876972567202,97.79674504993254,97.7324896915369,98.66410757147615,98.75658481443422,98.29746580859221,97.51248229556691
467,98.09289611721799,97.79250718233548,97.73704969866318,98.66467948786311,98.75653258032379,98.30033195764253,97.52596208062252
468,98.08894363862308,97.79896776223856,97.73668796303649,98.66421615533173,98.75647876885697,98.29811239042807,97.53929315633472
469,98.09052112373492,97.80154031370664,97.73467668246707,98.66485563138178,98.75643898031272,98.30674612205293,97.55400168501065
470,98.0804208552697,97.80361493482866,97.72679627637068,98.66518277597325,98.75604696376385,98.29975183383718,97.56883634699423
471,98.08144163301279,97.79935169248704,97.72850684370665,98.66394573472336,98.75549665296381,98.29927833657221,97.58218912322974
472,98.0887121602442,97.79420679642739,97.72664298239205,98.66547312542076,98.75492382451483,98.30001900821297,97.59566516579346
473,98.09316953415114,97.79686014151636,97.72227300709412,98.66504321173373,98.75546224765186,98.30655481039875,97.60739966502682
474,98.09393146462892,97.79364539339447,97.71737554177989,98.66392551760475,98.7551168408387,98.30149281835689,97.6166615565646
475,98.0811762744387,97.78906547388826,97.7188036528263,98.66548707867557,98.75550548437948,98.29655587186028,97.63307216595867
476,98.0863220989941,97.7946376761042,97.72160937641122,98.66652483445742,98.7553999789825,98.3001481974591,97.64615093787081
477,98.08720947917834,97.7942702682611,97.71690375298694,98.66456940369804,98.75507630903603,98.30004790863997,97.65804837197311
478,98.08916956847685,97.79119957330634,97.71727967530101,98.665051479931,98.75489018663369,98.2995201133662,97.66869405076146
479,98.09525761639634,97.79375677299205,97.71940640656481,98.66632188841086,98.75504220064673,98.30062116923199,97.67993905338783
480,98.08378719657132,97.79390941547717,97.7276022743713,98.66642924225654,98.75562888692028,98.29854970128486,97.69081098771687
481,98.08743614566573,97.79337463738628,97.73154794926562,98.66808466288882,98.75521236289163,98.30057612104595,97.70346106130357
482,98.08502345373319,97.7897942137691,97.73160328212714,98.6671303053712,98.75478158022199,98.28973057505162,97.71545733715023
483,98.0938246500771,97.78758225204353,97.72201458063559,98.66796730504825,98.75504796096939,98.2906841778,97.72682361825505
484,98.09354608772095,97.78460562989945,97.71747692689813,98.66810875506276,98.75539976403202,98.30404279612762,97.73824200392411
485,98.08614591063207,97.7859349905256,97.72441072171567,98.6682186479388,98.7555323824397,98.30118182487625,97.74859173699694
486,98.08971841111583,97.78801654020224,97.72264672031318,98.6702613496631,98.75588101579213,98.30095413602675,97.75860599385855
487,98.09266451631144,97.78339916655199,97.71858998374417,98.67146019038441,98.75592699000462,98.30194262533642,97.76958614880456
488,98.0964084226198,97.78452454831678,97.72248401904835,98.67306766015174,98.75571915534432,98.31048917963656,97.7785127698886
489,98.09796747885021,97.78439259017743,97.72698448824352,98.67063740431513,98.75609465890498,98.30821816113377,97.78861848629971
490,98.08287623966554,97.78425032197477,97.73381991275713,98.67022877083463,98.75554876155566,98.29682781429094,97.79856807586647
491,98.08906035117971,97.77963171627724,97.73049445465645,98.67185817546502,98.75524554970244,98.29161626480986,97.80806350385964
492,98.0979835140504,97.7832827251025,97.73014826528753,98.67187465146918,98.755287970007,98.29623126510091,97.81620653811804
493,98.08995026579258,97.78785715633161,97.72500241486324,98.67110146989006,98.75463444642386,98.29885686244793,97.82536375627117
494,98.0929736749577,97.78827652052848,97.72285022978977,98.67163175974919,98.75437049702626,98.30258810299887,97.83394577320371
495,98.08727816373236,97.78412270670566,97.7282220645187,98.67161800150218,98.75492083528736,98.29292571868626,97.84285605202399
496,98.09023230236082,97.78740151176362,97.73427455316904,98.67126969659479,98.75453874376683,98.30147900881657,97.84961063432054
497,98.09545179552944,97.78279647863346,97.73397066564051,98.67187047144786,98.75466785917061,98.29660133537064,97.85777721431127
498,98.09915133975827,97.78532973649168,97.7336030397352,98.67296281731826,98.75456611254532,98.3118460744912,97.86544641210195
499,98.09972899870394,97.7888862062332,97.73695206086434,98.67165540260206,98.75451106300005,98.30086499139085,97.87666853793318
