Comparison stage no.,data//output//runtimePerformance//DECMO2++//SolutionSetSize200//,data//output//runtimePerformance//GDE3//SolutionSetSize200//,data//output//runtimePerformance//NSGA2//SolutionSetSize200//,data//output//runtimePerformance//MOEAD_DRA//SolutionSetSize300//
0,43.964765813914,43.96388812878536,43.962635766244,43.97219113858141
1,46.334315384311786,46.331155111920104,46.32583956952495,46.31730948379968
2,47.58475166992872,47.52025361984749,47.53020309198471,47.66635429586587
3,48.429499049017956,48.40329702737521,48.397536765128216,48.47051186892321
4,50.54727109811743,49.831359924389005,49.772118065868426,49.29705131847472
5,51.67241974637398,50.25783045250953,50.74502882109963,50.25465692727023
6,53.552427920024876,51.50839120224547,52.0622246924896,51.327853902610464
7,54.316707636164935,51.881672557320066,52.97255194493554,52.456990907739495
8,55.966328931394806,53.01010641486614,54.178788567644155,53.61130378063564
9,56.63498734929476,53.34958685690478,55.02503142902491,54.742918605999854
10,58.09503330859572,54.384073703069014,56.143358038144214,55.83422989951447
11,58.68551938276869,54.688613537953245,56.92640484077262,56.86253498928173
12,60.00092500976443,55.64666642470962,57.95178786418163,57.846138936764
13,60.530490597249674,55.92480788499707,58.68618442977998,58.7710375443424
14,61.7142045204894,56.81321558433609,59.65270126161608,59.639398573234125
15,62.18884557479242,57.06957797920296,60.34252839763541,60.45370239958373
16,63.24472414154725,57.905365614933544,61.2375322534603,61.22046689621632
17,63.67589694235955,58.14426180104291,61.87860148552575,61.94408545286128
18,64.6231213306628,58.92850324240569,62.711447113665585,62.627222663322826
19,65.01360774778662,59.157452702134556,63.306449776804854,63.28053735168046
20,65.85211495822021,59.902313791375285,64.08643345387945,63.886238320834806
21,66.22034414863873,60.11753088902619,64.64564951557428,64.47325415543317
22,66.9685882239426,60.82418609499984,65.36543733477905,65.03482804574736
23,67.29723608405418,61.023371638035655,65.88419289981432,65.55789735547042
24,67.96988461315182,61.692997428800915,66.54852929537495,66.0656446224265
25,68.29319781715515,61.886928436763874,67.02957996875115,66.55100048312974
26,68.89091602662553,62.529498656913624,67.6502136333201,67.0136925893188
27,69.17221232100749,62.71498521759078,68.09869216813274,67.46507297614123
28,69.70946355969642,63.31536870593434,68.66912048499817,67.8981155648508
29,69.99966716997714,63.49513078593244,69.07842776535155,68.3074870559899
30,70.47049443991286,64.0715475541627,69.60543681629873,68.71532594455988
31,70.71139345917629,64.23987255256972,69.98633415782469,69.11157494859809
32,71.13384553800216,64.78005576563167,70.4714070917527,69.4839497070271
33,71.38006729064243,64.94547733915951,70.82042360900779,69.85703939045061
34,71.76118054297837,65.46524807998095,71.26856497698796,70.2178234739755
35,71.9657785608301,65.62160882581796,71.594991604349,70.55725043718724
36,72.3057704342401,66.11606367772157,72.01115887832874,70.8978529189
37,72.51548833212986,66.26792630861574,72.31361078192569,71.22859014299719
38,72.82685175808598,66.73873097779484,72.69281291855677,71.5425126651442
39,73.00671777617305,66.88622716412114,72.97073916632837,71.85751282788952
40,73.28620322256651,67.3328289910775,73.32232974183033,72.16638218540062
41,73.46793606326317,67.47505561749763,73.58289129849786,72.46099466197488
42,73.7287193600092,67.89871386279559,73.90513002720289,72.75544873289978
43,73.88532629485941,68.03654402476984,74.14599343913217,73.04119787872675
44,74.12311456290308,68.4374104308455,74.44658472066827,73.31251626434572
45,74.2817310287362,68.56833585176486,74.67069442804701,73.58513779337126
46,74.50184911503462,68.94855790243587,74.94557358661936,73.85291088226235
47,74.64126483636343,69.07265500692901,75.1539778346284,74.10644938757213
48,74.84533251167332,69.43293557394293,75.41311829622485,74.36167639375246
49,74.9871027050521,69.55475335060986,75.60511128341844,74.61292221555658
50,75.18140232411957,69.89779025442435,75.84488901995044,74.84653905700101
51,75.3053425070434,70.01422233721952,76.02575664977745,75.08579702359971
52,75.48383598111397,70.34163085551698,76.24653360329714,75.3196068312284
53,75.60858552146435,70.45132658877502,76.41547180365873,75.54151895204934
54,75.77625052971,70.75908489295364,76.6207339828918,75.76688100625523
55,75.89008331648202,70.86538475912327,76.77880126162468,75.98810159280188
56,76.04885464891508,71.1563490935838,76.97223631340064,76.19556273626408
57,76.16319764125402,71.25827758358169,77.12048230003653,76.40953471774041
58,76.31305941405591,71.53587540829506,77.30184454263033,76.61967268022606
59,76.4157612872038,71.63520066527114,77.44160822599838,76.81765805719745
60,76.55660027641837,71.90396053119753,77.61230501307793,77.02042058146442
61,76.66052953218625,71.99661381789234,77.74372818371195,77.21870902167993
62,76.79287279964245,72.24765366614417,77.90310393481525,77.40495138073773
63,76.88921752373314,72.33776447953726,78.02666820198642,77.59547489552753
64,77.01672910300887,72.57574127551243,78.17734171529749,77.78139521437411
65,77.1119760281306,72.66076874319488,78.2940903498129,77.95738972929813
66,77.232008234636,72.88962397223834,78.43408641029886,78.13686259802228
67,77.32051885084788,72.97328111077591,78.5442070893749,78.31103995214566
68,77.43398328968708,73.19370454764136,78.67731742600567,78.47457192469442
69,77.52155223280141,73.27328765450349,78.78371312110228,78.64394594740766
70,77.63024157829159,73.47657571680952,78.90893351516466,78.80878894714579
71,77.71112192877905,73.5528578812139,79.00848488546414,78.96534856305387
72,77.81419084397743,73.75265000947337,79.12858341758795,79.12295667645002
73,77.8964400541021,73.82656642373671,79.2229853027259,79.27951231844403
74,77.99532311776714,74.01696893880045,79.33640011952413,79.42712514895453
75,78.07089682279234,74.08589221677217,79.4257545012408,79.58112597531837
76,78.1668136595486,74.26772893693152,79.53393058213611,79.73224541548126
77,78.241841367094,74.33397475452809,79.62231730909058,79.87476334411218
78,78.33450533928122,74.50877826210493,79.72581347837854,80.01787323720552
79,78.40445556266616,74.57129053950882,79.80873959336061,80.15990152035009
80,78.49239117717755,74.73835723653588,79.90708411335514,80.29459641311641
81,78.562839009116,74.79853216312941,79.9862173988219,80.43198107836402
82,78.64680923389193,74.96053635648047,80.08075964637898,80.56669526030302
83,78.71423521626859,75.01789173686115,80.15604829457537,80.69404614629659
84,78.79392925839973,75.17161841757616,80.24611562847737,80.82383935203725
85,78.86054451904307,75.2261955835543,80.32027891579658,80.95198876914004
86,78.93961656152132,75.37393840644825,80.40587784732362,81.07154489982986
87,79.00181603320233,75.42587677852133,80.47446051880337,81.19459224570896
88,79.07774030431035,75.57004240980532,80.55687011019879,81.31584357317135
89,79.14108765854495,75.61968964702154,80.62358125701753,81.42919610902891
90,79.21369053537312,75.75776792533819,80.70275633762571,81.54638293008723
91,79.27195358686805,75.80516913144405,80.76824832933153,81.66022123221435
92,79.34276180462751,75.93942346523123,80.84550839115806,81.76787600379897
93,79.40275541800818,75.98398814936584,80.90749288056816,81.88298111274231
94,79.47128078427696,76.11260954650487,80.98117110851922,81.99452848278932
95,79.52754801344712,76.15649101954354,81.04267144692727,82.09971450311689
96,79.59208784975291,76.28180823769229,81.11405362266991,82.20709522388054
97,79.64710903212006,76.32283074412247,81.17327359423288,82.31333895658389
98,79.71105246333488,76.44203651557045,81.24104231501316,82.41316390386193
99,79.76372579472587,76.48197576683462,81.29738072604724,82.51456132321744
100,79.82403803317567,76.60002526494922,81.36402509490549,82.61522561497274
101,79.87464619427382,76.63785592087446,81.41893102619419,82.70961954075628
102,79.93430392146847,76.75396152662337,81.48309723380322,82.80706852625848
103,79.9837396875273,76.79034293427145,81.53632680737583,82.90405494200323
104,80.04107969847043,76.90002626518303,81.59793448517394,82.99387726227398
105,80.09005383761034,76.93479944277034,81.64898366116107,83.08578992956298
106,80.14640309893639,77.04146697194815,81.709419622797,83.1762043549548
107,80.19290894728118,77.07366555076624,81.76071106499634,83.26172383771214
108,80.24809843645599,77.17692808929682,81.8197591773523,83.34975681662786
109,80.29448986277008,77.20885475471678,81.86782427198422,83.437248417433
110,80.34791212634987,77.30794615209143,81.92307544425157,83.51779488493531
111,80.39144701086128,77.33908656138793,81.96999858032405,83.60480056538889
112,80.44384849820177,77.43805175719659,82.02437184748052,83.68967473533836
113,80.48738986479496,77.46728820146811,82.0702482913406,83.76901146738902
114,80.53898069154799,77.56339003785851,82.12362651557407,83.85150457518687
115,80.58190935984454,77.59228518707624,82.1676004884382,83.93173169548172
116,80.6318324845104,77.68514319409897,82.21893007970985,84.00812307423097
117,80.67308489485893,77.71265414681788,82.26297737393679,84.08608272558347
118,80.72064965760468,77.80236760979675,82.31247284514743,84.1629207566495
119,80.7615310738682,77.82939649503967,82.35447446049325,84.23507376742538
120,80.80859763198364,77.91636882089985,82.40274453023333,84.31017425809608
121,80.84823404801803,77.94210096009061,82.44438839200028,84.38336137043605
122,80.89417175037491,78.02904330199185,82.49170553200297,84.45275176852758
123,80.93124249332368,78.05293560277896,82.53132927200905,84.52500333057615
124,80.97537560331061,78.13651412427542,82.5778448551418,84.59591377123488
125,81.01434787566176,78.16020968829967,82.61752495418959,84.6610721366683
126,81.05795144219198,78.2404909113863,82.66243753724767,84.72888849722641
127,81.09439732517214,78.26373782850462,82.70068160125038,84.79609106064416
128,81.13656565070714,78.34594605607778,82.74461838492725,84.85882845661642
129,81.17350581326203,78.3673408583166,82.78147276386058,84.92622270325425
130,81.2154648839909,78.44366295023919,82.82368958502316,84.99243662029663
131,81.2507397077231,78.46392061511357,82.86092848657864,85.05428661610615
132,81.29154347825751,78.54001032816318,82.90181072443302,85.11842242865103
133,81.32542644663016,78.56088840436611,82.93768157677663,85.18165665251043
134,81.36568282277688,78.63579314745031,82.97899473975909,85.24114630943028
135,81.39953816124316,78.65481283510776,83.0143904521977,85.30226227845753
136,81.43846275162171,78.72780194545201,83.0549886071621,85.36158297663218
137,81.4715725355694,78.7470410237969,83.08888186509778,85.41772772322933
138,81.51043350764563,78.81635634043465,83.12780103097366,85.47697639283577
139,81.54174157037241,78.83451739945035,83.16159341514793,85.53394305742945
140,81.5788294010884,78.90307246321247,83.20020057572759,85.58746527422137
141,81.61068177833175,78.92071023806122,83.23379391290679,85.64360605715905
142,81.6472493868674,78.98905035718768,83.2707428380647,85.69770732111795
143,81.6781815865133,79.00541294707936,83.30259139281753,85.74939971730649
144,81.71489363136554,79.07164043382126,83.33875725135182,85.80276635513319
145,81.74556227537694,79.08874673431754,83.37146437799105,85.85495732070021
146,81.78117640062105,79.15462892065315,83.40642960210992,85.90440116846497
147,81.8107304956266,79.17007265712047,83.43731166048929,85.95811501974727
148,81.84518798691573,79.23353710421424,83.47233714996925,86.01038492170686
149,81.87447501610319,79.24884940485485,83.50263695828475,86.05959780429933
150,81.90881376359864,79.31275589618568,83.53626450689544,86.10956106969375
151,81.93691772598359,79.32734836148624,83.56606989736427,86.159314506763
152,81.97077037212861,79.38920205367499,83.59958702886912,86.20547494346867
153,81.99943008152837,79.4038904801504,83.62868481136387,86.25278058964886
154,82.03256987109917,79.46486716661265,83.66167571633954,86.2998741575844
155,82.06010286403723,79.47829073582139,83.69030576708407,86.3437237795347
156,82.0919826458303,79.5369496287581,83.72304937608007,86.38890751299687
157,82.11911663045646,79.55092624817026,83.75054231475583,86.43359130858985
158,82.150537562701,79.6096424674007,83.78166074165469,86.47618849294318
159,82.17647541433875,79.62280426029884,83.81007190239121,86.5199216018078
160,82.20798428561687,79.67833060884246,83.84106582207332,86.56257274566515
161,82.23316903813578,79.69067491624251,83.86847585523687,86.60347263249623
162,82.26365264522265,79.74655672417377,83.89843290037537,86.64585139076614
163,82.28846894486098,79.75899819568535,83.92554329947836,86.68722005137298
164,82.31859385984703,79.81362726314401,83.95563451640565,86.72581111664367
165,82.34303927219058,79.82626919130979,83.9833446300432,86.76730467972878
166,82.37220705391505,79.88078608065125,84.0134501858197,86.80943536652431
167,82.39576500446793,79.89276361453018,84.03942439681082,86.84808112102014
168,82.42457077254105,79.94585997744443,84.06835631614351,86.88781057543409
169,82.44866449499983,79.9573147010815,84.09374703608309,86.92647026278613
170,82.47708134758183,80.0093129118907,84.12236485440366,86.9633828503122
171,82.50083598770152,80.02064489287986,84.1473209919776,87.00125541485264
172,82.52854330926702,80.07198645414783,84.17540382322122,87.03856921597048
173,82.55251967118677,80.08320849556841,84.20030275914465,87.07322110389855
174,82.58021514053546,80.13370465466045,84.22762342880519,87.11002129198562
175,82.60178539374542,80.14472307467244,84.25263862702332,87.14598259895662
176,82.62848741280251,80.19445260168817,84.28006138447914,87.17943460874912
177,82.6512180285605,80.20493330507664,84.30394734077456,87.21373160992547
178,82.67826094363238,80.25314653370502,84.33068878129419,87.24758290446584
179,82.69976941807305,80.26349076054072,84.35387063485256,87.28052116982677
180,82.72702218500207,80.31095489046695,84.37998823664252,87.31390043606639
181,82.74919102061966,80.32156401746501,84.40345505247814,87.34754486385653
182,82.77497198564895,80.36907769285679,84.4294886745844,87.37862958586105
183,82.79574166657547,80.37865324360389,84.45217195214136,87.4129571793369
184,82.82198894623434,80.42431833400897,84.47786346938823,87.44649442929159
185,82.84284330771307,80.43444504050676,84.5002300802229,87.47768628606512
186,82.86811149246829,80.47827701865428,84.52596761396094,87.50988638220373
187,82.88816424606954,80.48760081481946,84.54856837577282,87.5419562807016
188,82.91370642083871,80.5312025127841,84.57334063637903,87.57198209643855
189,82.93300977149585,80.54039414779099,84.59549029638808,87.60329728229915
190,82.95687016511422,80.58479166635091,84.61963403194862,87.6338900158478
191,82.97620778053778,80.59350381514349,84.64143330107456,87.66243308101778
192,83.00015024925229,80.63702593338054,84.66612090241323,87.69239097714201
193,83.01937052484678,80.64640745157321,84.68693803767943,87.72139420355117
194,83.04334216058267,80.68809963374488,84.71104481332557,87.74889075808646
195,83.06226913504692,80.6972306894069,84.73260446404515,87.77782521753728
196,83.08568123959296,80.73911687613456,84.75588568748714,87.80609736286951
197,83.1049633386261,80.74788164557357,84.77728658942846,87.8325494209189
198,83.12857378124437,80.78980336459487,84.80016541475176,87.8600483027206
199,83.14730242407593,80.79816073671321,84.82049676046339,87.8870425590659
200,83.16949763972357,80.83911317079469,84.84285068776391,87.91276636968138
201,83.18784780279137,80.84766436219637,84.863590939714,87.94029962059189
202,83.21021771740797,80.88715956975547,84.88568245377316,87.96699947470577
203,83.22771718977309,80.8949653260101,84.90576091907707,87.99227825843735
204,83.24976993611061,80.93458365834562,84.92768728753006,88.0188802541348
205,83.267831222789,80.94295418680973,84.9475842035512,88.04447151335413
206,83.28946093662037,80.98223197294742,84.96958659123419,88.06919024273022
207,83.30618411136814,80.98987248643488,84.98931039762878,88.09451404861647
208,83.32773475556708,81.02854912099575,85.01114210082204,88.11943892335121
209,83.3451216158816,81.03590435199875,85.03079947456696,88.1424174679098
210,83.36547919054163,81.07384883346276,85.05213386116462,88.16697524604805
211,83.38280967499631,81.08135617703265,85.07137510481897,88.19087160346734
212,83.40333889456902,81.118253984251,85.09239303235435,88.2134004450367
213,83.41971905765487,81.12564771236721,85.11096987609587,88.23678338726789
214,83.44031106663,81.162039279962,85.13140772389376,88.25986951984808
215,83.45682564328685,81.16952368352946,85.15030859796624,88.2816724475589
216,83.47692350517616,81.20510415108177,85.17051549973208,88.30476101306022
217,83.4932223815481,81.21220817842205,85.18907491934804,88.32748148315144
218,83.5131389496927,81.24648658547308,85.2096240375263,88.34858751230063
219,83.52896337639359,81.25369366367013,85.22771574780353,88.37222961944249
220,83.5489645476247,81.28950690765737,85.24738760470328,88.39432566706293
221,83.56488204340452,81.2966138629462,85.26523383804209,88.41525458453138
222,83.58457865266536,81.33114387993957,85.28486618454001,88.43723638688367
223,83.60106716272668,81.33796592626358,85.30213681792313,88.45850184679456
224,83.62009776910585,81.372236976587,85.32197616078932,88.47869988396182
225,83.63542114364033,81.37894266707733,85.33901332674296,88.499974269284
226,83.65471731508968,81.41200998683142,85.35782414684955,88.52094863992222
227,83.66963249226674,81.41905504904754,85.37539848221826,88.54012021672241
228,83.68835332147813,81.45278321258299,85.39439818715358,88.56094157451655
229,83.70336062192405,81.45931608275095,85.41135818144515,88.58087883154126
230,83.72208328615221,81.49344618395634,85.4297647657445,88.59986039576195
231,83.73666335754127,81.4998855131569,85.44664014215012,88.61945589468377
232,83.7547585255442,81.53224352131502,85.46515953482964,88.63921012953614
233,83.7698691492672,81.53853227210456,85.48221752473766,88.65785257300516
234,83.78814375259375,81.57080259096713,85.50038392287163,88.67635611495508
235,83.80249720178084,81.57689964669778,85.5163601833143,88.6950825454192
236,83.82068108919792,81.60890897718396,85.5336858938784,88.71302310900528
237,83.8348783159377,81.61515967306204,85.55017770380019,88.7326996399596
238,83.85327283511323,81.64615828662541,85.56793830384603,88.75189712425507
239,83.8671818126971,81.65202896156269,85.58458240554786,88.76969070580013
240,83.88420456015731,81.6831081032846,85.60267316356,88.78849570024306
241,83.89780052663168,81.68942602454884,85.61875418947228,88.80655523751886
242,83.91537033174924,81.71975621462124,85.63663747300787,88.82343344868708
243,83.92834985193394,81.72584410359623,85.65244422524064,88.84106728374337
244,83.94588928236381,81.75592570290821,85.66955644093345,88.85848809945065
245,83.95951690134765,81.76232273740544,85.68502464262568,88.87507916870659
246,83.9770702389916,81.79215749210158,85.7022150819164,88.89240980874175
247,83.98997490840836,81.79824461449488,85.7171415142338,88.90888434454443
248,84.0068953910369,81.82825465356252,85.73390460639857,88.92471504389603
249,84.02012203021202,81.83379086308027,85.74894287690758,88.94127418711663
250,84.03660889265915,81.86303809714646,85.76523784837292,88.95769170680454
251,84.04956855322474,81.8683280128363,85.78045221846385,88.9732895621563
252,84.06563168982173,81.89702487876836,85.79699297914591,88.98952115614425
253,84.07900251968978,81.90237895708442,85.81230340163216,89.00547687455345
254,84.09534055610015,81.93111702429071,85.82832332229673,89.02019228306088
255,84.10888447799415,81.93633268074672,85.84320358383043,89.03657025332733
256,84.12545356687373,81.96585671067312,85.8594714987397,89.05322146902883
257,84.13782590513094,81.9713404659781,85.8739710263861,89.06849336562136
258,84.15408911964899,81.99947685827465,85.89031723586467,89.08398769126156
259,84.16581221176668,82.00503423631946,85.90474520709569,89.10020355885338
260,84.18134146764636,82.03260370151908,85.92086557062456,89.11493210923038
261,84.19289572212537,82.03793824242112,85.93496713147668,89.1301802733481
262,84.20857602207502,82.06391479978807,85.95077545240288,89.14500537562212
263,84.22055733573808,82.06937329065222,85.96469118377176,89.1590703363929
264,84.23574266511245,82.09717237151905,85.98043755396975,89.17380459659493
265,84.24819937517333,82.10211707691492,85.99431962041602,89.1880544862518
266,84.26352690335608,82.12877410418643,86.00949924625503,89.20181031008553
267,84.2749369204479,82.13372706068462,86.0234074961576,89.21582933012009
268,84.28978605762632,82.15950003411564,86.03931477835444,89.22988851572661
269,84.30111727873302,82.16449556580535,86.05277626379103,89.24286286597516
270,84.31569735554854,82.19062958335789,86.06840052140589,89.25653381060438
271,84.32759838750924,82.19539092252928,86.08201089236799,89.27002081476951
272,84.34247164141019,82.22122983588518,86.09691971042587,89.28261861526775
273,84.3537501263375,82.22594850637756,86.11056686855827,89.2970466512889
274,84.36802834193145,82.25111913811489,86.12530978808896,89.31111178519578
275,84.37918270814438,82.25622378644664,86.1388476909617,89.32396344018193
276,84.39354489767737,82.28016233166132,86.15319666632509,89.33728579492167
277,84.40441046622837,82.28500559431797,86.16646759000275,89.35067045848503
278,84.41895588025896,82.30973489401227,86.18041656348151,89.36297316280265
279,84.43008990847979,82.3147159946405,86.19387300289921,89.37567683860132
280,84.44433575507442,82.33981813812129,86.20813640658879,89.38831798614194
281,84.45511483939734,82.34464776830599,86.22125919071458,89.400478679512
282,84.46911564250178,82.3693916632473,86.23530209815745,89.41284546326042
283,84.47944211056407,82.37393016324872,86.24821664766337,89.42513853204731
284,84.49339906123978,82.39814584782617,86.26279362440746,89.43664477625225
285,84.50379613544703,82.40270953319633,86.27533268434755,89.44842599277436
286,84.51815768508762,82.42653916553,86.289007270265,89.46070130158283
287,84.52836517860345,82.43107094173588,86.30160744888789,89.47180882692902
288,84.5417521670335,82.454609918584,86.31509871109003,89.4839804108749
289,84.55210526369893,82.45923216746857,86.32764107425704,89.49593075943869
290,84.56579319087312,82.48253604403753,86.34089218699148,89.50639631080226
291,84.57613463803654,82.4870647921521,86.35371679182553,89.51864903000006
292,84.5898814036332,82.5100682999914,86.36671371037205,89.53035038501666
293,84.59978693631463,82.51427122164617,86.37910917680908,89.54122510819757
294,84.6129481022317,82.53673414219747,86.39222577426345,89.55288165708288
295,84.62274538368904,82.54076956525519,86.4040687386841,89.56411791397906
296,84.63585193786129,82.56290223775717,86.41735910094502,89.5743981849193
297,84.6460434876654,82.56712148819109,86.42971971164839,89.58507518069115
298,84.65955202757509,82.58870877720943,86.44278355884065,89.59625096972124
299,84.66925085650203,82.59272089437397,86.45476319924798,89.6065684949922
300,84.68229778675737,82.6154227347022,86.46761429318043,89.61711752303201
301,84.691901212036,82.61958890539235,86.4795423785221,89.62794025101407
302,84.70478452608414,82.64233565501772,86.49272071724877,89.63744531147321
303,84.71422764695811,82.64677314568186,86.50454021850555,89.64801125333496
304,84.72681539222012,82.66919348212598,86.51682354130814,89.65844755262094
305,84.73647009917015,82.67327688207065,86.5285920615477,89.6682593992118
306,84.74887841962979,82.6950026420564,86.5413923826955,89.67825954911757
307,84.75877099386624,82.69908451480076,86.55311522195449,89.68800100321282
308,84.77126345236876,82.7212636443971,86.56618171261943,89.6972282889696
309,84.78082227513663,82.72507024376614,86.5776497194778,89.70788552833407
310,84.79329651164329,82.74617417074447,86.59025851028598,89.71808738850797
311,84.80258278523867,82.7502470644002,86.60150445710302,89.72768383621666
312,84.81519274294303,82.77123559300385,86.6135364943967,89.73780913431982
313,84.82435466074553,82.77524982376355,86.62452770408977,89.74730444725922
314,84.83664533745288,82.79623225934706,86.63687369790614,89.75617179659488
315,84.8457171431215,82.80055147886647,86.64798759293261,89.7657684956014
316,84.85722279105568,82.82031664206815,86.65947993242703,89.77501848349704
317,84.86631397800164,82.8241597068674,86.67046323096046,89.78394245498524
318,84.87831895058419,82.84472802068127,86.68260206389772,89.79319124524086
319,84.8872166248965,82.84871248327055,86.69366912781643,89.80240440635643
320,84.89923038507037,82.8685443254713,86.70503991525547,89.81093053910205
321,84.90795326162717,82.87248048130532,86.71592870509616,89.81997408690536
322,84.92005397390912,82.8920968142283,86.72709979983422,89.8287778553113
323,84.92841059195553,82.89562919846352,86.73804256041144,89.83676805239149
324,84.94009694939913,82.91486589891916,86.74956819437469,89.84543833096429
325,84.94890132292512,82.91862499375871,86.76051316770274,89.8540020278792
326,84.96039911383822,82.9383866020798,86.77187843820788,89.8618195601994
327,84.96865456862285,82.942068285666,86.78297837089461,89.87046362104819
328,84.9806641072578,82.9616727582209,86.7945035732789,89.87904619290458
329,84.9892621227407,82.965315207091,86.80501336637855,89.88706241230264
330,85.00101252047544,82.98510327844302,86.81613104977922,89.89554912796312
331,85.00907831759481,82.98856743194465,86.82675037449893,89.90409255680396
332,85.02042020470203,83.00800637511635,86.83762858055728,89.9118273777355
333,85.02893909202577,83.01147571137167,86.84801845960935,89.92008435109553
334,85.04024363086215,83.03010003424912,86.85888712721223,89.92801586904869
335,85.04820999902095,83.03368132866454,86.86905208974693,89.93552921250746
336,85.05946101873064,83.05230971887441,86.88011835896224,89.9433638255668
337,85.06821201723423,83.05565137633067,86.89077192099624,89.95110066857767
338,85.07986541187715,83.07439283138723,86.90145436113384,89.95832034083551
339,85.08782128442517,83.07794207439701,86.91158317879699,89.96600400099406
340,85.09892273994642,83.09647525612732,86.92248090728935,89.97387593586635
341,85.10690463652743,83.09994055262703,86.93247374669815,89.98090038100051
342,85.11815646629007,83.11746934375533,86.94310705447683,89.98826377164563
343,85.12557240888012,83.12103440835472,86.95301684303604,89.99575015220931
344,85.13678298548922,83.13977181808943,86.96352659416807,90.00244010071658
345,85.14466122206369,83.14321974911148,86.97344569750418,90.01025330923332
346,85.15512086492849,83.16105962054297,86.98441704520792,90.01767424401241
347,85.16282444870824,83.16440140745603,86.99442769743357,90.02465669474715
348,85.17373687195305,83.1819158264126,87.00492369906975,90.0319095617884
349,85.18122620855456,83.18522201697775,87.0146330034578,90.0390615506697
350,85.19186341045351,83.20272451356507,87.02496598320204,90.0457809474769
351,85.19977203978075,83.20613256045151,87.03456129246402,90.05253584324078
352,85.21052536358283,83.22369619504673,87.04506149238573,90.05928009216906
353,85.21781965435797,83.22715505046877,87.05467431478216,90.06577331265473
354,85.22818607276916,83.24464496821207,87.06463191623664,90.07259840367988
355,85.2356621956364,83.24805826039363,87.07443796529515,90.07928849268444
356,85.2459624212962,83.26495297628138,87.0847413898809,90.08535116686508
357,85.25333843363546,83.2681205761563,87.09416356399134,90.09174864619705
358,85.26399094625344,83.28516175324326,87.10426248279394,90.09818551168244
359,85.27148999868245,83.28826774951422,87.11356167860374,90.1042987050235
360,85.28158432062422,83.304900324789,87.1237986183945,90.11088361862353
361,85.28917020094764,83.30804359396953,87.13311401801153,90.11712500643928
362,85.29931903521621,83.32482610465422,87.14277258775026,90.12316779637865
363,85.30643451275621,83.3280693763439,87.15208674679316,90.13014669595856
364,85.31686210695457,83.34412260791846,87.16172075969637,90.13686846698242
365,85.32409482033232,83.34706499115146,87.17088125952205,90.14293738259192
366,85.33444458219319,83.36365691453854,87.1806437958968,90.14912716295702
367,85.34103274097414,83.36674815077815,87.18999256596692,90.15554001611851
368,85.35100696959542,83.38279771970879,87.19932724359646,90.16109281986323
369,85.35804595750093,83.38555589884206,87.20834684994169,90.16708710417706
370,85.36764424722989,83.40144370934411,87.21793976751587,90.17322665710797
371,85.37473136561815,83.4045483921456,87.22663744304785,90.17878731796591
372,85.38506229219453,83.42091133038126,87.23639671115585,90.18461038509521
373,85.39209761386245,83.4238208232055,87.2451764570701,90.19040381332894
374,85.40268145357041,83.44008095609684,87.25490449067571,90.19583478462201
375,85.410107021418,83.44328009489936,87.26391378504712,90.20158086028147
376,85.41995721783562,83.45922855844587,87.27315668219387,90.20707607077314
377,85.4268966954604,83.46210975960516,87.28173158755565,90.21229864062352
378,85.43658458753858,83.47804008943797,87.29065038865261,90.21781399819048
379,85.44324009404562,83.48078223705194,87.29929938557883,90.22345452928302
380,85.4528831589992,83.49608313473729,87.30852950010471,90.2283703366985
381,85.45953015270427,83.49890912308082,87.31735945001068,90.23433901583353
382,85.46947495480114,83.51412221523174,87.32658693368573,90.24017981452351
383,85.47601684358716,83.51695765402549,87.33539144166448,90.24553121587033
384,85.48519220092065,83.53216971520806,87.34459043293249,90.25103267797962
385,85.49213107007925,83.53507916425856,87.35331670363655,90.2562637871038
386,85.50148599420537,83.54974373795478,87.36240557882061,90.26129075641414
387,85.50775246770705,83.55265712311866,87.37124209165951,90.26657246963464
388,85.51742801266666,83.5674063796919,87.38002069107478,90.271837607217
389,85.52424935543813,83.57012968544564,87.38841750162949,90.27697097443723
390,85.53341346230654,83.5856388203789,87.39730071756118,90.281919539208
391,85.53985198990708,83.58864645992891,87.40570346705468,90.2872141657004
392,85.54909529150729,83.6029864447614,87.4147667879501,90.2918791963735
393,85.55560533301245,83.60576741518489,87.42338911742549,90.29690497766062
394,85.5651564278012,83.62061145572525,87.4319407399481,90.30178484242336
395,85.57110693027192,83.62312176531557,87.44029428352366,90.30617466962266
396,85.57980816416803,83.63786510874594,87.44904921414201,90.3109560450238
397,85.5862754753453,83.64073132812035,87.45738300305811,90.31567972157028
398,85.59548410624322,83.65540420833968,87.46601334408425,90.31998338394799
399,85.6016409017203,83.65794793879328,87.47461027525493,90.32519461139141
400,85.61059797996649,83.67201594316542,87.48380456737348,90.33047050705355
401,85.61676856276003,83.67478616471519,87.49223287237729,90.33490064254093
402,85.62575728476935,83.68889782033172,87.50102049441364,90.3396393657887
403,85.63198677019709,83.6915397885492,87.50911835274948,90.34428713037754
404,85.64082336111836,83.70621882388296,87.51761383095261,90.34872673749454
405,85.64711316180332,83.70876650877852,87.5256604795872,90.35336778725222
406,85.65601613995345,83.72249187454794,87.53424772768936,90.35802018803803
407,85.66208780125305,83.7251298818613,87.54223251827064,90.36239227088068
408,85.67087162361013,83.73915500688116,87.55066249368612,90.36683519052674
409,85.67684132058612,83.74171582693059,87.55861640302354,90.37118160789325
410,85.68535247791225,83.7557786014314,87.56666548532961,90.37533490703821
411,85.6915552437207,83.7584562828069,87.57477318488091,90.37973921171547
412,85.70067866141008,83.77183092671626,87.58318526846966,90.38398064108857
413,85.706477164867,83.77452573736628,87.59112836197546,90.38781007173134
414,85.71518980822499,83.7875339880385,87.59923415220696,90.39206956948519
415,85.72161760272995,83.79011915437219,87.60695577607311,90.39619826682562
416,85.72995111408896,83.80377571702971,87.61518254432721,90.4001392890243
417,85.73608328037818,83.80641217267193,87.62297674656325,90.4047855607954
418,85.74440866152158,83.82005212593472,87.63127935759064,90.40920370258496
419,85.75023306817896,83.8224850508023,87.63892963518445,90.41314608483154
420,85.75928344856456,83.83588657103466,87.64687568122676,90.41730189192346
421,85.76513368978502,83.83862230779854,87.65432319646072,90.42160315672177
422,85.77316769715405,83.85168001588603,87.6627082655765,90.4255597493228
423,85.77874154619276,83.85426220315826,87.67031423188116,90.4295245111445
424,85.78750031192179,83.8673094900088,87.67831890450616,90.43354099632205
425,85.79315532182176,83.86983720184418,87.6856519654618,90.43723071139104
426,85.80164291180472,83.88282421422564,87.69334143330681,90.44126134173212
427,85.80703176305211,83.88532962250227,87.70081573952179,90.44516628292534
428,85.8151447238688,83.8985214955999,87.70885275452247,90.44864562548564
429,85.82095466827784,83.90095192507407,87.71607920093575,90.4524429999054
430,85.82942767198233,83.91333318749918,87.72381205758923,90.45611833280354
431,85.83478083603126,83.91546579112321,87.73116752582052,90.45962912066614
432,85.84321140114058,83.92829577041825,87.739018323046,90.46348820511277
433,85.84866403140032,83.93062095458994,87.74608505469145,90.46730126837457
434,85.85686783208584,83.94307100656093,87.75378813078947,90.47061477154672
435,85.86250620250836,83.94546489800108,87.76123454371502,90.4746130292174
436,85.87028791952399,83.95814185261347,87.7692845150901,90.47860532004566
437,85.87619194717936,83.96043540382624,87.77654263544697,90.48217768192401
438,85.88416258255938,83.9728296573233,87.78428131801269,90.48589971535462
439,85.88938440286563,83.97504650701606,87.79142216264653,90.48968775100944
440,85.89766846090258,83.98718827731675,87.79883772999874,90.4930501352648
441,85.90351311832296,83.9897343762925,87.80613343928127,90.49657199132274
442,85.91154703750611,84.00182499751277,87.81367069734573,90.49997691429292
443,85.91722755489432,84.00391710899152,87.82129832248867,90.50322978024482
444,85.92512080472335,84.01608597527803,87.82847752622222,90.50668487932458
445,85.93044347129995,84.01823977452092,87.83527368610699,90.51011749061719
446,85.93815199905691,84.0307594024444,87.8426533290166,90.51309195810182
447,85.94359798069405,84.03296521601082,87.8496441722753,90.51652629876146
448,85.95159472187503,84.04495235732033,87.85678286179463,90.51994133323913
449,85.95699550685819,84.04688629191429,87.86379129061713,90.52301129368611
450,85.96520855840956,84.0585730714344,87.87089055327817,90.52632693147882
451,85.9711467019323,84.06073275971913,87.87790428820942,90.52935723291279
452,85.9789388080275,84.07266617048658,87.88525456960483,90.53247880541322
453,85.98412010912367,84.07508059573844,87.89221827746567,90.53597645153968
454,85.99159920768375,84.08615215896242,87.89930646603658,90.53951552393625
455,85.99700301992807,84.08847383135686,87.90592001859869,90.54274895186602
456,86.00501395678332,84.09991105402908,87.91324466118996,90.5459096089283
457,86.01004283666445,84.10213192542939,87.92040874052854,90.5490579534156
458,86.01757163521052,84.11367105802223,87.92764007382775,90.55193057488549
459,86.02277019177978,84.11590400661174,87.93462912398412,90.55516076794851
460,86.03059623659951,84.12739341094704,87.94180768053016,90.55842896087422
461,86.03575865127443,84.12976420374339,87.94853565758103,90.56139069036588
462,86.04318728346719,84.14113794316648,87.95534657090431,90.5642765932064
463,86.04839708154928,84.14358981871831,87.96218304318265,90.5672864415693
464,86.05573379709232,84.1549132006811,87.9689884333697,90.57008666654112
465,86.06074733129283,84.15709531075154,87.97574728470995,90.57326765326302
466,86.0687056954273,84.1678693865876,87.98307103759782,90.57623244094322
467,86.07387780053858,84.1700996325595,87.98953243702562,90.5788163431382
468,86.081428151953,84.18155442366948,87.99650005366004,90.58175001786252
469,86.08665507089232,84.1834796853068,88.00318200049183,90.5847536088046
470,86.0936143990546,84.1946959408136,88.01013564564958,90.58756210415548
471,86.09854487631202,84.19663388916834,88.01667276363787,90.59086987064308
472,86.10607634106296,84.20758574310081,88.02376411013454,90.59386127120605
473,86.11104691219312,84.20958055104208,88.0304551931615,90.5966599155799
474,86.11838948405902,84.22045242708336,88.03715917460069,90.59967030527774
475,86.12330681491433,84.22259752322103,88.0435416525563,90.60257712308821
476,86.13071767382074,84.23308023703692,88.0501341465584,90.605305845223
477,86.13565543689724,84.23514417519995,88.05663503527687,90.60814334430181
478,86.14297568317448,84.24618414378385,88.06348830102685,90.61101135390506
479,86.14793632033812,84.2481666848237,88.0702721502922,90.61355776702543
480,86.15510938765884,84.25874366955341,88.07719031507044,90.61635703651432
481,86.15996804629349,84.26110963747793,88.08367257390478,90.61903042918503
482,86.16682660801654,84.27202440616763,88.0904659749472,90.62158000051583
483,86.1715404234924,84.27406479250075,88.096875094767,90.62421860977234
484,86.1787833874301,84.2841682011653,88.10377608379228,90.62679391141751
485,86.18363746495082,84.28607426494186,88.11006973712146,90.62909232026627
486,86.19097762676675,84.29634925684617,88.11683429238434,90.63179018003008
487,86.19561335998634,84.29850690314599,88.12308254509809,90.63428722786858
488,86.20280891418527,84.30926485220692,88.12977715662889,90.63646519108373
489,86.2074151740078,84.31114224077791,88.13607360207553,90.63926965540571
490,86.2145446055254,84.32141849883519,88.14268050621173,90.64205243026913
491,86.21893494719305,84.323393166191,88.14876853916549,90.6445511057824
492,86.22601330394677,84.33374294033705,88.15528199683806,90.6473983263681
493,86.23060547294456,84.33560819499155,88.16175334636868,90.65006141802003
494,86.23760599380492,84.345862959403,88.16820026443455,90.65234834035883
495,86.24219549134932,84.34790561442829,88.1744665892338,90.65495137407322
496,86.24876090915393,84.35805040101337,88.18110070276688,90.65757896605172
497,86.25337373674304,84.35983510707163,88.18718798882223,90.65983250212
498,86.26028508377968,84.37008351988767,88.19386992059718,90.66226316755557
499,86.26482703877672,84.37207593802817,88.19973892232123,90.6647640704392
