Comparison stage no.,data//output//runtimePerformance//MOEAD_DRA//SolutionSetSizeLitRecom//,data//output//runtimePerformance//MOEAD_DRA//SolutionSetSize100//,data//output//runtimePerformance//MOEAD_DRA//SolutionSetSize200//,data//output//runtimePerformance//MOEAD_DRA//SolutionSetSize300//,data//output//runtimePerformance//MOEAD_DRA//SolutionSetSize400//,data//output//runtimePerformance//MOEAD_DRA//SolutionSetSize500//,data//output//runtimePerformance//MOEAD_DRA//SolutionSetSize595//
0,0.0,0.0,0.0,0.0,0.0,0.0,0.0
1,0.0,0.0,0.0,0.0,0.0,0.0,0.0
2,0.0,0.025332038873708877,0.0,0.0,0.0,0.0,0.0
3,0.0,0.025332038873708877,0.0,0.0,0.0,0.0,0.0
4,0.0,0.07739040461634387,0.0,0.0,0.0,0.0,0.0
5,0.0,0.07739040461634387,0.020626583379555686,0.0,0.0,0.0,0.0
6,0.0,0.1483543504539272,0.020626583379555686,0.0,0.0,0.0,0.0
7,0.0,0.17210378758176528,0.020626583379555686,0.0,0.0,0.0,0.0
8,0.0,0.195228910742937,0.020626583379555686,0.0,0.0,0.0,0.0
9,0.10576377257658022,0.24935047007491537,0.10147405587603156,0.09448808304611672,0.020221166064076066,0.0,0.050579205893597004
10,0.10576377257658022,0.3815497136469386,0.19332745011919367,0.14128678128556052,0.023934815517880733,0.09956345889321765,0.050579205893597004
11,0.13286276028911911,0.7965153075892353,0.2141622455014527,0.2415583639715744,0.023934815517880733,0.09956345889321765,0.05057920589359702
12,0.1918029252673484,1.2491095085789856,0.2635921147798854,0.3233963861041135,0.10108561883143966,0.10105562564152999,0.05057920589359702
13,0.1918029252673484,1.7386888110262968,0.6287178712837956,0.6031550063435972,0.14855191969288342,0.13243907617312678,0.0842461730747585
14,0.4283094684136468,2.1790374046170977,1.090226813620571,0.7549099999803075,0.34146659333629853,0.2345090976071878,0.0842461730747585
15,0.8699492543861459,3.3490662941851523,1.7198538966552717,1.1436907305172554,0.4167339922670258,0.2695926494676716,0.08424617307475851
16,1.7285598594925722,4.303569399206285,2.74980374872522,1.7650337895504888,0.6193149347590046,0.44715875160016094,0.11368713916054393
17,2.2536440078104394,5.68375460548821,3.947559887818888,2.697054258428314,0.8716168573702889,0.7461871878477044,0.15931187474134972
18,2.864397039042604,6.710698054250088,5.353871767638098,3.7951639891579347,1.7243154418284283,0.9153350332263597,0.33626656232713503
19,4.013273102492167,8.030142362034807,6.932108450302285,4.9825270952532055,2.525465511733421,1.5665771329087328,0.40373918488934024
20,5.761603899935682,9.48981681800613,8.378642099352485,6.4309026064473365,3.348277991660279,2.1812146481590857,0.48786665247592426
21,7.291581704149534,11.154039019253231,9.784864937349692,7.781671148352731,4.4914899962131525,2.8673707655346377,0.6703123631013271
22,8.993715646600917,12.393671284875257,11.68732363059377,9.499656277616044,5.927924836595754,4.696003796660207,1.0781207344651367
23,10.307261290278982,13.696727613675003,13.313842385184172,11.198584688693016,7.519501785854138,6.144866986383981,1.5674746472667078
24,12.326373807352947,14.894167943936909,14.538027378562605,13.152817476749416,8.953302638791627,7.348327891041967,2.3104139700428377
25,13.909904239853848,15.98431273457078,16.24921716599057,14.675002507838208,10.408489168283912,8.773292844521409,2.9934779600944967
26,15.819196195308056,17.275807239072275,17.885399084749274,16.579159947989808,12.02799500494238,10.704197204366853,3.7611963510443207
27,17.47159501951038,18.378473761105706,19.18914404277265,18.06407357746741,13.880073088234049,13.00456448462109,5.163936736110729
28,19.19562185711532,19.58673505395708,20.52869031999559,19.34200156106396,15.846228178926438,14.912558775903417,6.376876491792621
29,20.692131820957126,20.7924748174655,21.935876858594327,20.932356516804138,17.197398831129725,16.649517995999943,8.038009880769664
30,22.0506722277153,21.74378750752944,23.37458155257836,22.39229946069207,19.02341281477214,18.396669326295118,9.680585053527569
31,23.230560264259683,22.87779428903906,24.639156066773992,23.59732204810828,20.222827932146565,19.911413423024534,11.252169359268319
32,24.445471212225424,24.015673501070108,25.713491679620347,24.852981741224536,21.382170019186795,21.37735817755062,12.923270349479585
33,25.533357392326295,25.079724967974055,26.962547057225972,26.048406321444475,22.773630804378705,22.65091981190439,14.3497494250759
34,26.570777520125098,26.189942348528977,28.090006455422582,27.333260630906086,24.1420685766402,24.032870875956174,16.12941908751763
35,27.758332349009287,27.16106243550522,29.34384123754122,28.413909063077625,25.416668219673372,25.494251779027916,17.710723900846347
36,28.71510709129937,28.19196921129136,30.336340840437064,29.47641764839874,26.428481981575523,26.555775249555207,19.250610076623342
37,29.94154491981052,29.091520188079816,31.383230229111543,30.515825869910724,27.70718865320207,27.756626286691116,20.71945103450402
38,31.067481082763333,30.100615251748515,32.34189233753896,31.42104205565302,28.765709622241726,28.903204892804883,22.179358870443384
39,31.992469674799473,31.042324966766728,33.32757589460612,32.4609494330371,29.77945535296767,30.063535288121194,23.62442002275193
40,33.06494083194881,31.891442389670914,34.22926015622005,33.34691460874792,30.85071527980113,31.252442662849706,24.714683821186128
41,34.01108652156878,32.69375674424929,35.11211116904348,34.22691742944236,31.794789037615427,32.26646282637624,25.95985289749907
42,34.88461291870291,33.449417593574594,36.008678600259884,35.23531168424936,32.701161416982124,33.34036741238487,27.2069690343196
43,35.736610532221604,34.348409088201535,36.908220205924955,36.104470994231534,33.73289544898602,34.4485844537941,28.369619058664103
44,36.643715062947116,35.13050826835266,37.78646230362639,36.98011607152703,34.58022476034204,35.464335170149425,29.666719394046552
45,37.38972806200638,35.92194237730048,38.653929086606325,37.72529897289504,35.44809067395075,36.32044022886875,30.67813747050272
46,38.16908106558234,36.75587175079234,39.49716183689595,38.646329982287625,36.26595452210369,37.22560835228305,31.55627851551907
47,39.02618914051912,37.56344068457213,40.34763440242539,39.381473995107434,37.158848352145206,38.1092654861057,32.456633039425746
48,39.84510205022067,38.3000153742353,41.11109997675863,40.163339429595545,37.874613792132145,38.88225126983587,33.41158804755125
49,40.60896670355485,38.96092704432276,41.87730862683943,40.927016839875456,38.5915951500063,39.71011049260748,34.23830978907069
50,41.4545320580741,39.64757136000761,42.558536680651734,41.695119871170895,39.37984000083093,40.469468035231436,35.04270411588264
51,42.25794288417154,40.29049101980528,43.24648753582983,42.45243877195194,40.040216378395826,41.27657364120429,36.02555157893943
52,42.852680485521326,40.941961593161814,43.86244837753077,43.20991172736885,40.711958502831465,42.03798304200611,36.80875461707035
53,43.55155006361879,41.60494831840541,44.50498239044762,43.94148229025113,41.36740291301957,42.80122244564619,37.69809115083587
54,44.32675579683261,42.19400082891472,45.12487456479735,44.57803141874814,42.04423977328258,43.447268568630854,38.42539770881569
55,44.97750717446757,42.762942424326404,45.73392187507049,45.18422652621858,42.83032846039842,44.202528308184895,39.18026045803224
56,45.61068828710543,43.36622299977809,46.321717006612886,45.81522521123688,43.5357278952624,44.79059815751491,39.91370048423934
57,46.156439597378004,43.938104117285626,46.93628511528595,46.36055881597463,44.187944050578146,45.43178694004263,40.60417758105383
58,46.70746177191189,44.41590736805181,47.48184196020458,46.89999356195103,44.812321875059666,46.01331337231494,41.251595477431614
59,47.23611510444935,44.97375717362367,47.95946612177641,47.45413195947543,45.512151062921944,46.67944289840081,41.96291325757589
60,47.87938561558409,45.539014876289166,48.4461448999456,48.03760260079466,46.13683764511353,47.33327584838715,42.61616627583104
61,48.4125829428857,46.07914774735209,49.06695799921275,48.55633215668032,46.717525921092935,47.94682440932791,43.28123755287181
62,48.9563945828141,46.536608583039516,49.52025658892567,49.05651512397663,47.30665384648254,48.51869529877935,43.89272398987784
63,49.555440484775325,47.009528373401686,49.99250602059992,49.54012296517077,47.94183873446811,49.12628873069994,44.432870499680526
64,50.0145725409797,47.41652606904673,50.553619293709104,50.07614994324633,48.454293501538345,49.66738454303925,45.060727535972276
65,50.5040548618936,47.88383354214808,51.026659600193256,50.53620350197278,48.972688456858116,50.17093171347553,45.65231256690598
66,50.91114185891137,48.231407929281765,51.50232759871356,50.9142336673321,49.41393874561721,50.65995096016508,46.23864024784503
67,51.36793704506415,48.60350138640646,51.901072851660416,51.32810630524768,49.89410314831894,51.1425074810269,46.86543735617945
68,51.84213042213281,49.05829982904541,52.302595767455486,51.69944129474743,50.40542903480157,51.61451159663297,47.39592795126877
69,52.28896054043095,49.42107675307776,52.67985581016199,52.17022869826427,50.902801873636285,51.99831618359219,47.92697337463583
70,52.69152994791118,49.867908000365055,53.06763083480717,52.56558203013655,51.31614064142099,52.471190869937935,48.44356576092905
71,53.12856114654061,50.17860636945788,53.43453260035867,52.95560939133952,51.70623852649238,52.853427310248215,48.96527229242241
72,53.48859055025875,50.54592774859543,53.83122422641088,53.34078852981364,52.07910113926402,53.33113451971892,49.492176040327706
73,53.85041706073939,50.87879325008512,54.215532190119944,53.742930394140664,52.47733942005676,53.72055349189713,50.01619297783804
74,54.26269516480187,51.227035116429946,54.55718636544697,54.129533050599434,52.940665834695686,54.06740430462595,50.48579500855418
75,54.581567763838414,51.545907329091875,54.99553288070395,54.530367762727515,53.348107157017985,54.49264900139942,50.929405091114475
76,54.9577922019547,51.91208698134041,55.32456800562334,54.90271262717643,53.73402653085086,54.858608939530484,51.42787058061285
77,55.37782829391325,52.30946650937908,55.659746094707266,55.20154118013063,54.13961462080662,55.24419665359006,51.86652026959596
78,55.74608600312384,52.64471004567724,55.982053320507354,55.569022400033305,54.509881108688774,55.5988949883386,52.33959782756627
79,56.13437809787762,53.029002997398955,56.26347415343367,55.9166356619213,54.96427019248456,55.95306796294244,52.689136937685035
80,56.49077797649852,53.28143127635082,56.5781588026941,56.248528364619546,55.24504541728077,56.31082046452923,53.076342053951805
81,56.80401396583282,53.555181576427955,56.84811576412078,56.52201277539608,55.601754077959534,56.64570760232232,53.50020067356294
82,57.14854596478801,53.81939384557551,57.17978882785468,56.831725301715444,55.91547207438444,56.958526449599326,53.79686625645783
83,57.52778033876326,54.09986414684384,57.45898036976831,57.069284640925154,56.194248440484806,57.278344668258505,54.222551407591
84,57.86441552186638,54.36115314690868,57.74342804095287,57.35009194119333,56.45886941061098,57.56336515708509,54.59141510545913
85,58.207302214001935,54.60007064089475,57.9785922308345,57.63425536290979,56.87492249598588,57.850933868751234,54.932842888464506
86,58.48830376228238,54.847622268729815,58.23843794333757,57.91732505797974,57.171596368860136,58.12615073982557,55.26554387170286
87,58.767123554481174,55.06498247000252,58.48325353400775,58.17551144800749,57.41827591653371,58.36376642806751,55.59447213351425
88,59.02333175014661,55.3515724880429,58.6916863065211,58.42467994037324,57.65240706117011,58.66465494952382,55.92769173581155
89,59.28855093123925,55.58122741457415,58.92056070618715,58.719897256531,57.918941518802484,58.89337827661221,56.23326377533265
90,59.54700644066552,55.872900782163,59.13734860447796,58.97401232787567,58.15930237602744,59.11469277508815,56.50093092444883
91,59.80395540344319,56.12641930642176,59.3304940352581,59.214939618909426,58.404204877047185,59.34459905385806,56.76629096990345
92,60.07330687397736,56.34433430221407,59.543558389248695,59.49229016052209,58.640930522941595,59.57600589805332,57.09180531048664
93,60.325556858651666,56.5591123073648,59.783774266299126,59.70683198457719,58.89125777850492,59.79837962440694,57.407595362061144
94,60.52565777909569,56.73214136009377,60.03053303698802,59.95354364925682,59.120742304882114,60.0476078176399,57.68457679184025
95,60.771888108882386,56.90208370779736,60.237033129290516,60.17309820133951,59.37670173629389,60.285640014262185,57.94299432884913
96,60.976239924049494,57.07625094191353,60.41138460683712,60.4132036010838,59.62362280097797,60.482371449197494,58.22125980212077
97,61.202381317118935,57.30597979012059,60.61016668515094,60.60437886663104,59.82433940819058,60.69610582790666,58.48024553485524
98,61.441848926773076,57.473293163050265,60.801138325741235,60.79692887061595,60.057671949003165,60.870354746055746,58.73447865999272
99,61.620281594442794,57.607283717377655,60.98154478142334,60.9615504429153,60.2759852544972,61.06674923066746,59.03801343079389
100,61.82921132589638,57.75045030321881,61.155863996029005,61.17166407495978,60.44491934266456,61.24981628075301,59.29214172807061
101,62.03370109215138,57.893915160967694,61.34355170575818,61.38456954546411,60.642603797352265,61.40322430622951,59.49327160674991
102,62.21649297123991,58.064119074060194,61.54831241692232,61.57367116346031,60.85976075220126,61.58588628988082,59.68936324285238
103,62.368842404548154,58.20680685996279,61.70709734957753,61.737566350689086,61.05612288049641,61.753061762527416,59.92013155049325
104,62.57385393466331,58.34442948597185,61.84700421291902,61.91620909906435,61.230603236891376,61.91684368333926,60.16222208473623
105,62.741195682380116,58.48650583900531,61.994121392682935,62.089015264676874,61.40961233104187,62.054944213901145,60.390759703871424
106,62.899661545754206,58.61452863224383,62.15573326676025,62.26386821514871,61.57161953691581,62.19614136122315,60.61727366997116
107,63.05317048949539,58.73438443044506,62.285569690021994,62.415199611052586,61.7281043543982,62.34174827072438,60.82232426116163
108,63.21159252140905,58.89729560038233,62.42493241259618,62.7212123690543,61.892128717229355,62.49406423282507,61.00155794775618
109,63.34323930882061,59.02597005962957,62.574758081579375,62.85340927164093,62.037844241438755,62.63139418980226,61.215255123710456
110,63.483669759787006,59.15788861244493,62.711291085145874,63.07474760364889,62.17987807935443,62.77196306052516,61.433643110862505
111,63.60950139005978,59.28563509696795,62.81677455379974,63.20606078069916,62.33097300527607,62.87943626566134,61.733145704565004
112,63.72304504627343,59.41241267430091,62.94789683778647,63.351408631312864,62.48904139837981,63.012738161523664,61.920378206428076
113,63.84668444368252,59.52704557897426,63.105229147890526,63.48577338379896,62.61932043012515,63.127082930362334,62.15156909521264
114,64.00022615033801,59.612713145278065,63.237539499105985,63.59726511392936,62.76731525158742,63.24269714874231,62.345542821483726
115,64.10794365682312,59.75554007205588,63.393270259127924,63.739507267120885,62.88431918835023,63.35118213597822,62.51733298807248
116,64.21841826090277,59.8791969761734,63.5020246115973,63.86711898671019,63.0179676704962,63.47554439930316,62.68160326594951
117,64.35213024516929,59.99537674995942,63.60975000011761,63.97970525001506,63.157684343059415,63.57452513153149,62.85008784846768
118,64.46649252398456,60.085978240907615,63.71533858268927,64.11115549716476,63.275043635916994,63.696031608786754,62.99859415961979
119,64.55108450591963,60.17931686009616,63.81429783291745,64.22126544833874,63.362718487704406,63.77278040052424,63.162251465862674
120,64.67042014363672,60.263839259568954,63.92873942478058,64.3442336018367,63.473229254378374,63.86882061554996,63.33062067877342
121,64.768925200432,60.35313039565854,64.02894788243856,64.45774107864997,63.5924808602369,63.9609408706324,63.451868701368284
122,64.88146745226896,60.44927762824089,64.1189687741531,64.55391321876853,63.70593709012774,64.04372347459264,63.63594066171233
123,64.98557332827984,60.538843053471915,64.21553782599715,64.63687981822119,63.82414958912758,64.1178473313331,63.75883311025308
124,65.11294887834977,60.63926811574159,64.29284388569585,64.73594167144124,63.91657598372874,64.20313814221059,63.900024195646054
125,65.20558852335161,60.72100353754235,64.3753999236894,64.82344720486925,64.02600753643397,64.30204635611702,64.02147521551441
126,65.31235172301864,60.795808195476795,64.46387989740978,64.91013564336863,64.11455049106782,64.40063500956599,64.12254626283702
127,65.40570902803186,60.877444807398696,64.53754643349245,64.98888497564185,64.20306525015208,64.47593967291868,64.29422019347054
128,65.50226655440727,60.96619345073101,64.62630380734046,65.06746385509449,64.30314044414732,64.55667976447573,64.40056057617232
129,65.57846376607264,61.03043041943448,64.7104763752771,65.14598154230147,64.39374205220915,64.62540278359626,64.50335338082598
130,65.66171521862752,61.092055626868415,64.79707099477355,65.21909707752538,64.4873992041615,64.69743807025078,64.60851220196601
131,65.73837561830247,61.15270591929368,64.86575421949343,65.29980556149034,64.5732645829846,64.7568310776194,64.70845442294129
132,65.79688468935502,61.21719787016717,64.93017797424505,65.36602843516036,64.65165675107774,64.82436531649059,64.80388507833294
133,65.86633954930056,61.278405761204226,65.00319019174721,65.42365117631122,64.72964718959483,64.87611559206368,64.91616320113305
134,65.93742388112672,61.332092373846805,65.06204078418747,65.49825534796786,64.80574976212216,64.93243543954729,65.00895717334794
135,66.00815234176218,61.53324849013369,65.13909496035305,65.55340816465163,64.86412447396172,64.98507790475134,65.08807374650517
136,66.09500417451278,61.60002457779539,65.19600156686971,65.61452145480837,64.94511090022581,65.04257777743945,65.19194091015649
137,66.15910803060592,61.65491068590524,65.25042720112361,65.66953072131471,65.01692791267348,65.1079616453766,65.27313526394026
138,66.23323357503307,61.71228969783469,65.30797631409172,65.71505441905458,65.08261178848576,65.19506971283606,65.4933567048611
139,66.30660899471033,61.766185532137655,65.36062788674926,65.76262059209051,65.14666283369667,65.250261985283,65.57793834382736
140,66.37115948133213,61.83776769585555,65.39553814701978,65.81541176165068,65.20766374972192,65.30923871344463,65.65600940315917
141,66.42696899371359,61.93994801450876,65.43961211002936,65.86685451046208,65.26675903642086,65.35886395883603,65.73710274945182
142,66.48016396415993,61.99401713943541,65.48964163204597,65.91835980756177,65.31801184417233,65.40942776911619,65.82543513312294
143,66.57121262646629,62.03618373967969,65.53892743426205,65.97182136911114,65.36597555036947,65.4628384635333,65.89805757317332
144,66.64236617087111,62.07407426899585,65.58761783853863,66.02297416558831,65.42912142467253,65.5105540841579,65.97067295418837
145,66.71182737023689,62.14286470881149,65.62520511989058,66.07099572379634,65.47710529990589,65.55753042281576,66.03549899665315
146,66.76510748059206,62.18970370435499,65.68360976698331,66.11438335776776,65.52823961349523,65.59601668776213,66.11581842250918
147,66.80135626665698,62.23483013181584,65.7208932689728,66.15378322902967,65.57970384731897,65.64246542884894,66.20736793321966
148,66.8510931183851,62.26750987156229,65.74562218975387,66.21390793714798,65.63560199299398,65.68295718313891,66.27179839160713
149,66.89189169340109,62.32506259179068,65.79243926854579,66.24626961624786,65.67985073094539,65.72520317393399,66.34016054973121
150,66.93290315281413,62.379949476382826,65.84193832701786,66.28873266494384,65.72546122183178,65.76570527316237,66.39508580466688
151,66.98208601481464,62.42518326092831,65.87363121922925,66.32701371586442,65.76702435244437,65.80751760273944,66.46113542547045
152,67.02218382943185,62.46943252086605,65.9057422607922,66.35830181615898,65.80852965155083,65.84743730151145,66.51086247385246
153,67.0586220013775,62.496910112174,65.95496506214222,66.39319237078018,65.85700778462147,65.88664883615681,66.59847770046963
154,67.09262803312686,62.530949073059325,65.99990185459488,66.4250969450455,65.90852872589558,65.92622963118986,66.66475643671937
155,67.13536519381009,62.56878717476697,66.02663442792725,66.4605160004564,65.9467297163024,66.06635791622199,66.72515556885344
156,67.17205351167614,62.60117810192375,66.0611863612781,66.49151094085373,65.99320654069818,66.11664498157602,66.7775805312869
157,67.21086717541878,62.63634081189839,66.09372872134679,66.52195840992121,66.02397706071572,66.1519316628124,66.8167711447919
158,67.24165541073671,62.66887033744308,66.12182166635165,66.5683233784106,66.05238832838103,66.17823011227135,66.89408983886058
159,67.27901387319247,62.69899792838511,66.14789937665549,66.60609472872626,66.0797920034922,66.21666842117085,66.9400177099174
160,67.31114077555685,62.752683500153374,66.17384512582318,66.6271871677144,66.13798419904022,66.24785514846265,66.98804324903479
161,67.35064170404446,62.86659839369607,66.22549283973122,66.65818472733467,66.1681311972856,66.27798291479208,67.0505461732757
162,67.38271313752342,62.910105890132115,66.2440577290451,66.6851884173702,66.2000470332724,66.30586313474669,67.0980351457848
163,67.41101629378133,62.94835800238665,66.26804596297093,66.72141530113632,66.23067922230382,66.33789392993162,67.16058738887347
164,67.44177123708072,63.01430353242291,66.29296341897978,66.74927511651192,66.25910678945426,66.36671177535793,67.20326020556826
165,67.46608313726325,63.04519656909032,66.3281636893034,66.79450977328531,66.29228178453583,66.38526334756779,67.26159830984287
166,67.48856367477549,63.072198782448105,66.34787426173321,66.81972413682284,66.31850626667467,66.40976637141826,67.32084086237296
167,67.50957551967238,63.093166109390296,66.37911844248586,66.84945959474831,66.34348933739734,66.43564959129026,67.35708183799858
168,67.52924523747822,63.11823989170784,66.40606632752903,66.87081013824387,66.36879386552923,66.48008341583551,67.40259538474675
169,67.5568639766815,63.149232615817006,66.4287377783269,66.90490818570285,66.39700736171429,66.50321269988508,67.46130796207595
170,67.58532315989683,63.17774832063079,66.46674763861947,66.93321115768038,66.43178568272077,66.53066251557397,67.50544011973565
171,67.61940090401016,63.20435858971868,66.48954319707731,66.97025887170965,66.45681269308021,66.56128409103464,67.54852639957049
172,67.64405738407164,63.235355289276626,66.531230243245,67.00072867679187,66.48760675621145,66.589628094189,67.5922262603606
173,67.66623777952005,63.26479385009031,66.55592042049462,67.02785257025128,66.50637358467877,66.63676170082367,67.63348051993307
174,67.69046728136875,63.29497785594174,66.57938993615986,67.05734491240855,66.54142398390525,66.65886171116837,67.68489312310538
175,67.70755635273409,63.32169682506136,66.60496569866618,67.09588065305024,66.56667936365885,66.70128585797745,67.72783138855901
176,67.72945174072609,63.34730698675576,66.6213799023312,67.11495872614161,66.59384493707626,66.72499494214948,67.76156846456337
177,67.7488888442638,63.37267633574126,66.64895812708308,67.13370336067987,66.61134807466324,66.7268942825902,67.80272674752608
178,67.76569484294055,63.40376676896224,66.66008514796299,67.15982016710196,66.64966208752885,66.75281501672843,67.83798873345843
179,67.79243718024235,63.42628775944183,66.7209895622471,67.18490587238009,66.67585276375284,66.78426595487585,67.88624931755633
180,67.81122748507428,63.443165121704595,66.74656415747447,67.20872255289026,66.69646781634162,66.80730163538331,67.9151118347203
181,67.83175969669026,63.469351578047586,66.76134009470458,67.23024485399874,66.7162513741951,66.82331973216131,67.9491571357924
182,67.84863433428794,63.48997428590175,66.78900993721493,67.24505786071367,66.74398027674671,66.84497797774803,68.00884607696604
183,67.86659371721035,63.499426206808664,66.81168833475907,67.26378846605361,66.7633678343567,66.86069224736492,68.03262553932673
184,67.88702344869411,63.51798889370165,66.83418417496276,67.28753036497508,66.78729608719014,66.8878771854184,68.06961643278137
185,67.91307346893292,63.53780953299156,66.85046983044457,67.30667823243478,66.80864717046613,66.90523935181602,68.11447297463137
186,67.93388997683263,63.55480424674372,66.87731207709335,67.32597155329282,66.83576175012276,66.91817671523943,68.15282691167964
187,67.95236489050913,63.56434845015816,66.99481565113746,67.34517865505715,66.86523393059737,66.93598792658098,68.19251924167797
188,67.9688263119739,63.58086207458711,67.02074372006322,67.36374032561832,66.88415066532642,66.95385219206256,68.23539559070366
189,67.98656093887706,63.60072380449978,67.0383551202427,67.38215623958172,66.90927159164961,66.96784839914199,68.26726214870226
190,68.00005723765433,63.61877781739788,67.06158468686638,67.39628283133233,66.9323708391912,66.97921219369596,68.33001654462949
191,68.02040559054895,63.63050017820613,67.10009903235455,67.40764150038471,66.95127902650991,66.99915552453604,68.35317114730285
192,68.0356657612791,63.63749560693953,67.15587444918111,67.42357942104684,67.0653901394954,67.01139418810924,68.37460149129296
193,68.05198186383771,63.64956617866756,67.17529045288232,67.43441621456007,67.09828437731838,67.03047904534884,68.39737192528283
194,68.06678262377646,63.66438838042641,67.23767899875004,67.45232792577642,67.11182266852869,67.05085309241359,68.42313434094541
195,68.08564846953752,63.67797878348198,67.26733029170633,67.46587314141613,67.13180838208287,67.06495498170045,68.44489985642764
196,68.09996235778931,63.68760799347197,67.28139982917214,67.47698111003271,67.15354308877184,67.07960191187722,68.47391688101744
197,68.11368902212634,63.703213034966964,67.28977012449647,67.48968216038327,67.21665562051739,67.09369846163628,68.49142107517063
198,68.12884551262614,63.71089088896347,67.3187245903505,67.50466619744913,67.21717609295463,67.1118280350668,68.53429375325541
199,68.14212813319753,63.72366826224671,67.34268959737194,67.51950843479031,67.24630460163233,67.12305577891287,68.55643322075275
200,68.15772218532929,63.73781363290954,67.37238889742792,67.53179656529825,67.27595739897808,67.13398406816405,68.57389401959901
201,68.17132205799417,63.74908570519332,67.39870048252975,67.54607105723635,67.28771153989283,67.14722200786393,68.60109133560897
202,68.18849689705144,63.75924358309003,67.4167493237463,67.69610186476022,67.31116998346215,67.16127748562025,68.62388697619527
203,68.20261201562738,63.769528932468745,67.44156293206086,67.7098012231506,67.32750828034278,67.17135803818772,68.64376333694487
204,68.21763691822677,63.78228221761818,67.46183629105951,67.72167509649239,67.34457240969242,67.18291094554107,68.66251241062054
205,68.22947267060744,63.79443524397499,67.47945050392566,67.73215165186949,67.35777114086649,67.19621397947611,68.68088165029842
206,68.25139311647283,63.80731221087361,67.49874260170792,67.78851318840985,67.3683991577195,67.20512248159483,68.6945590789883
207,68.26574785087695,63.817201117058445,67.52874209598663,67.80420246824522,67.38651471618915,67.42134332868987,68.70735181048056
208,68.2748282066979,63.83051934004115,67.53895977015355,67.87641192586716,67.40514388245434,67.43362889544171,68.72099773776307
209,68.28358518049417,63.83779282750404,67.55975761107976,67.89130078323197,67.56753118920555,67.45053090919222,68.74329964039597
210,68.29447187400301,63.84849854999069,67.57743047005404,67.90101713245168,67.58518037650286,67.4618927480635,68.76634943867721
211,68.30776801328557,63.853744979803395,67.59577923414355,67.93616840483044,67.59868886909214,67.47325380093017,68.78211770973387
212,68.31693345686195,63.865411174459766,67.6150864869271,67.95364173863759,67.63004136341313,67.48699975712209,68.79833889931247
213,68.3348856371605,63.87435321796673,67.62989225187033,67.97576306586922,67.64216511913499,67.49639454487328,68.82574106970598
214,68.35043462345706,63.88147358591868,67.65343914164961,67.99283166061969,67.66335503834976,67.50793258999838,68.83982721499399
215,68.35826144251686,63.89655421656465,67.6634403521153,68.00639997654297,67.68361666139212,67.52053540895274,68.85449167891105
216,68.37514133301892,63.905089752238496,67.67428060323594,68.02795465994335,67.71043352531618,67.53376598466814,68.87296715226994
217,68.38626044764615,63.9138069762264,67.68824750761416,68.04910901656423,67.7211809678339,67.54474882820875,68.89208855493033
218,68.3959738423118,63.922068753701126,67.7010062203954,68.05747126284538,67.7413253397209,67.55734713235306,68.90869616316311
219,68.40382946975996,63.93163506163017,67.71528056370708,68.07889822392936,67.75478674481049,67.56864238608296,68.92468910353902
220,68.4295501722044,63.94050971660648,67.72874678187479,68.18901022408183,67.76611647561198,67.58254045816689,68.94478996029804
221,68.43948261462782,63.94888189228693,67.7401883730236,68.20862361660255,67.78860506250484,67.59294847329355,68.96251752291015
222,68.45126281685897,63.95657477946134,67.75861437946588,68.22330661628195,67.80072139626154,67.6036225352484,68.97506665873817
223,68.45984382264629,63.9640036174384,67.7714919134134,68.23546920063349,67.81602513934082,67.61331613356937,68.99286289220215
224,68.47094691761295,63.97559445764976,67.78664716770203,68.24335613970345,67.83265613128617,67.62391986977978,69.00904484984952
225,68.47971038625622,63.9850302574658,67.80280091687659,68.29933648112993,67.85032181745365,67.63101985939963,69.02653065563777
226,68.4904632902315,63.99304045262617,67.81852313435093,68.31896640131374,67.86644417472165,67.64250832317954,69.04064579012508
227,68.50137870416643,64.00080693228308,67.83296878219979,68.35537741427115,67.88146972500354,67.65600770840813,69.05439885274458
228,68.50977378287205,64.00782626600261,67.84739818969608,68.37687379274958,67.89529762963342,67.66518698267188,69.07009708349402
229,68.52292298980827,64.01654538622034,67.86000548371112,68.3997689873904,67.91806370733755,67.67459136138349,69.08282791557974
230,68.53664185625942,64.02344121901696,67.91208368030763,68.41628594739078,67.92811102736552,67.6840397188951,69.09646657362876
231,68.54685573909518,64.03075731944372,67.92578742697175,68.42898355155467,67.93787195044929,67.69378769345764,69.10834301818814
232,68.55432641195736,64.04080640788308,67.93760677614819,68.44027210581665,67.95106354476167,67.71942488827196,69.12563314342539
233,68.56419205809294,64.0509301518727,67.94693456122519,68.45485592028757,67.96536321725948,67.73475829756356,69.14322430855245
234,68.57405303084792,64.05820875843516,67.96078832124999,68.47635158983981,67.97740355887599,67.74408593588124,69.15752765351667
235,68.58721622624839,64.06604426005012,67.97367336053235,68.49128718064442,67.99261940258259,67.75801218225595,69.16957845942987
236,68.60008374096991,64.07850178830579,67.995883866018,68.51044347712133,68.00533906384838,67.76598555108963,69.18011802667156
237,68.6538263573896,64.08741964715261,68.04919021631055,68.53467201018125,68.021099177272,67.77800776986463,69.19715310378186
238,68.66844299777343,64.09671708941565,68.05940420701718,68.57470218579955,68.03300920272352,67.79245798838599,69.20938513588598
239,68.68660397859499,64.10498284697184,68.07444134217053,68.60226997116678,68.04437918743345,67.80348222263075,69.22475281995892
240,68.72629909668517,64.11663736756677,68.08743786172154,68.66413532543335,68.05474723266269,67.81360283801122,69.23336552374558
241,68.74459443188658,64.12499748257302,68.10371610186466,68.68585396715508,68.06713402353911,67.82409458463758,69.24626448378746
242,68.75785214256648,64.13251839005079,68.11532254648937,68.70845650317327,68.07879088959832,67.83973741508763,69.25825982704544
243,68.76352310369231,64.14391735302124,68.12807731228708,68.72726163708126,68.08857959138635,67.8469695949807,69.27466232854067
244,68.78861441357787,64.15316551790504,68.13910541228995,68.76004306879115,68.10174144503586,67.8573400794189,69.28490375643261
245,68.80218088244337,64.16474458762829,68.25971275763472,68.7734621880091,68.10902345802204,67.86656650454911,69.30139655650467
246,68.82950341864296,64.17171604838371,68.28204934726745,68.80562346861223,68.12178582385897,67.878214367736,69.31572965112039
247,68.82895814068299,64.1828878589532,68.29998139112497,68.82689005578578,68.13652331023692,67.89173178938653,69.32954670006288
248,68.84101656368532,64.19240516001646,68.31174771305824,68.86278220560754,68.14868772595631,67.90054097983636,69.33984356065196
249,68.86570879856822,64.20261555099168,68.33652405641804,68.88355219933078,68.1569593614528,67.90956054716311,69.35211158442169
250,68.88370411877018,64.21396489051625,68.3499374598174,68.92719757448667,68.16908138532311,67.91818639097632,69.36855202490513
251,68.89599618138463,64.22186991321679,68.36617679201422,68.96456416089632,68.1832410985599,67.9296450487622,69.37711836900253
252,68.90913561246509,64.22890566791362,68.38427590282645,68.98806090624696,68.19475712149188,67.94128460504166,69.39504154915947
253,68.91767096723501,64.26192727229977,68.39722712516492,69.00083268388036,68.20581232113861,67.95464566423858,69.4066299942466
254,68.92950786961437,64.26892424031416,68.4215980840659,69.01758391216116,68.2180534759596,67.96547605955341,69.48558801780244
255,68.94273819367507,64.28277268077385,68.4487054950912,69.04843414752285,68.22703673966409,67.97908957307082,69.49629374147342
256,68.9605968063617,64.29185858547095,68.45764448540066,69.06623754121726,68.23640320771543,67.9869118040147,69.50928698904278
257,68.97448196350594,64.29848744248473,68.48758601479226,69.08342360937344,68.24794079332152,67.99581758449001,69.52573912517886
258,69.01055428138338,64.30907191279107,68.5048503820893,69.1055445694702,68.25713992713806,68.0070171730116,69.53614613711696
259,69.02165875325667,64.3187287778486,68.51742207551052,69.1281856488861,68.26634441729738,68.04231561775264,69.54945960646972
260,69.03965061694865,64.3317036469685,68.53793756341942,69.14484773492069,68.27625354597365,68.06496864419964,69.55958293374199
261,69.04949347137725,64.33693194685668,68.55092678635874,69.15974551533975,68.28804766308252,68.07285377899653,69.58925406308465
262,69.06715145856539,64.35041093487574,68.57022213594087,69.18872133542402,68.29740778246011,68.13725666817776,69.61432734942244
263,69.07806146142204,64.36082222981372,68.58520383489615,69.20701458729798,68.30805126350337,68.29136271967008,69.62656486790303
264,69.09813029329275,64.37165036510531,68.59948891522355,69.22837579337754,68.31503097721044,68.32558424500245,69.64049615855598
265,69.1159867770929,64.38093730976178,68.6123031165699,69.24341631295701,68.32725611677704,68.34207604989388,69.69741551157303
266,69.1318419282471,64.38998360332016,68.62716109735632,69.26206786824767,68.33686006162982,68.35495643970954,69.72071492166016
267,69.14475044102878,64.40052342465943,68.64683628888298,69.2794724794924,68.345355797822,68.367959704956,69.73441538073412
268,69.16057948228557,64.41203789251404,68.66194538993233,69.29929367710665,68.35611994598975,68.3818887292621,69.75969119773059
269,69.17375729113044,64.42387690571253,68.6776621102371,69.31504427560468,68.36746611364435,68.39241153679559,69.77266607645034
270,69.24192604255799,64.43594592046128,68.69363130517462,69.33600460976106,68.38171478670805,68.40699725629871,69.78634717755642
271,69.25512683297741,64.4469764350263,68.713357190113,69.35269897730532,68.39426829717976,68.41875841773842,69.80809007360509
272,69.26589302359947,64.45707012689634,68.73132359592587,69.37256919260909,68.40286370225466,68.43113502662337,69.8283072407158
273,69.28235767822594,64.4681963027944,68.7463205290273,69.39433961568935,68.41759330463061,68.44537521796107,69.84112350705686
274,69.29384033103317,64.47819350024837,68.76848792034167,69.4108567658,68.43092828392595,68.4545250824334,69.85348467887131
275,69.30592732938366,64.51613173835902,68.79336704539993,69.42794483853505,68.44288961847492,68.46833286435387,69.87229993327077
276,69.31726545945656,64.5219117799398,68.80747086880798,69.44662953610397,68.45163386107734,68.49414054162422,69.88456965979661
277,69.32946522187673,64.5383617069685,68.81953961103791,69.46851791678404,68.46336704359078,68.50724895869483,69.90266985594235
278,69.34500853130709,64.5492721890841,68.83715787758142,69.48596092319026,68.47300194333366,68.51816286311053,69.91679249828735
279,69.35634908520093,64.56291879370498,68.85150106932369,69.49909798674712,68.48422478655655,68.53170366273818,69.93075457992401
280,69.37162334305073,64.57311378973175,68.86830467003071,69.5133107516428,68.49540400003465,68.54287027328367,69.942758363429
281,69.39116169393174,64.58526665244412,68.88462001487775,69.52756191055188,68.50646522605847,68.55554382438166,69.95700999705772
282,69.4058693998448,64.68029586279935,68.92273330551201,69.54236898836966,68.5168761483028,68.57167811530019,69.96911911644352
283,69.42264971565442,64.69221637082575,68.93973056733032,69.55840121835595,68.52514319200793,68.60745032107954,69.98430879401184
284,69.43977579037086,64.70222599917459,68.95605138956138,69.57697390026199,68.53694433935418,68.61893085414926,70.00002792244997
285,69.45470063780282,64.73280129949906,68.97210505690627,69.59371465383853,68.54562527187217,68.62993181224486,70.01179745062312
286,69.47008128466477,64.74389763403367,68.98900226626047,69.60730061148013,68.55801081810003,68.6426377645363,70.02661577060563
287,69.48314483638114,64.7545601629466,69.0061834300769,69.62148162483352,68.56602735368382,68.65418405381672,70.04479764358479
288,69.49910872341218,64.77023788992658,69.02095759144916,69.64902933926415,68.57525090162396,68.66986117765263,70.06088277693733
289,69.51272411610948,64.78673254990578,69.03416714119366,69.66617341723098,68.58489713200487,68.68266581610065,70.07080199781778
290,69.5266850618405,64.80238671898057,69.05365013380822,69.68534190351744,68.59523808561325,68.69285008082474,70.08151647387827
291,69.54203649013998,64.82648913094971,69.07088952440017,69.71041865212136,68.60744912633115,68.70689122358422,70.10083347899847
292,69.5572702917796,64.85602688966455,69.08845227756912,69.72596828689322,68.61711518598062,68.7184638278351,70.11390771944113
293,69.5765705864696,64.87512496654291,69.1033487528648,69.74289372103021,68.62653451885195,68.73206076850313,70.13358472182786
294,69.59351821617025,64.88738519601678,69.11978659211748,69.76222624066097,68.63594755588046,68.74411925432,70.14690345648445
295,69.60841971317548,64.89383756473714,69.13649647678619,69.78323190001257,68.64725802810761,68.7603211996312,70.16528691367171
296,69.62353710665717,64.90878988861984,69.15592110484505,69.7985762180488,68.65901083382246,68.77595958162011,70.17824862379669
297,69.63613723345578,64.92252444285442,69.18468324718347,69.81707861316661,68.6676998397793,68.79163773671554,70.19082192257731
298,69.65491379933428,64.93846248978444,69.20055291617355,69.83417610053236,68.67905730417493,68.8085352689805,70.20557213840866
299,69.66698710409193,64.9595529752662,69.21468987939623,69.85124900597063,68.69023399980502,68.82231999755088,70.21707094975459
300,69.68825122926057,64.97432495108883,69.2275593035823,69.86626811912492,68.70147293899201,68.83599781624761,70.22901999941092
301,69.70391114090411,64.99778059032649,69.24128791154988,69.88023782600213,68.71293711130842,68.84885604329848,70.24595501023975
302,69.71823786771925,65.01563404534197,69.26241147662529,69.90044891786764,68.7251263408477,68.86312448968265,70.25974485407525
303,69.73357833992968,65.02496943853656,69.28202767071744,69.91929173856467,68.73427207757436,68.88055747379855,70.27345943217472
304,69.74964837666724,65.05052497008704,69.299153997345,69.936172073752,68.7467687564844,68.89257042162856,70.28274545123433
305,69.7633010884426,65.06282549903894,69.31932546373488,69.95376618432809,68.75613869928479,68.90282752779055,70.2951194669187
306,69.78167069458628,65.07601139504499,69.34399602315949,69.96809056918286,68.76861196905998,68.91472702259622,70.31117124075833
307,69.79434547566034,65.09069426167812,69.35441634689795,69.9871213714657,68.7805373582902,68.93341728326169,70.3220907262385
308,69.81070367717328,65.10665606765245,69.37738551173898,70.00622768006716,68.79489236603908,68.9473018998187,70.33626812915145
309,69.8292549384452,65.12108843624522,69.4055306090726,70.02282715387994,68.80430119926645,68.96333575090193,70.35033154661998
310,69.84478509717455,65.13208420638385,69.42671326914903,70.03983841438563,68.81660946585075,68.9846039543938,70.36307876150495
311,69.86041651446322,65.14623136449389,69.4445228195458,70.05580712960464,68.8270393716815,69.00066769590518,70.37662701708146
312,69.87544133173424,65.15739788289656,69.46210277370926,70.07438484523611,68.84472164507677,69.02005573108747,70.38846151460243
313,69.89581237346322,65.17117180640321,69.48351506908419,70.09607054316363,69.04033079333723,69.03802230518102,70.40100639908997
314,69.91326671757248,65.19158104873068,69.50610925953237,70.11314374104433,69.05475635815705,69.05175756157595,70.41070831486604
315,69.92632834399797,65.20382793881141,69.52106819907262,70.13759412884963,69.06612488916144,69.06465212105222,70.60434689466378
316,69.94310714683283,65.2216116230048,69.53819057903897,70.155390009617,69.07842760710338,69.08463812624709,70.62002492605065
317,69.95698803495627,65.23660091328074,69.55595468471329,70.17308833841821,69.0920522678441,69.10558039174929,70.63328023306528
318,69.9750368441242,65.24928357412202,69.57007324053237,70.19135679834842,69.10335692548571,69.12181543802063,70.6449014905485
319,69.99089434353675,65.26212961616253,69.58762455670976,70.20699054831485,69.31320373203033,69.13854157952865,70.66023810422293
320,70.006508308659,65.27267567937838,69.60335737051115,70.22566421502181,69.32484411052513,69.16229153000135,70.69251894894694
321,70.01912340761145,65.28670426809917,69.62138318353183,70.24836917959622,69.34042917224671,69.17963301568231,70.70409978912177
322,70.03519451771054,65.30066277717896,69.63724362248985,70.26609499159676,69.35320709408674,69.19411018425694,70.71644866335821
323,70.05883661382694,65.31421569750357,69.65071973738807,70.28524962575817,69.36799014894459,69.20924524604668,70.72605341989689
324,70.07107314496793,65.3275596929437,69.67298370640408,70.35390919288741,69.3840409692514,69.22813572413712,70.73772348403295
325,70.08770675876724,65.33882075303491,69.69151493396727,70.37483836228519,69.39922953343651,69.247561805278,70.74832539420277
326,70.10648741995561,65.35436950978684,69.70796246939658,70.40869032130195,69.41333119964246,69.26168169922876,70.75801397366223
327,70.12091051026813,65.36911581103409,69.72905072439761,70.4316106666412,69.42168740849796,69.28013233028989,70.78784323732684
328,70.14247559889628,65.38234603504502,69.74759623624732,70.45433557001125,69.43743748177036,69.29648568243923,70.79959286192641
329,70.15510557018446,65.39328489592243,69.76474395199435,70.47382712878623,69.45478148075586,69.31203806214435,70.81194964122696
330,70.16868594953957,65.41283386294798,69.77898512003476,70.4933279195886,69.46794586949301,69.32590667516281,70.82928522862329
331,70.18277702524783,65.42790750945878,69.79551793263447,70.51348319863007,69.48217347927087,69.37611793228841,70.84366875695821
332,70.2005483715087,65.44585786216787,69.81613886168162,70.52990720170126,69.49460135468804,69.39417901366757,70.85733197464657
333,70.21565692216406,65.464434223778,69.83195387840667,70.54885443146706,69.5061593500814,69.41106441382377,70.8714203185723
334,70.23330996121791,65.4837337960003,69.85571636101376,70.56703133978803,69.52682727522543,69.43211814441733,70.88805754594402
335,70.2488569694741,65.49562637562549,69.87579836723093,70.58162768017401,69.54055764356075,69.4511963347031,70.90011092258584
336,70.26565354004919,65.51064356887491,69.89420718808083,70.60064281647519,69.55903975422811,69.46544168406531,70.91386572774678
337,70.27908747738378,65.52777155173312,69.91072767979685,70.6175128052821,69.57397092942192,69.48715406197475,70.92679122958373
338,70.29720443246845,65.54196630196442,69.92832783082083,70.64189398356184,69.5860381288918,69.50406087821487,70.9398710354919
339,70.30884954887082,65.55762475943034,69.95292753371606,70.66701890627476,69.60109461345291,69.52489312784304,70.95434066873287
340,70.32534155932552,65.57642736159191,69.97128870012779,70.68703392470002,69.61553351122072,69.54033702671981,70.97289186620239
341,70.34076982472224,65.59419274307058,69.99173084388863,70.70598491567478,69.63044878838843,69.56858593038378,70.98704963057916
342,70.36023097987007,65.6154981312642,70.01679505658288,70.72906243782384,69.64867517680709,69.5890703489128,70.99842847122598
343,70.37459824159492,65.63198583859366,70.03329424133688,70.74964785059278,69.6623373547753,69.6096054799535,71.0121642564669
344,70.39575865473765,65.64928198794819,70.05072031625976,70.76799666173899,69.67769859911824,69.63394808159134,71.0293552813518
345,70.41479068728174,65.67167355721692,70.06772313963299,70.79425432207984,69.69467231222976,69.65429524468881,71.04395186483707
346,70.43823330909143,65.68081375176523,70.08597961587122,70.81768958392479,69.70950532657601,69.67139578172996,71.05607462443972
347,70.45331875378857,65.69899526968055,70.10234122624367,70.8364646100699,69.72443727993063,69.71926869165675,71.06788097760858
348,70.46934852721103,65.7232837361622,70.1221190577721,70.85639976877879,69.74311344354453,69.73612854396895,71.084396484068
349,70.49419051754325,65.74501068080723,70.14198805611514,70.87530598437891,69.75531145823359,69.80912852854749,71.09835579281143
350,70.51300657338523,65.75914852613958,70.15824990784387,70.89971066050987,69.77384661359602,69.82541531536124,71.11112408647536
351,70.526245298734,65.77878701256373,70.17579590455209,70.92079574392405,69.78837453336074,69.84578323265536,71.12974211497159
352,70.54545986621912,65.79986783957676,70.19775857443597,70.93905720443253,69.80474256608221,69.86860561354004,71.14534554466982
353,70.56483812996228,65.81863404488327,70.21667882061904,70.96230259901175,69.81996229249557,69.883237951486,71.15811540092812
354,70.58152180019627,65.83456789843254,70.23985633754596,70.98332360750521,69.83353951195525,69.9117860188462,71.17389176442056
355,70.60183029514575,65.85196727248888,70.2581678988201,71.00366435531774,69.85195915376273,69.94048380685643,71.1889675016278
356,70.62171085295836,65.8730143541255,70.28593312766611,71.02008981346818,69.86565431574628,69.96242420523109,71.20245509159507
357,70.63826704133852,65.88597932921354,70.30521952423307,71.04778507255618,69.8783794622626,69.98047321779553,71.21965562090637
358,70.6540316584269,65.89182298288041,70.32977093344631,71.06771541778437,69.89386405700921,69.997339797077,71.23336393106568
359,70.6695673229359,65.91147428586336,70.34822132292959,71.08910031832562,69.9083024069204,70.0152038966902,71.24532074816355
360,70.69082547721301,65.92669657156765,70.36477687068225,71.10302089995461,69.92042912624795,70.03594639339033,71.25677676141387
361,70.70306964873267,65.94462379206269,70.380962573165,71.12374422530543,69.93409023267161,70.05542412896547,71.27133406536183
362,70.71772393126363,65.9572140349227,70.40053306956821,71.141419588851,69.9459621230795,70.07120267404126,71.289395672212
363,70.73802161396685,65.97953474850377,70.41916416967413,71.1597592367077,69.96038439768627,70.09238767841966,71.30613825898321
364,70.76068630061599,65.999898325469,70.43918545632548,71.1857225071179,69.98516968110341,70.11317610330391,71.31920722529456
365,70.78483734635836,66.01563495682842,70.45814731852056,71.2040302425683,70.00204798275911,70.13435140788252,71.33411487263828
366,70.80222616376139,66.02748195870515,70.47877322569902,71.21886601189156,70.01375595246083,70.15612443424101,71.3503143971032
367,70.8219101245541,66.0416372378215,70.49484707320082,71.240193668542,70.02769069057506,70.17241230636817,71.36615998142719
368,70.84276670082532,66.0588245824805,70.50920274918691,71.26216575233695,70.05764730667732,70.19152449012807,71.37870844879642
369,70.86478261656832,66.07600656466992,70.52840683249245,71.28726565694994,70.07120797398164,70.20659236528314,71.39039210558914
370,70.88808806721157,66.09656304622597,70.54744279033181,71.30972296844558,70.08589504278902,70.22150350035194,71.40468137751493
371,70.90491596442386,66.11243353832289,70.56893889389544,71.32779677379153,70.10698130782994,70.24200188357798,71.4196523147414
372,70.92409638712788,66.12937021075925,70.58559087124111,71.35211411859902,70.12479358307452,70.26501663926611,71.43586584333126
373,70.9405482163331,66.15016472216412,70.61109766391564,71.37641094614573,70.1406429788997,70.28410604460373,71.45013972945546
374,70.95642205986007,66.20377688707707,70.62951178461338,71.39833817600376,70.15586369107822,70.30451527429894,71.46871012537571
375,70.97649384053051,66.2264630639712,70.65046273820636,71.41942636135212,70.16726098562467,70.32514038841876,71.47996450933105
376,70.99283779318498,66.24364350842129,70.66811368583777,71.44118574491618,70.29142125377838,70.34710037553131,71.49703169216058
377,71.012700340256,66.26269777339981,70.68688488358633,71.45995480976472,70.30731495846166,70.3664234163262,71.509167729553
378,71.0322983918378,66.28130081805882,70.70586431796093,71.4772188006445,70.32233389062735,70.38632945658098,71.52565910151846
379,71.05257731473668,66.30615964244706,70.72782367153998,71.49737704989872,70.33939195701714,70.40687201892266,71.54310182298424
380,71.07267338064736,66.32925306736476,70.74789698258515,71.51427246910453,70.3715392089351,70.4242085930709,71.56212225594116
381,71.08889591816742,66.34483255693692,70.76907539187786,71.53779591028007,70.40518246581807,70.44408964421422,71.57926112092629
382,71.10820516766626,66.36726528720563,70.78532596441546,71.55785470135679,70.4218117780717,70.46579493327204,71.59339199504909
383,71.12601919681205,66.3889408726855,70.8047417628961,71.57890644911332,70.6004708620181,70.48300120936916,71.60854577611414
384,71.14368995961118,66.42671974138075,70.8236062214204,71.61454605504345,70.6216906945683,70.50681641609616,71.62521577380433
385,71.1649589956821,66.45303534367115,70.84428866673342,71.63864858299661,70.66508847029037,70.68396436908677,71.64393226437177
386,71.18183587944564,66.47876284139136,70.86859630319701,71.66532833472377,70.68210071641272,70.70681355111864,71.66229371953408
387,71.20275826332312,66.50352720903852,70.89271641753287,71.68506684220033,70.69302220115621,70.72832227394338,71.67700600020036
388,71.2215427898714,66.52016170324357,70.9120741644262,71.70882790765258,70.72229845156944,70.75270534389527,71.6955961089169
389,71.23962199035255,66.53296936234028,70.93310494794626,71.72228792328261,70.73989032710996,70.77509191655625,71.71170288332017
390,71.26118681063079,66.54895434970591,70.95463047133796,71.74115295164353,70.75040700088442,70.7957760828007,71.72702931583791
391,71.28216090307824,66.56963789531578,70.97814833001854,71.76356852120789,70.7752648186489,70.81369773590028,71.74420797661917
392,71.30551790462789,66.59772767357957,70.99868462456728,71.78703416610105,70.79881562496237,70.84245513973002,71.75942235937022
393,71.33048860075245,66.62502174937921,71.01679105449766,71.80567675009699,70.82961440577488,70.85657670918533,71.79300551793519
394,71.3470517354393,66.64825182430462,71.03761520597254,71.83244294077663,70.84885570011497,70.87818317067625,71.80525196217522
395,71.37058668896864,66.6615425500418,71.05800100630675,71.851798294384,70.86869683944546,70.90256519250039,71.8172089413003
396,71.39019311579693,66.67937753296695,71.07589266595546,71.87030858712212,70.8908236982504,70.92485101177287,71.85099305294078
397,71.41009182635511,66.72233679579291,71.09578844309584,71.88670810954538,70.9123465673182,70.94316162468009,71.86762701590624
398,71.43342720052964,66.7413694229829,71.11558946800771,71.9094367676272,70.93422139105944,70.96581991791209,71.88262252541534
399,71.45315672843373,66.75665331932926,71.1341321346729,71.92718664212131,70.95675680083775,70.98599137828866,71.89601664685915
400,71.4753075149429,66.77396079121664,71.15664224099908,71.94640813913593,70.97639504137636,71.00881885436374,71.91368874730355
401,71.49583201891684,66.78810118403204,71.18085485054011,71.96750723841481,70.99895153283387,71.0245663022862,71.93351797266106
402,71.51501766755415,66.80527863991989,71.20179432382812,71.98783658904708,71.01113864332162,71.04378341103289,71.95389573560495
403,71.5338906219423,66.83442705726871,71.22055456224479,72.01224420075891,71.03364558649534,71.06483802401875,71.96826304344482
404,71.55404766246961,66.84848191531003,71.24124219916754,72.02969080138008,71.05211283252474,71.0864585810762,71.98472878445985
405,71.57426738776661,66.87028230519437,71.26235746291407,72.05066633090871,71.07153273251062,71.1058542175889,72.0032668666995
406,71.59566433146803,66.8892872417619,71.2857867625924,72.07390614925782,71.1015242484861,71.12468019978607,72.02046537340811
407,71.62263787582647,66.90908024465485,71.31488754367746,72.10331494191657,71.12895801080045,71.15555215711443,72.04059579746553
408,71.6425117487509,66.92679881460495,71.33699964101181,72.12218949810416,71.15003690689355,71.17736717741906,72.0552505969748
409,71.66886835432557,66.94806017720953,71.35798503808044,72.15462706756496,71.17835870086193,71.19859690617886,72.07364867028491
410,71.6916544324099,66.97654067090525,71.3793367233566,72.1788611459431,71.19933644960439,71.2230783771728,72.08856251309243
411,71.7102470482425,67.00560526782593,71.39933409676321,72.20217215233903,71.22574534399547,71.24656788754564,72.11400994503354
412,71.73075293958004,67.0576755533792,71.41777789296673,72.21983372051146,71.2468981786598,71.27397220909192,72.134992439922
413,71.75631737722917,67.0756973707177,71.44355494008323,72.24561094606123,71.26438288685398,71.30313326137912,72.15059240249568
414,71.77518685702387,67.10071734262586,71.46178270108031,72.26638715027096,71.29196773496857,71.32783781122134,72.16538082044579
415,71.79609875881924,67.13454457554718,71.48388057574873,72.28973877985712,71.31179909729515,71.34636946463881,72.18255326945396
416,71.80931305579982,67.17057239870965,71.5011805251254,72.31514803509418,71.47281107722917,71.36604035820427,72.2041344787389
417,71.82879808070881,67.18708399647629,71.52242140080622,72.3398619054681,71.50123756710971,71.38692057899651,72.2178358131024
418,71.85392650158393,67.20658831546959,71.54488554861462,72.3645145278917,71.51875900599593,71.41339164120548,72.23483970831575
419,71.87621807747948,67.23146420134192,71.5635374839885,72.38206886149315,71.54424643648511,71.42836465276375,72.251527941542
420,71.90249399074627,67.25067965491392,71.59758973032059,72.40637296243197,71.59454321431637,71.45051291179092,72.26958217674334
421,71.91987503639851,67.28068526213954,71.61755830837753,72.43129958549405,71.61380200697171,71.47444532149936,72.28507185252214
422,71.93592946717884,67.31164545381486,71.6403506500048,72.45493634736505,71.63349380513836,71.4956689942371,72.29803765231625
423,71.95445700917179,67.3376975888663,71.66262663219625,72.48014828234867,71.66350622923696,71.51675853049329,72.31708484329961
424,72.01621218271056,67.35405959250718,71.68200481646217,72.50007336580303,71.6851990610364,71.53728993480408,72.33330108071512
425,72.03871242737351,67.39251445569444,71.70147854760708,72.51958772038925,71.75358369229126,71.56331023891282,72.35631064512602
426,72.05796354452157,67.41985326527498,71.72271574940363,72.53677400461964,71.7708067186646,71.58723990632467,72.37317385782762
427,72.07833127791251,67.44364893006757,71.74468231886833,72.5586984804181,71.7891434501252,71.60996809279871,72.39154197723786
428,72.09677949594888,67.47271090467828,71.79556313838867,72.58100102166293,71.80770869067784,71.63188887628812,72.4051076365293
429,72.12198448484976,67.49483268629076,71.81880028665515,72.60489191872267,71.8245081990539,71.66598072830517,72.4225055333889
430,72.18249091723507,67.51582168423634,71.83943801870745,72.62406206597785,71.84514233447116,71.68719124432049,72.44198919964491
431,72.20281601286953,67.5393638069927,71.86226642873166,72.64283556720797,71.8698158427494,71.70691219527514,72.45882851225217
432,72.22253457471527,67.5628035158579,71.88132120238443,72.65873896461771,71.89179091138666,71.73131265976158,72.56618532729689
433,72.24239864783425,67.59573050088686,71.90082883187601,72.67819163856375,71.91133792064645,71.75402438873333,72.5843934816669
434,72.26024002966116,67.61394624487411,71.92325878370403,72.70043903399464,71.93413259180582,71.86372984088099,72.6372420046766
435,72.28149810934383,67.63193022401197,71.94162389474825,72.72477670280801,71.9552812205925,71.8834796619224,72.65856512827372
436,72.30197163716349,67.65433679592871,71.95471990276315,72.75804465919117,71.97576866564816,71.91279158829097,72.67690106759922
437,72.32584811834349,67.68542056131356,71.97912259953138,72.79707974274787,71.99474113091868,71.93521027638056,72.69231476208023
438,72.34281157552239,67.7011642635094,71.99890042917974,72.82384090911513,72.01141074426874,71.95608497777296,72.72097643389505
439,72.3606022815884,67.71936504216622,72.02405590314002,72.84789624850785,72.03933899513466,71.97687560154263,72.75087080387337
440,72.38282546255347,67.7404204952492,72.04495361401398,72.87183996917071,72.0832882159591,72.00045156273463,72.77125749405822
441,72.4083448375682,67.75561816648012,72.06625177354363,72.89749970069295,72.11032551115488,72.02102428747655,72.8082394992052
442,72.43223611732257,67.77731183688152,72.08962168169602,72.92136605118137,72.12887139026944,72.04659854133435,72.82463519380256
443,72.45152889587374,67.80490224984224,72.10858954827609,72.94213303987603,72.15072118516849,72.06730290540523,72.84718491438134
444,72.4698319680801,67.82601704412814,72.1348747117264,72.97883088164559,72.17663516318699,72.09296056911415,72.87745788484821
445,72.49250843710472,67.83683321771358,72.1564535696665,73.00073067021769,72.19735012155847,72.11014851276715,72.90542386310342
446,72.6341057423166,67.85956004498851,72.191518564506,73.02743560782125,72.21848586741326,72.14326225041748,72.92994511137664
447,72.65029897410926,67.88024824578385,72.2198097730711,73.04810429957553,72.24286337438514,72.17118245879708,72.95333961465408
448,72.66968512040305,67.89591767633007,72.24292263049949,73.0692829232841,72.26736304937464,72.189000555408,72.97033086601772
449,72.68634846502444,67.9196036229062,72.27094950570286,73.08605004972326,72.28732008517565,72.2183742802624,72.98919454923995
450,72.70807839694884,67.93459416978324,72.32173730943337,73.11453059054035,72.30612018355016,72.24938257678502,73.01036116506806
451,72.72769833440924,67.96557999119055,72.3392083282135,73.13896241744108,72.33286886289375,72.27121565141167,73.02865650385792
452,72.74634775404452,67.98157819775471,72.37023032633927,73.15743711861512,72.35887626339213,72.29121597116513,73.04654327197449
453,72.76552571747989,68.00089593288851,72.39495338909887,73.1923277395342,72.38083536600902,72.32265300174402,73.06507029232505
454,72.78263283219644,68.01711683698832,72.41721894099759,73.21693712208662,72.40515388419844,72.35705441853617,73.0874366799183
455,72.80371825978764,68.03597920154367,72.4437784602125,73.26239845407123,72.4319961146315,72.39816090616831,73.10809653576479
456,72.82316898576659,68.05810754911202,72.47136803587209,73.28805750340868,72.44861468111627,72.41973340013038,73.12625411238692
457,72.84754654629548,68.08827111698825,72.49986770072012,73.31164524005771,72.47506642311569,72.44504036154127,73.14502705267276
458,72.86639515213317,68.10802060688708,72.52267688156249,73.33836770532209,72.49620259215509,72.46269124720793,73.16637844875868
459,72.88327177928468,68.13180310292086,72.54473626305833,73.36495909786095,72.51747493402172,72.48957292153676,73.18852183779983
460,72.904191461815,68.14769111229258,72.57323155179074,73.39226673953496,72.53361303609192,72.50878648517833,73.32005418411424
461,72.92591055283985,68.16351978014707,72.59440148849518,73.41040745798793,72.55599478093649,72.53397612017598,73.33944770617312
462,72.94396844054853,68.17876067065149,72.62321711522522,73.43247169245028,72.57540458028153,72.55478907770608,73.36432030074806
463,72.96687289122204,68.20716318327909,72.64614800914048,73.45346455799024,72.59757147402053,72.57567988755778,73.38489771794947
464,73.01183425843475,68.23701319476417,72.66748355422541,73.47443477858444,72.61376121448109,72.59703975628918,73.40112010567866
465,73.03397305881677,68.2543330551494,72.69262457851225,73.50065414150606,72.63208240986962,72.62226165761194,73.4221781765642
466,73.05294011824874,68.27928408299165,72.71217046537356,73.53252201635124,72.6583536487483,72.64151097543821,73.45038384700285
467,73.07746437060104,68.29276947051419,72.73153394831377,73.55294653398693,72.68620391914992,72.67041961690767,73.4744712603761
468,73.0991896396477,68.32576722040008,72.75576141325321,73.57205370525702,72.70678762674838,72.69075416364697,73.50902037301336
469,73.12152422000038,68.34594722762743,72.77712676868266,73.5945332716663,72.72498715357608,72.71678666191845,73.52848577406547
470,73.15044962540395,68.36733877998195,72.80196516441482,73.61778724256983,72.74553766839686,72.73699637739739,73.54778751153518
471,73.17014582253621,68.38429088968043,72.83085233846377,73.64506827397635,72.7628722719401,72.75557778259954,73.58836581054409
472,73.34012506448454,68.40951780048118,72.85307260393333,73.66550149056107,72.7837624931259,72.77952827201658,73.60969763254138
473,73.36548765187904,68.42798482850753,72.87642119077869,73.68679420092565,72.80185953110595,72.80057452919601,73.62708305563808
474,73.39648397989848,68.44611422391674,72.89395824257181,73.71493665631047,72.82311303305163,72.82660617264818,73.65125710937401
475,73.41531235418394,68.4689036589043,72.91682457818133,73.73845175679598,72.84562628769491,72.85200639488852,73.67424745317187
476,73.44046314613954,68.48822128774371,72.94190909973031,73.75953420944896,72.86258621374888,72.87602685727501,73.69161389448844
477,73.46751509568107,68.5068982425683,72.96404647983465,73.7773524553263,72.88169091338301,72.89774741237527,73.71245975081277
478,73.498294678127,68.52528624172082,73.02459882194199,73.79917113790258,72.90131560599934,72.91889762832591,73.73438123832892
479,73.53326185605246,68.54752683909652,73.0502128088827,73.82793380825386,72.91560870670885,72.93627664422647,73.75780920795864
480,73.55430201163848,68.56309535499211,73.06625885872407,73.84622316477869,72.94226999892781,72.9601671722797,73.78152725211898
481,73.5737825157705,68.58177523267213,73.0916226922075,73.87281843773353,72.96183938860098,72.98105218312696,73.80402640535695
482,73.59847273946839,68.5979121385055,73.10754682452368,73.9109401392783,72.97729235676647,72.99603370837993,73.82003892038172
483,73.61903829777225,68.61935582973268,73.12557922362177,73.92390807117953,72.99924844399615,73.0205586424802,73.8424761377964
484,73.64457204966084,68.64108623205414,73.14912042577855,73.94219987244911,73.02059416620126,73.03846503464594,73.86446319041832
485,73.66403277250028,68.65893675375482,73.18973320222747,73.96014669674268,73.04640064035448,73.06686630974876,73.88817749899115
486,73.68308805632151,68.67954081636906,73.2084721739358,73.98276245161277,73.06986622034452,73.08937414087133,73.91413148971264
487,73.70561268553185,68.70424590771457,73.22696021006924,74.00355130316673,73.08922639538918,73.10878881088297,73.93967314473566
488,73.72856221484885,68.72280702733772,73.25594185573081,74.0298897610577,73.1093962553717,73.12856571503472,73.96385448102139
489,73.75062113613473,68.74257623155029,73.2805678275551,74.05343198265363,73.12731848652287,73.1458863392303,73.98522750097236
490,73.76947850251658,68.76212886465812,73.29899500199178,74.08892024201519,73.15259097875183,73.16423409525558,74.00797376645946
491,73.79461511884423,68.77784980169372,73.32430613171462,74.11228512644898,73.1747077506671,73.18641116925461,74.02759051636478
492,73.81449910918026,68.79494584107293,73.34445700119004,74.13975617364773,73.19308540569406,73.20827528486727,74.04637649241094
493,73.8381861736421,68.81128287084981,73.36636715867724,74.16950233012611,73.21383866945743,73.22990806491178,74.0670671755493
494,73.86053406384023,68.82868450579284,73.3956553336755,74.19071883419822,73.2347511869821,73.24753178643408,74.09250725907282
495,73.88250932261496,68.847704122184,73.41846135835281,74.2131143948854,73.25586133314928,73.27255574349455,74.12284441330956
496,73.89582315461976,68.8741616312506,73.44456275874614,74.23821516863075,73.2802873714761,73.29302644125487,74.14524744416867
497,73.92304568826239,68.89319845073516,73.467652003412,74.25872795163053,73.30345537292791,73.31032196256419,74.16066284045657
498,73.94409307848748,68.90970669344497,73.48880535769077,74.27896950537522,73.32331812198876,73.3333632883849,74.18737101035997
499,73.96691231319247,68.93103995407763,73.53247326591071,74.30992378311696,73.34383384142323,73.35719264721978,74.20688169915796
